{
  "type": "FeatureCollection",
  "features": [
    {
      "type": "Feature",
      "properties": {
        "css": [
          "ward-gate"
        ],
        "name": "群贤 西坊门",
        "description": "群贤 | 西坊门 | 位于西侧坊墙正中；连接坊内东西横街。",
        "_elementType": "rect"
      },
      "geometry": {
        "type": "Polygon",
        "coordinates": [
          [
            [
              108.883544,
              34.250559
            ],
            [
              108.88391,
              34.250559
            ],
            [
              108.88391,
              34.250082
            ],
            [
              108.883544,
              34.250082
            ],
            [
              108.883544,
              34.250559
            ]
          ]
        ]
      }
    },
    {
      "type": "Feature",
      "properties": {
        "css": [
          "ward-gate"
        ],
        "name": "群贤 东坊门",
        "description": "群贤 | 东坊门 | 位于东侧坊墙正中；连接坊内东西横街。",
        "_elementType": "rect"
      },
      "geometry": {
        "type": "Polygon",
        "coordinates": [
          [
            [
              108.895528,
              34.250559
            ],
            [
              108.895894,
              34.250559
            ],
            [
              108.895894,
              34.250082
            ],
            [
              108.895528,
              34.250082
            ],
            [
              108.895528,
              34.250559
            ]
          ]
        ]
      }
    },
    {
      "type": "Feature",
      "properties": {
        "css": [
          "ward-gate"
        ],
        "name": "群贤 南坊门",
        "description": "群贤 | 南坊门 | 位于南侧坊墙正中；连接坊内南北街。",
        "_elementType": "rect"
      },
      "geometry": {
        "type": "Polygon",
        "coordinates": [
          [
            [
              108.889428,
              34.248174
            ],
            [
              108.89001,
              34.248174
            ],
            [
              108.89001,
              34.247873
            ],
            [
              108.889428,
              34.247873
            ],
            [
              108.889428,
              34.248174
            ]
          ]
        ]
      }
    },
    {
      "type": "Feature",
      "properties": {
        "css": [
          "ward-gate"
        ],
        "name": "群贤 北坊门",
        "description": "群贤 | 北坊门 | 位于北侧坊墙正中；连接坊内南北街。",
        "_elementType": "rect"
      },
      "geometry": {
        "type": "Polygon",
        "coordinates": [
          [
            [
              108.889428,
              34.252767
            ],
            [
              108.89001,
              34.252767
            ],
            [
              108.89001,
              34.252467
            ],
            [
              108.889428,
              34.252467
            ],
            [
              108.889428,
              34.252767
            ]
          ]
        ]
      }
    },
    {
      "type": "Feature",
      "properties": {
        "css": [
          "ward-gate"
        ],
        "name": "延寿 西坊门",
        "description": "延寿 | 西坊门 | 位于西侧坊墙正中；连接坊内东西横街。",
        "_elementType": "rect"
      },
      "geometry": {
        "type": "Polygon",
        "coordinates": [
          [
            [
              108.908062,
              34.250559
            ],
            [
              108.908428,
              34.250559
            ],
            [
              108.908428,
              34.250082
            ],
            [
              108.908062,
              34.250082
            ],
            [
              108.908062,
              34.250559
            ]
          ]
        ]
      }
    },
    {
      "type": "Feature",
      "properties": {
        "css": [
          "ward-gate"
        ],
        "name": "延寿 东坊门",
        "description": "延寿 | 东坊门 | 位于东侧坊墙正中；连接坊内东西横街。",
        "_elementType": "rect"
      },
      "geometry": {
        "type": "Polygon",
        "coordinates": [
          [
            [
              108.919054,
              34.250559
            ],
            [
              108.919421,
              34.250559
            ],
            [
              108.919421,
              34.250082
            ],
            [
              108.919054,
              34.250082
            ],
            [
              108.919054,
              34.250559
            ]
          ]
        ]
      }
    },
    {
      "type": "Feature",
      "properties": {
        "css": [
          "ward-gate"
        ],
        "name": "延寿 南坊门",
        "description": "延寿 | 南坊门 | 位于南侧坊墙正中；连接坊内南北街。",
        "_elementType": "rect"
      },
      "geometry": {
        "type": "Polygon",
        "coordinates": [
          [
            [
              108.91345,
              34.248174
            ],
            [
              108.914032,
              34.248174
            ],
            [
              108.914032,
              34.247873
            ],
            [
              108.91345,
              34.247873
            ],
            [
              108.91345,
              34.248174
            ]
          ]
        ]
      }
    },
    {
      "type": "Feature",
      "properties": {
        "css": [
          "ward-gate"
        ],
        "name": "延寿 北坊门",
        "description": "延寿 | 北坊门 | 位于北侧坊墙正中；连接坊内南北街。",
        "_elementType": "rect"
      },
      "geometry": {
        "type": "Polygon",
        "coordinates": [
          [
            [
              108.91345,
              34.252767
            ],
            [
              108.914032,
              34.252767
            ],
            [
              108.914032,
              34.252467
            ],
            [
              108.91345,
              34.252467
            ],
            [
              108.91345,
              34.252767
            ]
          ]
        ]
      }
    },
    {
      "type": "Feature",
      "properties": {
        "css": [
          "ward-gate"
        ],
        "name": "太平 西坊门",
        "description": "太平 | 西坊门 | 位于西侧坊墙正中；连接坊内东西横街。",
        "_elementType": "rect"
      },
      "geometry": {
        "type": "Polygon",
        "coordinates": [
          [
            [
              108.920218,
              34.250559
            ],
            [
              108.920585,
              34.250559
            ],
            [
              108.920585,
              34.250082
            ],
            [
              108.920218,
              34.250082
            ],
            [
              108.920218,
              34.250559
            ]
          ]
        ]
      }
    },
    {
      "type": "Feature",
      "properties": {
        "css": [
          "ward-gate"
        ],
        "name": "太平 东坊门",
        "description": "太平 | 东坊门 | 位于东侧坊墙正中；连接坊内东西横街。",
        "_elementType": "rect"
      },
      "geometry": {
        "type": "Polygon",
        "coordinates": [
          [
            [
              108.927579,
              34.250559
            ],
            [
              108.927946,
              34.250559
            ],
            [
              108.927946,
              34.250082
            ],
            [
              108.927579,
              34.250082
            ],
            [
              108.927579,
              34.250559
            ]
          ]
        ]
      }
    },
    {
      "type": "Feature",
      "properties": {
        "css": [
          "ward-gate"
        ],
        "name": "善和 西坊门",
        "description": "善和 | 西坊门 | 位于西侧坊墙正中；连接坊内东西横街。",
        "_elementType": "rect"
      },
      "geometry": {
        "type": "Polygon",
        "coordinates": [
          [
            [
              108.928258,
              34.250559
            ],
            [
              108.928625,
              34.250559
            ],
            [
              108.928625,
              34.250082
            ],
            [
              108.928258,
              34.250082
            ],
            [
              108.928258,
              34.250559
            ]
          ]
        ]
      }
    },
    {
      "type": "Feature",
      "properties": {
        "css": [
          "ward-gate"
        ],
        "name": "善和 东坊门",
        "description": "善和 | 东坊门 | 位于东侧坊墙正中；连接坊内东西横街。",
        "_elementType": "rect"
      },
      "geometry": {
        "type": "Polygon",
        "coordinates": [
          [
            [
              108.934272,
              34.250559
            ],
            [
              108.934638,
              34.250559
            ],
            [
              108.934638,
              34.250082
            ],
            [
              108.934272,
              34.250082
            ],
            [
              108.934272,
              34.250559
            ]
          ]
        ]
      }
    },
    {
      "type": "Feature",
      "properties": {
        "css": [
          "ward-gate"
        ],
        "name": "兴道 西坊门",
        "description": "兴道 | 西坊门 | 位于西侧坊墙正中；连接坊内东西横街。",
        "_elementType": "rect"
      },
      "geometry": {
        "type": "Polygon",
        "coordinates": [
          [
            [
              108.935942,
              34.250559
            ],
            [
              108.936309,
              34.250559
            ],
            [
              108.936309,
              34.250082
            ],
            [
              108.935942,
              34.250082
            ],
            [
              108.935942,
              34.250559
            ]
          ]
        ]
      }
    },
    {
      "type": "Feature",
      "properties": {
        "css": [
          "ward-gate"
        ],
        "name": "兴道 东坊门",
        "description": "兴道 | 东坊门 | 位于东侧坊墙正中；连接坊内东西横街。",
        "_elementType": "rect"
      },
      "geometry": {
        "type": "Polygon",
        "coordinates": [
          [
            [
              108.941999,
              34.250559
            ],
            [
              108.942365,
              34.250559
            ],
            [
              108.942365,
              34.250082
            ],
            [
              108.941999,
              34.250082
            ],
            [
              108.941999,
              34.250559
            ]
          ]
        ]
      }
    },
    {
      "type": "Feature",
      "properties": {
        "css": [
          "ward-gate"
        ],
        "name": "务本 西坊门",
        "description": "务本 | 西坊门 | 位于西侧坊墙正中；连接坊内东西横街。",
        "_elementType": "rect"
      },
      "geometry": {
        "type": "Polygon",
        "coordinates": [
          [
            [
              108.942721,
              34.250559
            ],
            [
              108.943087,
              34.250559
            ],
            [
              108.943087,
              34.250082
            ],
            [
              108.942721,
              34.250082
            ],
            [
              108.942721,
              34.250559
            ]
          ]
        ]
      }
    },
    {
      "type": "Feature",
      "properties": {
        "css": [
          "ward-gate"
        ],
        "name": "务本 东坊门",
        "description": "务本 | 东坊门 | 位于东侧坊墙正中；连接坊内东西横街。",
        "_elementType": "rect"
      },
      "geometry": {
        "type": "Polygon",
        "coordinates": [
          [
            [
              108.950265,
              34.250559
            ],
            [
              108.950631,
              34.250559
            ],
            [
              108.950631,
              34.250082
            ],
            [
              108.950265,
              34.250082
            ],
            [
              108.950265,
              34.250559
            ]
          ]
        ]
      }
    },
    {
      "type": "Feature",
      "properties": {
        "css": [
          "ward-gate"
        ],
        "name": "平康 西坊门",
        "description": "平康 | 西坊门 | 位于西侧坊墙正中；连接坊内东西横街。",
        "_elementType": "rect"
      },
      "geometry": {
        "type": "Polygon",
        "coordinates": [
          [
            [
              108.951709,
              34.250559
            ],
            [
              108.952076,
              34.250559
            ],
            [
              108.952076,
              34.250082
            ],
            [
              108.951709,
              34.250082
            ],
            [
              108.951709,
              34.250559
            ]
          ]
        ]
      }
    },
    {
      "type": "Feature",
      "properties": {
        "css": [
          "ward-gate"
        ],
        "name": "平康 东坊门",
        "description": "平康 | 东坊门 | 位于东侧坊墙正中；连接坊内东西横街。",
        "_elementType": "rect"
      },
      "geometry": {
        "type": "Polygon",
        "coordinates": [
          [
            [
              108.962723,
              34.250559
            ],
            [
              108.96309,
              34.250559
            ],
            [
              108.96309,
              34.250082
            ],
            [
              108.962723,
              34.250082
            ],
            [
              108.962723,
              34.250559
            ]
          ]
        ]
      }
    },
    {
      "type": "Feature",
      "properties": {
        "css": [
          "ward-gate"
        ],
        "name": "平康 南坊门",
        "description": "平康 | 南坊门 | 位于南侧坊墙正中；连接坊内南北街。",
        "_elementType": "rect"
      },
      "geometry": {
        "type": "Polygon",
        "coordinates": [
          [
            [
              108.957108,
              34.248174
            ],
            [
              108.95769,
              34.248174
            ],
            [
              108.95769,
              34.247873
            ],
            [
              108.957108,
              34.247873
            ],
            [
              108.957108,
              34.248174
            ]
          ]
        ]
      }
    },
    {
      "type": "Feature",
      "properties": {
        "css": [
          "ward-gate"
        ],
        "name": "平康 北坊门",
        "description": "平康 | 北坊门 | 位于北侧坊墙正中；连接坊内南北街。",
        "_elementType": "rect"
      },
      "geometry": {
        "type": "Polygon",
        "coordinates": [
          [
            [
              108.957108,
              34.252767
            ],
            [
              108.95769,
              34.252767
            ],
            [
              108.95769,
              34.252467
            ],
            [
              108.957108,
              34.252467
            ],
            [
              108.957108,
              34.252767
            ]
          ]
        ]
      }
    },
    {
      "type": "Feature",
      "properties": {
        "css": [
          "ward-gate"
        ],
        "name": "道政 西坊门",
        "description": "道政 | 西坊门 | 位于西侧坊墙正中；连接坊内东西横街。",
        "_elementType": "rect"
      },
      "geometry": {
        "type": "Polygon",
        "coordinates": [
          [
            [
              108.975613,
              34.250559
            ],
            [
              108.975979,
              34.250559
            ],
            [
              108.975979,
              34.250082
            ],
            [
              108.975613,
              34.250082
            ],
            [
              108.975613,
              34.250559
            ]
          ]
        ]
      }
    },
    {
      "type": "Feature",
      "properties": {
        "css": [
          "ward-gate"
        ],
        "name": "道政 东坊门",
        "description": "道政 | 东坊门 | 位于东侧坊墙正中；连接坊内东西横街。",
        "_elementType": "rect"
      },
      "geometry": {
        "type": "Polygon",
        "coordinates": [
          [
            [
              108.987629,
              34.250559
            ],
            [
              108.987996,
              34.250559
            ],
            [
              108.987996,
              34.250082
            ],
            [
              108.987629,
              34.250082
            ],
            [
              108.987629,
              34.250559
            ]
          ]
        ]
      }
    },
    {
      "type": "Feature",
      "properties": {
        "css": [
          "ward-gate"
        ],
        "name": "道政 南坊门",
        "description": "道政 | 南坊门 | 位于南侧坊墙正中；连接坊内南北街。",
        "_elementType": "rect"
      },
      "geometry": {
        "type": "Polygon",
        "coordinates": [
          [
            [
              108.981513,
              34.248174
            ],
            [
              108.982095,
              34.248174
            ],
            [
              108.982095,
              34.247873
            ],
            [
              108.981513,
              34.247873
            ],
            [
              108.981513,
              34.248174
            ]
          ]
        ]
      }
    },
    {
      "type": "Feature",
      "properties": {
        "css": [
          "ward-gate"
        ],
        "name": "道政 北坊门",
        "description": "道政 | 北坊门 | 位于北侧坊墙正中；连接坊内南北街。",
        "_elementType": "rect"
      },
      "geometry": {
        "type": "Polygon",
        "coordinates": [
          [
            [
              108.981513,
              34.252767
            ],
            [
              108.982095,
              34.252767
            ],
            [
              108.982095,
              34.252467
            ],
            [
              108.981513,
              34.252467
            ],
            [
              108.981513,
              34.252767
            ]
          ]
        ]
      }
    },
    {
      "type": "Feature",
      "properties": {
        "css": [
          "ward-gate"
        ],
        "name": "怀德 西坊门",
        "description": "怀德 | 西坊门 | 位于西侧坊墙正中；连接坊内东西横街。",
        "_elementType": "rect"
      },
      "geometry": {
        "type": "Polygon",
        "coordinates": [
          [
            [
              108.883544,
              34.245532
            ],
            [
              108.88391,
              34.245532
            ],
            [
              108.88391,
              34.245055
            ],
            [
              108.883544,
              34.245055
            ],
            [
              108.883544,
              34.245532
            ]
          ]
        ]
      }
    },
    {
      "type": "Feature",
      "properties": {
        "css": [
          "ward-gate"
        ],
        "name": "怀德 东坊门",
        "description": "怀德 | 东坊门 | 位于东侧坊墙正中；连接坊内东西横街。",
        "_elementType": "rect"
      },
      "geometry": {
        "type": "Polygon",
        "coordinates": [
          [
            [
              108.895528,
              34.245532
            ],
            [
              108.895894,
              34.245532
            ],
            [
              108.895894,
              34.245055
            ],
            [
              108.895528,
              34.245055
            ],
            [
              108.895528,
              34.245532
            ]
          ]
        ]
      }
    },
    {
      "type": "Feature",
      "properties": {
        "css": [
          "ward-gate"
        ],
        "name": "怀德 南坊门",
        "description": "怀德 | 南坊门 | 位于南侧坊墙正中；连接坊内南北街。",
        "_elementType": "rect"
      },
      "geometry": {
        "type": "Polygon",
        "coordinates": [
          [
            [
              108.889428,
              34.243103
            ],
            [
              108.89001,
              34.243103
            ],
            [
              108.89001,
              34.242803
            ],
            [
              108.889428,
              34.242803
            ],
            [
              108.889428,
              34.243103
            ]
          ]
        ]
      }
    },
    {
      "type": "Feature",
      "properties": {
        "css": [
          "ward-gate"
        ],
        "name": "怀德 北坊门",
        "description": "怀德 | 北坊门 | 位于北侧坊墙正中；连接坊内南北街。",
        "_elementType": "rect"
      },
      "geometry": {
        "type": "Polygon",
        "coordinates": [
          [
            [
              108.889428,
              34.247785
            ],
            [
              108.89001,
              34.247785
            ],
            [
              108.89001,
              34.247485
            ],
            [
              108.889428,
              34.247485
            ],
            [
              108.889428,
              34.247785
            ]
          ]
        ]
      }
    },
    {
      "type": "Feature",
      "properties": {
        "css": [
          "ward-gate"
        ],
        "name": "光德 西坊门",
        "description": "光德 | 西坊门 | 位于西侧坊墙正中；连接坊内东西横街。",
        "_elementType": "rect"
      },
      "geometry": {
        "type": "Polygon",
        "coordinates": [
          [
            [
              108.908062,
              34.245532
            ],
            [
              108.908428,
              34.245532
            ],
            [
              108.908428,
              34.245055
            ],
            [
              108.908062,
              34.245055
            ],
            [
              108.908062,
              34.245532
            ]
          ]
        ]
      }
    },
    {
      "type": "Feature",
      "properties": {
        "css": [
          "ward-gate"
        ],
        "name": "光德 东坊门",
        "description": "光德 | 东坊门 | 位于东侧坊墙正中；连接坊内东西横街。",
        "_elementType": "rect"
      },
      "geometry": {
        "type": "Polygon",
        "coordinates": [
          [
            [
              108.919054,
              34.245532
            ],
            [
              108.919421,
              34.245532
            ],
            [
              108.919421,
              34.245055
            ],
            [
              108.919054,
              34.245055
            ],
            [
              108.919054,
              34.245532
            ]
          ]
        ]
      }
    },
    {
      "type": "Feature",
      "properties": {
        "css": [
          "ward-gate"
        ],
        "name": "光德 南坊门",
        "description": "光德 | 南坊门 | 位于南侧坊墙正中；连接坊内南北街。",
        "_elementType": "rect"
      },
      "geometry": {
        "type": "Polygon",
        "coordinates": [
          [
            [
              108.91345,
              34.243103
            ],
            [
              108.914032,
              34.243103
            ],
            [
              108.914032,
              34.242803
            ],
            [
              108.91345,
              34.242803
            ],
            [
              108.91345,
              34.243103
            ]
          ]
        ]
      }
    },
    {
      "type": "Feature",
      "properties": {
        "css": [
          "ward-gate"
        ],
        "name": "光德 北坊门",
        "description": "光德 | 北坊门 | 位于北侧坊墙正中；连接坊内南北街。",
        "_elementType": "rect"
      },
      "geometry": {
        "type": "Polygon",
        "coordinates": [
          [
            [
              108.91345,
              34.247785
            ],
            [
              108.914032,
              34.247785
            ],
            [
              108.914032,
              34.247485
            ],
            [
              108.91345,
              34.247485
            ],
            [
              108.91345,
              34.247785
            ]
          ]
        ]
      }
    },
    {
      "type": "Feature",
      "properties": {
        "css": [
          "ward-gate"
        ],
        "name": "通义 西坊门",
        "description": "通义 | 西坊门 | 位于西侧坊墙正中；连接坊内东西横街。",
        "_elementType": "rect"
      },
      "geometry": {
        "type": "Polygon",
        "coordinates": [
          [
            [
              108.920218,
              34.245532
            ],
            [
              108.920585,
              34.245532
            ],
            [
              108.920585,
              34.245055
            ],
            [
              108.920218,
              34.245055
            ],
            [
              108.920218,
              34.245532
            ]
          ]
        ]
      }
    },
    {
      "type": "Feature",
      "properties": {
        "css": [
          "ward-gate"
        ],
        "name": "通义 东坊门",
        "description": "通义 | 东坊门 | 位于东侧坊墙正中；连接坊内东西横街。",
        "_elementType": "rect"
      },
      "geometry": {
        "type": "Polygon",
        "coordinates": [
          [
            [
              108.927579,
              34.245532
            ],
            [
              108.927946,
              34.245532
            ],
            [
              108.927946,
              34.245055
            ],
            [
              108.927579,
              34.245055
            ],
            [
              108.927579,
              34.245532
            ]
          ]
        ]
      }
    },
    {
      "type": "Feature",
      "properties": {
        "css": [
          "ward-gate"
        ],
        "name": "通化 西坊门",
        "description": "通化 | 西坊门 | 位于西侧坊墙正中；连接坊内东西横街。",
        "_elementType": "rect"
      },
      "geometry": {
        "type": "Polygon",
        "coordinates": [
          [
            [
              108.928258,
              34.245532
            ],
            [
              108.928625,
              34.245532
            ],
            [
              108.928625,
              34.245055
            ],
            [
              108.928258,
              34.245055
            ],
            [
              108.928258,
              34.245532
            ]
          ]
        ]
      }
    },
    {
      "type": "Feature",
      "properties": {
        "css": [
          "ward-gate"
        ],
        "name": "通化 东坊门",
        "description": "通化 | 东坊门 | 位于东侧坊墙正中；连接坊内东西横街。",
        "_elementType": "rect"
      },
      "geometry": {
        "type": "Polygon",
        "coordinates": [
          [
            [
              108.934272,
              34.245532
            ],
            [
              108.934638,
              34.245532
            ],
            [
              108.934638,
              34.245055
            ],
            [
              108.934272,
              34.245055
            ],
            [
              108.934272,
              34.245532
            ]
          ]
        ]
      }
    },
    {
      "type": "Feature",
      "properties": {
        "css": [
          "ward-gate"
        ],
        "name": "开化 西坊门",
        "description": "开化 | 西坊门 | 位于西侧坊墙正中；连接坊内东西横街。",
        "_elementType": "rect"
      },
      "geometry": {
        "type": "Polygon",
        "coordinates": [
          [
            [
              108.935942,
              34.245532
            ],
            [
              108.936309,
              34.245532
            ],
            [
              108.936309,
              34.245055
            ],
            [
              108.935942,
              34.245055
            ],
            [
              108.935942,
              34.245532
            ]
          ]
        ]
      }
    },
    {
      "type": "Feature",
      "properties": {
        "css": [
          "ward-gate"
        ],
        "name": "开化 东坊门",
        "description": "开化 | 东坊门 | 位于东侧坊墙正中；连接坊内东西横街。",
        "_elementType": "rect"
      },
      "geometry": {
        "type": "Polygon",
        "coordinates": [
          [
            [
              108.941999,
              34.245532
            ],
            [
              108.942365,
              34.245532
            ],
            [
              108.942365,
              34.245055
            ],
            [
              108.941999,
              34.245055
            ],
            [
              108.941999,
              34.245532
            ]
          ]
        ]
      }
    },
    {
      "type": "Feature",
      "properties": {
        "css": [
          "ward-gate"
        ],
        "name": "崇义 西坊门",
        "description": "崇义 | 西坊门 | 位于西侧坊墙正中；连接坊内东西横街。",
        "_elementType": "rect"
      },
      "geometry": {
        "type": "Polygon",
        "coordinates": [
          [
            [
              108.942721,
              34.245532
            ],
            [
              108.943087,
              34.245532
            ],
            [
              108.943087,
              34.245055
            ],
            [
              108.942721,
              34.245055
            ],
            [
              108.942721,
              34.245532
            ]
          ]
        ]
      }
    },
    {
      "type": "Feature",
      "properties": {
        "css": [
          "ward-gate"
        ],
        "name": "崇义 东坊门",
        "description": "崇义 | 东坊门 | 位于东侧坊墙正中；连接坊内东西横街。",
        "_elementType": "rect"
      },
      "geometry": {
        "type": "Polygon",
        "coordinates": [
          [
            [
              108.950265,
              34.245532
            ],
            [
              108.950631,
              34.245532
            ],
            [
              108.950631,
              34.245055
            ],
            [
              108.950265,
              34.245055
            ],
            [
              108.950265,
              34.245532
            ]
          ]
        ]
      }
    },
    {
      "type": "Feature",
      "properties": {
        "css": [
          "ward-gate"
        ],
        "name": "宣阳 西坊门",
        "description": "宣阳 | 西坊门 | 位于西侧坊墙正中；连接坊内东西横街。",
        "_elementType": "rect"
      },
      "geometry": {
        "type": "Polygon",
        "coordinates": [
          [
            [
              108.951709,
              34.245532
            ],
            [
              108.952076,
              34.245532
            ],
            [
              108.952076,
              34.245055
            ],
            [
              108.951709,
              34.245055
            ],
            [
              108.951709,
              34.245532
            ]
          ]
        ]
      }
    },
    {
      "type": "Feature",
      "properties": {
        "css": [
          "ward-gate"
        ],
        "name": "宣阳 东坊门",
        "description": "宣阳 | 东坊门 | 位于东侧坊墙正中；连接坊内东西横街。",
        "_elementType": "rect"
      },
      "geometry": {
        "type": "Polygon",
        "coordinates": [
          [
            [
              108.962723,
              34.245532
            ],
            [
              108.96309,
              34.245532
            ],
            [
              108.96309,
              34.245055
            ],
            [
              108.962723,
              34.245055
            ],
            [
              108.962723,
              34.245532
            ]
          ]
        ]
      }
    },
    {
      "type": "Feature",
      "properties": {
        "css": [
          "ward-gate"
        ],
        "name": "宣阳 南坊门",
        "description": "宣阳 | 南坊门 | 位于南侧坊墙正中；连接坊内南北街。",
        "_elementType": "rect"
      },
      "geometry": {
        "type": "Polygon",
        "coordinates": [
          [
            [
              108.957108,
              34.243103
            ],
            [
              108.95769,
              34.243103
            ],
            [
              108.95769,
              34.242803
            ],
            [
              108.957108,
              34.242803
            ],
            [
              108.957108,
              34.243103
            ]
          ]
        ]
      }
    },
    {
      "type": "Feature",
      "properties": {
        "css": [
          "ward-gate"
        ],
        "name": "宣阳 北坊门",
        "description": "宣阳 | 北坊门 | 位于北侧坊墙正中；连接坊内南北街。",
        "_elementType": "rect"
      },
      "geometry": {
        "type": "Polygon",
        "coordinates": [
          [
            [
              108.957108,
              34.247785
            ],
            [
              108.95769,
              34.247785
            ],
            [
              108.95769,
              34.247485
            ],
            [
              108.957108,
              34.247485
            ],
            [
              108.957108,
              34.247785
            ]
          ]
        ]
      }
    },
    {
      "type": "Feature",
      "properties": {
        "css": [
          "ward-gate"
        ],
        "name": "常乐 西坊门",
        "description": "常乐 | 西坊门 | 位于西侧坊墙正中；连接坊内东西横街。",
        "_elementType": "rect"
      },
      "geometry": {
        "type": "Polygon",
        "coordinates": [
          [
            [
              108.975613,
              34.245532
            ],
            [
              108.975979,
              34.245532
            ],
            [
              108.975979,
              34.245055
            ],
            [
              108.975613,
              34.245055
            ],
            [
              108.975613,
              34.245532
            ]
          ]
        ]
      }
    },
    {
      "type": "Feature",
      "properties": {
        "css": [
          "ward-gate"
        ],
        "name": "常乐 东坊门",
        "description": "常乐 | 东坊门 | 位于东侧坊墙正中；连接坊内东西横街。",
        "_elementType": "rect"
      },
      "geometry": {
        "type": "Polygon",
        "coordinates": [
          [
            [
              108.987629,
              34.245532
            ],
            [
              108.987996,
              34.245532
            ],
            [
              108.987996,
              34.245055
            ],
            [
              108.987629,
              34.245055
            ],
            [
              108.987629,
              34.245532
            ]
          ]
        ]
      }
    },
    {
      "type": "Feature",
      "properties": {
        "css": [
          "ward-gate"
        ],
        "name": "常乐 南坊门",
        "description": "常乐 | 南坊门 | 位于南侧坊墙正中；连接坊内南北街。",
        "_elementType": "rect"
      },
      "geometry": {
        "type": "Polygon",
        "coordinates": [
          [
            [
              108.981513,
              34.243103
            ],
            [
              108.982095,
              34.243103
            ],
            [
              108.982095,
              34.242803
            ],
            [
              108.981513,
              34.242803
            ],
            [
              108.981513,
              34.243103
            ]
          ]
        ]
      }
    },
    {
      "type": "Feature",
      "properties": {
        "css": [
          "ward-gate"
        ],
        "name": "常乐 北坊门",
        "description": "常乐 | 北坊门 | 位于北侧坊墙正中；连接坊内南北街。",
        "_elementType": "rect"
      },
      "geometry": {
        "type": "Polygon",
        "coordinates": [
          [
            [
              108.981513,
              34.247785
            ],
            [
              108.982095,
              34.247785
            ],
            [
              108.982095,
              34.247485
            ],
            [
              108.981513,
              34.247485
            ],
            [
              108.981513,
              34.247785
            ]
          ]
        ]
      }
    },
    {
      "type": "Feature",
      "properties": {
        "css": [
          "ward-gate"
        ],
        "name": "崇化 西坊门",
        "description": "崇化 | 西坊门 | 位于西侧坊墙正中；连接坊内东西横街。",
        "_elementType": "rect"
      },
      "geometry": {
        "type": "Polygon",
        "coordinates": [
          [
            [
              108.883544,
              34.240453
            ],
            [
              108.88391,
              34.240453
            ],
            [
              108.88391,
              34.239976
            ],
            [
              108.883544,
              34.239976
            ],
            [
              108.883544,
              34.240453
            ]
          ]
        ]
      }
    },
    {
      "type": "Feature",
      "properties": {
        "css": [
          "ward-gate"
        ],
        "name": "崇化 东坊门",
        "description": "崇化 | 东坊门 | 位于东侧坊墙正中；连接坊内东西横街。",
        "_elementType": "rect"
      },
      "geometry": {
        "type": "Polygon",
        "coordinates": [
          [
            [
              108.895528,
              34.240453
            ],
            [
              108.895894,
              34.240453
            ],
            [
              108.895894,
              34.239976
            ],
            [
              108.895528,
              34.239976
            ],
            [
              108.895528,
              34.240453
            ]
          ]
        ]
      }
    },
    {
      "type": "Feature",
      "properties": {
        "css": [
          "ward-gate"
        ],
        "name": "崇化 南坊门",
        "description": "崇化 | 南坊门 | 位于南侧坊墙正中；连接坊内南北街。",
        "_elementType": "rect"
      },
      "geometry": {
        "type": "Polygon",
        "coordinates": [
          [
            [
              108.889428,
              34.237979
            ],
            [
              108.89001,
              34.237979
            ],
            [
              108.89001,
              34.237679
            ],
            [
              108.889428,
              34.237679
            ],
            [
              108.889428,
              34.237979
            ]
          ]
        ]
      }
    },
    {
      "type": "Feature",
      "properties": {
        "css": [
          "ward-gate"
        ],
        "name": "崇化 北坊门",
        "description": "崇化 | 北坊门 | 位于北侧坊墙正中；连接坊内南北街。",
        "_elementType": "rect"
      },
      "geometry": {
        "type": "Polygon",
        "coordinates": [
          [
            [
              108.889428,
              34.24275
            ],
            [
              108.89001,
              34.24275
            ],
            [
              108.89001,
              34.242449
            ],
            [
              108.889428,
              34.242449
            ],
            [
              108.889428,
              34.24275
            ]
          ]
        ]
      }
    },
    {
      "type": "Feature",
      "properties": {
        "css": [
          "ward-gate"
        ],
        "name": "怀远 西坊门",
        "description": "怀远 | 西坊门 | 位于西侧坊墙正中；连接坊内东西横街。",
        "_elementType": "rect"
      },
      "geometry": {
        "type": "Polygon",
        "coordinates": [
          [
            [
              108.895981,
              34.240453
            ],
            [
              108.896347,
              34.240453
            ],
            [
              108.896347,
              34.239976
            ],
            [
              108.895981,
              34.239976
            ],
            [
              108.895981,
              34.240453
            ]
          ]
        ]
      }
    },
    {
      "type": "Feature",
      "properties": {
        "css": [
          "ward-gate"
        ],
        "name": "怀远 东坊门",
        "description": "怀远 | 东坊门 | 位于东侧坊墙正中；连接坊内东西横街。",
        "_elementType": "rect"
      },
      "geometry": {
        "type": "Polygon",
        "coordinates": [
          [
            [
              108.907383,
              34.240453
            ],
            [
              108.907749,
              34.240453
            ],
            [
              108.907749,
              34.239976
            ],
            [
              108.907383,
              34.239976
            ],
            [
              108.907383,
              34.240453
            ]
          ]
        ]
      }
    },
    {
      "type": "Feature",
      "properties": {
        "css": [
          "ward-gate"
        ],
        "name": "怀远 南坊门",
        "description": "怀远 | 南坊门 | 位于南侧坊墙正中；连接坊内南北街。",
        "_elementType": "rect"
      },
      "geometry": {
        "type": "Polygon",
        "coordinates": [
          [
            [
              108.901574,
              34.237979
            ],
            [
              108.902156,
              34.237979
            ],
            [
              108.902156,
              34.237679
            ],
            [
              108.901574,
              34.237679
            ],
            [
              108.901574,
              34.237979
            ]
          ]
        ]
      }
    },
    {
      "type": "Feature",
      "properties": {
        "css": [
          "ward-gate"
        ],
        "name": "怀远 北坊门",
        "description": "怀远 | 北坊门 | 位于北侧坊墙正中；连接坊内南北街。",
        "_elementType": "rect"
      },
      "geometry": {
        "type": "Polygon",
        "coordinates": [
          [
            [
              108.901574,
              34.24275
            ],
            [
              108.902156,
              34.24275
            ],
            [
              108.902156,
              34.242449
            ],
            [
              108.901574,
              34.242449
            ],
            [
              108.901574,
              34.24275
            ]
          ]
        ]
      }
    },
    {
      "type": "Feature",
      "properties": {
        "css": [
          "ward-gate"
        ],
        "name": "延康 西坊门",
        "description": "延康 | 西坊门 | 位于西侧坊墙正中；连接坊内东西横街。",
        "_elementType": "rect"
      },
      "geometry": {
        "type": "Polygon",
        "coordinates": [
          [
            [
              108.908062,
              34.240453
            ],
            [
              108.908428,
              34.240453
            ],
            [
              108.908428,
              34.239976
            ],
            [
              108.908062,
              34.239976
            ],
            [
              108.908062,
              34.240453
            ]
          ]
        ]
      }
    },
    {
      "type": "Feature",
      "properties": {
        "css": [
          "ward-gate"
        ],
        "name": "延康 东坊门",
        "description": "延康 | 东坊门 | 位于东侧坊墙正中；连接坊内东西横街。",
        "_elementType": "rect"
      },
      "geometry": {
        "type": "Polygon",
        "coordinates": [
          [
            [
              108.919054,
              34.240453
            ],
            [
              108.919421,
              34.240453
            ],
            [
              108.919421,
              34.239976
            ],
            [
              108.919054,
              34.239976
            ],
            [
              108.919054,
              34.240453
            ]
          ]
        ]
      }
    },
    {
      "type": "Feature",
      "properties": {
        "css": [
          "ward-gate"
        ],
        "name": "延康 南坊门",
        "description": "延康 | 南坊门 | 位于南侧坊墙正中；连接坊内南北街。",
        "_elementType": "rect"
      },
      "geometry": {
        "type": "Polygon",
        "coordinates": [
          [
            [
              108.91345,
              34.237979
            ],
            [
              108.914032,
              34.237979
            ],
            [
              108.914032,
              34.237679
            ],
            [
              108.91345,
              34.237679
            ],
            [
              108.91345,
              34.237979
            ]
          ]
        ]
      }
    },
    {
      "type": "Feature",
      "properties": {
        "css": [
          "ward-gate"
        ],
        "name": "延康 北坊门",
        "description": "延康 | 北坊门 | 位于北侧坊墙正中；连接坊内南北街。",
        "_elementType": "rect"
      },
      "geometry": {
        "type": "Polygon",
        "coordinates": [
          [
            [
              108.91345,
              34.24275
            ],
            [
              108.914032,
              34.24275
            ],
            [
              108.914032,
              34.242449
            ],
            [
              108.91345,
              34.242449
            ],
            [
              108.91345,
              34.24275
            ]
          ]
        ]
      }
    },
    {
      "type": "Feature",
      "properties": {
        "css": [
          "ward-gate"
        ],
        "name": "兴化 西坊门",
        "description": "兴化 | 西坊门 | 位于西侧坊墙正中；连接坊内东西横街。",
        "_elementType": "rect"
      },
      "geometry": {
        "type": "Polygon",
        "coordinates": [
          [
            [
              108.920218,
              34.240453
            ],
            [
              108.920585,
              34.240453
            ],
            [
              108.920585,
              34.239976
            ],
            [
              108.920218,
              34.239976
            ],
            [
              108.920218,
              34.240453
            ]
          ]
        ]
      }
    },
    {
      "type": "Feature",
      "properties": {
        "css": [
          "ward-gate"
        ],
        "name": "兴化 东坊门",
        "description": "兴化 | 东坊门 | 位于东侧坊墙正中；连接坊内东西横街。",
        "_elementType": "rect"
      },
      "geometry": {
        "type": "Polygon",
        "coordinates": [
          [
            [
              108.927579,
              34.240453
            ],
            [
              108.927946,
              34.240453
            ],
            [
              108.927946,
              34.239976
            ],
            [
              108.927579,
              34.239976
            ],
            [
              108.927579,
              34.240453
            ]
          ]
        ]
      }
    },
    {
      "type": "Feature",
      "properties": {
        "css": [
          "ward-gate"
        ],
        "name": "丰乐 西坊门",
        "description": "丰乐 | 西坊门 | 位于西侧坊墙正中；连接坊内东西横街。",
        "_elementType": "rect"
      },
      "geometry": {
        "type": "Polygon",
        "coordinates": [
          [
            [
              108.928258,
              34.240453
            ],
            [
              108.928625,
              34.240453
            ],
            [
              108.928625,
              34.239976
            ],
            [
              108.928258,
              34.239976
            ],
            [
              108.928258,
              34.240453
            ]
          ]
        ]
      }
    },
    {
      "type": "Feature",
      "properties": {
        "css": [
          "ward-gate"
        ],
        "name": "丰乐 东坊门",
        "description": "丰乐 | 东坊门 | 位于东侧坊墙正中；连接坊内东西横街。",
        "_elementType": "rect"
      },
      "geometry": {
        "type": "Polygon",
        "coordinates": [
          [
            [
              108.934272,
              34.240453
            ],
            [
              108.934638,
              34.240453
            ],
            [
              108.934638,
              34.239976
            ],
            [
              108.934272,
              34.239976
            ],
            [
              108.934272,
              34.240453
            ]
          ]
        ]
      }
    },
    {
      "type": "Feature",
      "properties": {
        "css": [
          "ward-gate"
        ],
        "name": "安仁 西坊门",
        "description": "安仁 | 西坊门 | 位于西侧坊墙正中；连接坊内东西横街。",
        "_elementType": "rect"
      },
      "geometry": {
        "type": "Polygon",
        "coordinates": [
          [
            [
              108.935942,
              34.240453
            ],
            [
              108.936309,
              34.240453
            ],
            [
              108.936309,
              34.239976
            ],
            [
              108.935942,
              34.239976
            ],
            [
              108.935942,
              34.240453
            ]
          ]
        ]
      }
    },
    {
      "type": "Feature",
      "properties": {
        "css": [
          "ward-gate"
        ],
        "name": "安仁 东坊门",
        "description": "安仁 | 东坊门 | 位于东侧坊墙正中；连接坊内东西横街。",
        "_elementType": "rect"
      },
      "geometry": {
        "type": "Polygon",
        "coordinates": [
          [
            [
              108.941999,
              34.240453
            ],
            [
              108.942365,
              34.240453
            ],
            [
              108.942365,
              34.239976
            ],
            [
              108.941999,
              34.239976
            ],
            [
              108.941999,
              34.240453
            ]
          ]
        ]
      }
    },
    {
      "type": "Feature",
      "properties": {
        "css": [
          "ward-gate"
        ],
        "name": "长兴 西坊门",
        "description": "长兴 | 西坊门 | 位于西侧坊墙正中；连接坊内东西横街。",
        "_elementType": "rect"
      },
      "geometry": {
        "type": "Polygon",
        "coordinates": [
          [
            [
              108.942721,
              34.240453
            ],
            [
              108.943087,
              34.240453
            ],
            [
              108.943087,
              34.239976
            ],
            [
              108.942721,
              34.239976
            ],
            [
              108.942721,
              34.240453
            ]
          ]
        ]
      }
    },
    {
      "type": "Feature",
      "properties": {
        "css": [
          "ward-gate"
        ],
        "name": "长兴 东坊门",
        "description": "长兴 | 东坊门 | 位于东侧坊墙正中；连接坊内东西横街。",
        "_elementType": "rect"
      },
      "geometry": {
        "type": "Polygon",
        "coordinates": [
          [
            [
              108.950265,
              34.240453
            ],
            [
              108.950631,
              34.240453
            ],
            [
              108.950631,
              34.239976
            ],
            [
              108.950265,
              34.239976
            ],
            [
              108.950265,
              34.240453
            ]
          ]
        ]
      }
    },
    {
      "type": "Feature",
      "properties": {
        "css": [
          "ward-gate"
        ],
        "name": "亲仁 西坊门",
        "description": "亲仁 | 西坊门 | 位于西侧坊墙正中；连接坊内东西横街。",
        "_elementType": "rect"
      },
      "geometry": {
        "type": "Polygon",
        "coordinates": [
          [
            [
              108.951709,
              34.240453
            ],
            [
              108.952076,
              34.240453
            ],
            [
              108.952076,
              34.239976
            ],
            [
              108.951709,
              34.239976
            ],
            [
              108.951709,
              34.240453
            ]
          ]
        ]
      }
    },
    {
      "type": "Feature",
      "properties": {
        "css": [
          "ward-gate"
        ],
        "name": "亲仁 东坊门",
        "description": "亲仁 | 东坊门 | 位于东侧坊墙正中；连接坊内东西横街。",
        "_elementType": "rect"
      },
      "geometry": {
        "type": "Polygon",
        "coordinates": [
          [
            [
              108.962723,
              34.240453
            ],
            [
              108.96309,
              34.240453
            ],
            [
              108.96309,
              34.239976
            ],
            [
              108.962723,
              34.239976
            ],
            [
              108.962723,
              34.240453
            ]
          ]
        ]
      }
    },
    {
      "type": "Feature",
      "properties": {
        "css": [
          "ward-gate"
        ],
        "name": "亲仁 南坊门",
        "description": "亲仁 | 南坊门 | 位于南侧坊墙正中；连接坊内南北街。",
        "_elementType": "rect"
      },
      "geometry": {
        "type": "Polygon",
        "coordinates": [
          [
            [
              108.957108,
              34.237979
            ],
            [
              108.95769,
              34.237979
            ],
            [
              108.95769,
              34.237679
            ],
            [
              108.957108,
              34.237679
            ],
            [
              108.957108,
              34.237979
            ]
          ]
        ]
      }
    },
    {
      "type": "Feature",
      "properties": {
        "css": [
          "ward-gate"
        ],
        "name": "亲仁 北坊门",
        "description": "亲仁 | 北坊门 | 位于北侧坊墙正中；连接坊内南北街。",
        "_elementType": "rect"
      },
      "geometry": {
        "type": "Polygon",
        "coordinates": [
          [
            [
              108.957108,
              34.24275
            ],
            [
              108.95769,
              34.24275
            ],
            [
              108.95769,
              34.242449
            ],
            [
              108.957108,
              34.242449
            ],
            [
              108.957108,
              34.24275
            ]
          ]
        ]
      }
    },
    {
      "type": "Feature",
      "properties": {
        "css": [
          "ward-gate"
        ],
        "name": "安邑 西坊门",
        "description": "安邑 | 西坊门 | 位于西侧坊墙正中；连接坊内东西横街。",
        "_elementType": "rect"
      },
      "geometry": {
        "type": "Polygon",
        "coordinates": [
          [
            [
              108.963456,
              34.240453
            ],
            [
              108.963823,
              34.240453
            ],
            [
              108.963823,
              34.239976
            ],
            [
              108.963456,
              34.239976
            ],
            [
              108.963456,
              34.240453
            ]
          ]
        ]
      }
    },
    {
      "type": "Feature",
      "properties": {
        "css": [
          "ward-gate"
        ],
        "name": "安邑 东坊门",
        "description": "安邑 | 东坊门 | 位于东侧坊墙正中；连接坊内东西横街。",
        "_elementType": "rect"
      },
      "geometry": {
        "type": "Polygon",
        "coordinates": [
          [
            [
              108.97488,
              34.240453
            ],
            [
              108.975246,
              34.240453
            ],
            [
              108.975246,
              34.239976
            ],
            [
              108.97488,
              34.239976
            ],
            [
              108.97488,
              34.240453
            ]
          ]
        ]
      }
    },
    {
      "type": "Feature",
      "properties": {
        "css": [
          "ward-gate"
        ],
        "name": "安邑 南坊门",
        "description": "安邑 | 南坊门 | 位于南侧坊墙正中；连接坊内南北街。",
        "_elementType": "rect"
      },
      "geometry": {
        "type": "Polygon",
        "coordinates": [
          [
            [
              108.96906,
              34.237979
            ],
            [
              108.969642,
              34.237979
            ],
            [
              108.969642,
              34.237679
            ],
            [
              108.96906,
              34.237679
            ],
            [
              108.96906,
              34.237979
            ]
          ]
        ]
      }
    },
    {
      "type": "Feature",
      "properties": {
        "css": [
          "ward-gate"
        ],
        "name": "安邑 北坊门",
        "description": "安邑 | 北坊门 | 位于北侧坊墙正中；连接坊内南北街。",
        "_elementType": "rect"
      },
      "geometry": {
        "type": "Polygon",
        "coordinates": [
          [
            [
              108.96906,
              34.24275
            ],
            [
              108.969642,
              34.24275
            ],
            [
              108.969642,
              34.242449
            ],
            [
              108.96906,
              34.242449
            ],
            [
              108.96906,
              34.24275
            ]
          ]
        ]
      }
    },
    {
      "type": "Feature",
      "properties": {
        "css": [
          "ward-gate"
        ],
        "name": "靖恭 西坊门",
        "description": "靖恭 | 西坊门 | 位于西侧坊墙正中；连接坊内东西横街。",
        "_elementType": "rect"
      },
      "geometry": {
        "type": "Polygon",
        "coordinates": [
          [
            [
              108.975613,
              34.240453
            ],
            [
              108.975979,
              34.240453
            ],
            [
              108.975979,
              34.239976
            ],
            [
              108.975613,
              34.239976
            ],
            [
              108.975613,
              34.240453
            ]
          ]
        ]
      }
    },
    {
      "type": "Feature",
      "properties": {
        "css": [
          "ward-gate"
        ],
        "name": "靖恭 东坊门",
        "description": "靖恭 | 东坊门 | 位于东侧坊墙正中；连接坊内东西横街。",
        "_elementType": "rect"
      },
      "geometry": {
        "type": "Polygon",
        "coordinates": [
          [
            [
              108.987629,
              34.240453
            ],
            [
              108.987996,
              34.240453
            ],
            [
              108.987996,
              34.239976
            ],
            [
              108.987629,
              34.239976
            ],
            [
              108.987629,
              34.240453
            ]
          ]
        ]
      }
    },
    {
      "type": "Feature",
      "properties": {
        "css": [
          "ward-gate"
        ],
        "name": "靖恭 南坊门",
        "description": "靖恭 | 南坊门 | 位于南侧坊墙正中；连接坊内南北街。",
        "_elementType": "rect"
      },
      "geometry": {
        "type": "Polygon",
        "coordinates": [
          [
            [
              108.981513,
              34.237979
            ],
            [
              108.982095,
              34.237979
            ],
            [
              108.982095,
              34.237679
            ],
            [
              108.981513,
              34.237679
            ],
            [
              108.981513,
              34.237979
            ]
          ]
        ]
      }
    },
    {
      "type": "Feature",
      "properties": {
        "css": [
          "ward-gate"
        ],
        "name": "靖恭 北坊门",
        "description": "靖恭 | 北坊门 | 位于北侧坊墙正中；连接坊内南北街。",
        "_elementType": "rect"
      },
      "geometry": {
        "type": "Polygon",
        "coordinates": [
          [
            [
              108.981513,
              34.24275
            ],
            [
              108.982095,
              34.24275
            ],
            [
              108.982095,
              34.242449
            ],
            [
              108.981513,
              34.242449
            ],
            [
              108.981513,
              34.24275
            ]
          ]
        ]
      }
    },
    {
      "type": "Feature",
      "properties": {
        "css": [
          "ward-gate"
        ],
        "name": "丰邑 西坊门",
        "description": "丰邑 | 西坊门 | 位于西侧坊墙正中；连接坊内东西横街。",
        "_elementType": "rect"
      },
      "geometry": {
        "type": "Polygon",
        "coordinates": [
          [
            [
              108.883544,
              34.235241
            ],
            [
              108.88391,
              34.235241
            ],
            [
              108.88391,
              34.234764
            ],
            [
              108.883544,
              34.234764
            ],
            [
              108.883544,
              34.235241
            ]
          ]
        ]
      }
    },
    {
      "type": "Feature",
      "properties": {
        "css": [
          "ward-gate"
        ],
        "name": "丰邑 东坊门",
        "description": "丰邑 | 东坊门 | 位于东侧坊墙正中；连接坊内东西横街。",
        "_elementType": "rect"
      },
      "geometry": {
        "type": "Polygon",
        "coordinates": [
          [
            [
              108.895528,
              34.235241
            ],
            [
              108.895894,
              34.235241
            ],
            [
              108.895894,
              34.234764
            ],
            [
              108.895528,
              34.234764
            ],
            [
              108.895528,
              34.235241
            ]
          ]
        ]
      }
    },
    {
      "type": "Feature",
      "properties": {
        "css": [
          "ward-gate"
        ],
        "name": "丰邑 南坊门",
        "description": "丰邑 | 南坊门 | 位于南侧坊墙正中；连接坊内南北街。",
        "_elementType": "rect"
      },
      "geometry": {
        "type": "Polygon",
        "coordinates": [
          [
            [
              108.889428,
              34.232723
            ],
            [
              108.89001,
              34.232723
            ],
            [
              108.89001,
              34.232423
            ],
            [
              108.889428,
              34.232423
            ],
            [
              108.889428,
              34.232723
            ]
          ]
        ]
      }
    },
    {
      "type": "Feature",
      "properties": {
        "css": [
          "ward-gate"
        ],
        "name": "丰邑 北坊门",
        "description": "丰邑 | 北坊门 | 位于北侧坊墙正中；连接坊内南北街。",
        "_elementType": "rect"
      },
      "geometry": {
        "type": "Polygon",
        "coordinates": [
          [
            [
              108.889428,
              34.237582
            ],
            [
              108.89001,
              34.237582
            ],
            [
              108.89001,
              34.237281
            ],
            [
              108.889428,
              34.237281
            ],
            [
              108.889428,
              34.237582
            ]
          ]
        ]
      }
    },
    {
      "type": "Feature",
      "properties": {
        "css": [
          "ward-gate"
        ],
        "name": "长寿 西坊门",
        "description": "长寿 | 西坊门 | 位于西侧坊墙正中；连接坊内东西横街。",
        "_elementType": "rect"
      },
      "geometry": {
        "type": "Polygon",
        "coordinates": [
          [
            [
              108.895981,
              34.235241
            ],
            [
              108.896347,
              34.235241
            ],
            [
              108.896347,
              34.234764
            ],
            [
              108.895981,
              34.234764
            ],
            [
              108.895981,
              34.235241
            ]
          ]
        ]
      }
    },
    {
      "type": "Feature",
      "properties": {
        "css": [
          "ward-gate"
        ],
        "name": "长寿 东坊门",
        "description": "长寿 | 东坊门 | 位于东侧坊墙正中；连接坊内东西横街。",
        "_elementType": "rect"
      },
      "geometry": {
        "type": "Polygon",
        "coordinates": [
          [
            [
              108.907383,
              34.235241
            ],
            [
              108.907749,
              34.235241
            ],
            [
              108.907749,
              34.234764
            ],
            [
              108.907383,
              34.234764
            ],
            [
              108.907383,
              34.235241
            ]
          ]
        ]
      }
    },
    {
      "type": "Feature",
      "properties": {
        "css": [
          "ward-gate"
        ],
        "name": "长寿 南坊门",
        "description": "长寿 | 南坊门 | 位于南侧坊墙正中；连接坊内南北街。",
        "_elementType": "rect"
      },
      "geometry": {
        "type": "Polygon",
        "coordinates": [
          [
            [
              108.901574,
              34.232723
            ],
            [
              108.902156,
              34.232723
            ],
            [
              108.902156,
              34.232423
            ],
            [
              108.901574,
              34.232423
            ],
            [
              108.901574,
              34.232723
            ]
          ]
        ]
      }
    },
    {
      "type": "Feature",
      "properties": {
        "css": [
          "ward-gate"
        ],
        "name": "长寿 北坊门",
        "description": "长寿 | 北坊门 | 位于北侧坊墙正中；连接坊内南北街。",
        "_elementType": "rect"
      },
      "geometry": {
        "type": "Polygon",
        "coordinates": [
          [
            [
              108.901574,
              34.237582
            ],
            [
              108.902156,
              34.237582
            ],
            [
              108.902156,
              34.237281
            ],
            [
              108.901574,
              34.237281
            ],
            [
              108.901574,
              34.237582
            ]
          ]
        ]
      }
    },
    {
      "type": "Feature",
      "properties": {
        "css": [
          "ward-gate"
        ],
        "name": "崇贤 西坊门",
        "description": "崇贤 | 西坊门 | 位于西侧坊墙正中；连接坊内东西横街。",
        "_elementType": "rect"
      },
      "geometry": {
        "type": "Polygon",
        "coordinates": [
          [
            [
              108.908062,
              34.235241
            ],
            [
              108.908428,
              34.235241
            ],
            [
              108.908428,
              34.234764
            ],
            [
              108.908062,
              34.234764
            ],
            [
              108.908062,
              34.235241
            ]
          ]
        ]
      }
    },
    {
      "type": "Feature",
      "properties": {
        "css": [
          "ward-gate"
        ],
        "name": "崇贤 东坊门",
        "description": "崇贤 | 东坊门 | 位于东侧坊墙正中；连接坊内东西横街。",
        "_elementType": "rect"
      },
      "geometry": {
        "type": "Polygon",
        "coordinates": [
          [
            [
              108.919054,
              34.235241
            ],
            [
              108.919421,
              34.235241
            ],
            [
              108.919421,
              34.234764
            ],
            [
              108.919054,
              34.234764
            ],
            [
              108.919054,
              34.235241
            ]
          ]
        ]
      }
    },
    {
      "type": "Feature",
      "properties": {
        "css": [
          "ward-gate"
        ],
        "name": "崇贤 南坊门",
        "description": "崇贤 | 南坊门 | 位于南侧坊墙正中；连接坊内南北街。",
        "_elementType": "rect"
      },
      "geometry": {
        "type": "Polygon",
        "coordinates": [
          [
            [
              108.91345,
              34.232723
            ],
            [
              108.914032,
              34.232723
            ],
            [
              108.914032,
              34.232423
            ],
            [
              108.91345,
              34.232423
            ],
            [
              108.91345,
              34.232723
            ]
          ]
        ]
      }
    },
    {
      "type": "Feature",
      "properties": {
        "css": [
          "ward-gate"
        ],
        "name": "崇贤 北坊门",
        "description": "崇贤 | 北坊门 | 位于北侧坊墙正中；连接坊内南北街。",
        "_elementType": "rect"
      },
      "geometry": {
        "type": "Polygon",
        "coordinates": [
          [
            [
              108.91345,
              34.237582
            ],
            [
              108.914032,
              34.237582
            ],
            [
              108.914032,
              34.237281
            ],
            [
              108.91345,
              34.237281
            ],
            [
              108.91345,
              34.237582
            ]
          ]
        ]
      }
    },
    {
      "type": "Feature",
      "properties": {
        "css": [
          "ward-gate"
        ],
        "name": "崇德 西坊门",
        "description": "崇德 | 西坊门 | 位于西侧坊墙正中；连接坊内东西横街。",
        "_elementType": "rect"
      },
      "geometry": {
        "type": "Polygon",
        "coordinates": [
          [
            [
              108.920218,
              34.235241
            ],
            [
              108.920585,
              34.235241
            ],
            [
              108.920585,
              34.234764
            ],
            [
              108.920218,
              34.234764
            ],
            [
              108.920218,
              34.235241
            ]
          ]
        ]
      }
    },
    {
      "type": "Feature",
      "properties": {
        "css": [
          "ward-gate"
        ],
        "name": "崇德 东坊门",
        "description": "崇德 | 东坊门 | 位于东侧坊墙正中；连接坊内东西横街。",
        "_elementType": "rect"
      },
      "geometry": {
        "type": "Polygon",
        "coordinates": [
          [
            [
              108.927579,
              34.235241
            ],
            [
              108.927946,
              34.235241
            ],
            [
              108.927946,
              34.234764
            ],
            [
              108.927579,
              34.234764
            ],
            [
              108.927579,
              34.235241
            ]
          ]
        ]
      }
    },
    {
      "type": "Feature",
      "properties": {
        "css": [
          "ward-gate"
        ],
        "name": "安业 西坊门",
        "description": "安业 | 西坊门 | 位于西侧坊墙正中；连接坊内东西横街。",
        "_elementType": "rect"
      },
      "geometry": {
        "type": "Polygon",
        "coordinates": [
          [
            [
              108.928258,
              34.235241
            ],
            [
              108.928625,
              34.235241
            ],
            [
              108.928625,
              34.234764
            ],
            [
              108.928258,
              34.234764
            ],
            [
              108.928258,
              34.235241
            ]
          ]
        ]
      }
    },
    {
      "type": "Feature",
      "properties": {
        "css": [
          "ward-gate"
        ],
        "name": "安业 东坊门",
        "description": "安业 | 东坊门 | 位于东侧坊墙正中；连接坊内东西横街。",
        "_elementType": "rect"
      },
      "geometry": {
        "type": "Polygon",
        "coordinates": [
          [
            [
              108.934272,
              34.235241
            ],
            [
              108.934638,
              34.235241
            ],
            [
              108.934638,
              34.234764
            ],
            [
              108.934272,
              34.234764
            ],
            [
              108.934272,
              34.235241
            ]
          ]
        ]
      }
    },
    {
      "type": "Feature",
      "properties": {
        "css": [
          "ward-gate"
        ],
        "name": "光福 西坊门",
        "description": "光福 | 西坊门 | 位于西侧坊墙正中；连接坊内东西横街。",
        "_elementType": "rect"
      },
      "geometry": {
        "type": "Polygon",
        "coordinates": [
          [
            [
              108.935942,
              34.235241
            ],
            [
              108.936309,
              34.235241
            ],
            [
              108.936309,
              34.234764
            ],
            [
              108.935942,
              34.234764
            ],
            [
              108.935942,
              34.235241
            ]
          ]
        ]
      }
    },
    {
      "type": "Feature",
      "properties": {
        "css": [
          "ward-gate"
        ],
        "name": "光福 东坊门",
        "description": "光福 | 东坊门 | 位于东侧坊墙正中；连接坊内东西横街。",
        "_elementType": "rect"
      },
      "geometry": {
        "type": "Polygon",
        "coordinates": [
          [
            [
              108.941999,
              34.235241
            ],
            [
              108.942365,
              34.235241
            ],
            [
              108.942365,
              34.234764
            ],
            [
              108.941999,
              34.234764
            ],
            [
              108.941999,
              34.235241
            ]
          ]
        ]
      }
    },
    {
      "type": "Feature",
      "properties": {
        "css": [
          "ward-gate"
        ],
        "name": "永乐 西坊门",
        "description": "永乐 | 西坊门 | 位于西侧坊墙正中；连接坊内东西横街。",
        "_elementType": "rect"
      },
      "geometry": {
        "type": "Polygon",
        "coordinates": [
          [
            [
              108.942721,
              34.235241
            ],
            [
              108.943087,
              34.235241
            ],
            [
              108.943087,
              34.234764
            ],
            [
              108.942721,
              34.234764
            ],
            [
              108.942721,
              34.235241
            ]
          ]
        ]
      }
    },
    {
      "type": "Feature",
      "properties": {
        "css": [
          "ward-gate"
        ],
        "name": "永乐 东坊门",
        "description": "永乐 | 东坊门 | 位于东侧坊墙正中；连接坊内东西横街。",
        "_elementType": "rect"
      },
      "geometry": {
        "type": "Polygon",
        "coordinates": [
          [
            [
              108.950265,
              34.235241
            ],
            [
              108.950631,
              34.235241
            ],
            [
              108.950631,
              34.234764
            ],
            [
              108.950265,
              34.234764
            ],
            [
              108.950265,
              34.235241
            ]
          ]
        ]
      }
    },
    {
      "type": "Feature",
      "properties": {
        "css": [
          "ward-gate"
        ],
        "name": "永宁 西坊门",
        "description": "永宁 | 西坊门 | 位于西侧坊墙正中；连接坊内东西横街。",
        "_elementType": "rect"
      },
      "geometry": {
        "type": "Polygon",
        "coordinates": [
          [
            [
              108.951709,
              34.235241
            ],
            [
              108.952076,
              34.235241
            ],
            [
              108.952076,
              34.234764
            ],
            [
              108.951709,
              34.234764
            ],
            [
              108.951709,
              34.235241
            ]
          ]
        ]
      }
    },
    {
      "type": "Feature",
      "properties": {
        "css": [
          "ward-gate"
        ],
        "name": "永宁 东坊门",
        "description": "永宁 | 东坊门 | 位于东侧坊墙正中；连接坊内东西横街。",
        "_elementType": "rect"
      },
      "geometry": {
        "type": "Polygon",
        "coordinates": [
          [
            [
              108.962723,
              34.235241
            ],
            [
              108.96309,
              34.235241
            ],
            [
              108.96309,
              34.234764
            ],
            [
              108.962723,
              34.234764
            ],
            [
              108.962723,
              34.235241
            ]
          ]
        ]
      }
    },
    {
      "type": "Feature",
      "properties": {
        "css": [
          "ward-gate"
        ],
        "name": "永宁 南坊门",
        "description": "永宁 | 南坊门 | 位于南侧坊墙正中；连接坊内南北街。",
        "_elementType": "rect"
      },
      "geometry": {
        "type": "Polygon",
        "coordinates": [
          [
            [
              108.957108,
              34.232723
            ],
            [
              108.95769,
              34.232723
            ],
            [
              108.95769,
              34.232423
            ],
            [
              108.957108,
              34.232423
            ],
            [
              108.957108,
              34.232723
            ]
          ]
        ]
      }
    },
    {
      "type": "Feature",
      "properties": {
        "css": [
          "ward-gate"
        ],
        "name": "永宁 北坊门",
        "description": "永宁 | 北坊门 | 位于北侧坊墙正中；连接坊内南北街。",
        "_elementType": "rect"
      },
      "geometry": {
        "type": "Polygon",
        "coordinates": [
          [
            [
              108.957108,
              34.237582
            ],
            [
              108.95769,
              34.237582
            ],
            [
              108.95769,
              34.237281
            ],
            [
              108.957108,
              34.237281
            ],
            [
              108.957108,
              34.237582
            ]
          ]
        ]
      }
    },
    {
      "type": "Feature",
      "properties": {
        "css": [
          "ward-gate"
        ],
        "name": "宣平 西坊门",
        "description": "宣平 | 西坊门 | 位于西侧坊墙正中；连接坊内东西横街。",
        "_elementType": "rect"
      },
      "geometry": {
        "type": "Polygon",
        "coordinates": [
          [
            [
              108.963456,
              34.235241
            ],
            [
              108.963823,
              34.235241
            ],
            [
              108.963823,
              34.234764
            ],
            [
              108.963456,
              34.234764
            ],
            [
              108.963456,
              34.235241
            ]
          ]
        ]
      }
    },
    {
      "type": "Feature",
      "properties": {
        "css": [
          "ward-gate"
        ],
        "name": "宣平 东坊门",
        "description": "宣平 | 东坊门 | 位于东侧坊墙正中；连接坊内东西横街。",
        "_elementType": "rect"
      },
      "geometry": {
        "type": "Polygon",
        "coordinates": [
          [
            [
              108.97488,
              34.235241
            ],
            [
              108.975246,
              34.235241
            ],
            [
              108.975246,
              34.234764
            ],
            [
              108.97488,
              34.234764
            ],
            [
              108.97488,
              34.235241
            ]
          ]
        ]
      }
    },
    {
      "type": "Feature",
      "properties": {
        "css": [
          "ward-gate"
        ],
        "name": "宣平 南坊门",
        "description": "宣平 | 南坊门 | 位于南侧坊墙正中；连接坊内南北街。",
        "_elementType": "rect"
      },
      "geometry": {
        "type": "Polygon",
        "coordinates": [
          [
            [
              108.96906,
              34.232723
            ],
            [
              108.969642,
              34.232723
            ],
            [
              108.969642,
              34.232423
            ],
            [
              108.96906,
              34.232423
            ],
            [
              108.96906,
              34.232723
            ]
          ]
        ]
      }
    },
    {
      "type": "Feature",
      "properties": {
        "css": [
          "ward-gate"
        ],
        "name": "宣平 北坊门",
        "description": "宣平 | 北坊门 | 位于北侧坊墙正中；连接坊内南北街。",
        "_elementType": "rect"
      },
      "geometry": {
        "type": "Polygon",
        "coordinates": [
          [
            [
              108.96906,
              34.237582
            ],
            [
              108.969642,
              34.237582
            ],
            [
              108.969642,
              34.237281
            ],
            [
              108.96906,
              34.237281
            ],
            [
              108.96906,
              34.237582
            ]
          ]
        ]
      }
    },
    {
      "type": "Feature",
      "properties": {
        "css": [
          "ward-gate"
        ],
        "name": "新昌 西坊门",
        "description": "新昌 | 西坊门 | 位于西侧坊墙正中；连接坊内东西横街。",
        "_elementType": "rect"
      },
      "geometry": {
        "type": "Polygon",
        "coordinates": [
          [
            [
              108.975613,
              34.235241
            ],
            [
              108.975979,
              34.235241
            ],
            [
              108.975979,
              34.234764
            ],
            [
              108.975613,
              34.234764
            ],
            [
              108.975613,
              34.235241
            ]
          ]
        ]
      }
    },
    {
      "type": "Feature",
      "properties": {
        "css": [
          "ward-gate"
        ],
        "name": "新昌 东坊门",
        "description": "新昌 | 东坊门 | 位于东侧坊墙正中；连接坊内东西横街。",
        "_elementType": "rect"
      },
      "geometry": {
        "type": "Polygon",
        "coordinates": [
          [
            [
              108.987629,
              34.235241
            ],
            [
              108.987996,
              34.235241
            ],
            [
              108.987996,
              34.234764
            ],
            [
              108.987629,
              34.234764
            ],
            [
              108.987629,
              34.235241
            ]
          ]
        ]
      }
    },
    {
      "type": "Feature",
      "properties": {
        "css": [
          "ward-gate"
        ],
        "name": "新昌 南坊门",
        "description": "新昌 | 南坊门 | 位于南侧坊墙正中；连接坊内南北街。",
        "_elementType": "rect"
      },
      "geometry": {
        "type": "Polygon",
        "coordinates": [
          [
            [
              108.981513,
              34.232723
            ],
            [
              108.982095,
              34.232723
            ],
            [
              108.982095,
              34.232423
            ],
            [
              108.981513,
              34.232423
            ],
            [
              108.981513,
              34.232723
            ]
          ]
        ]
      }
    },
    {
      "type": "Feature",
      "properties": {
        "css": [
          "ward-gate"
        ],
        "name": "新昌 北坊门",
        "description": "新昌 | 北坊门 | 位于北侧坊墙正中；连接坊内南北街。",
        "_elementType": "rect"
      },
      "geometry": {
        "type": "Polygon",
        "coordinates": [
          [
            [
              108.981513,
              34.237582
            ],
            [
              108.982095,
              34.237582
            ],
            [
              108.982095,
              34.237281
            ],
            [
              108.981513,
              34.237281
            ],
            [
              108.981513,
              34.237582
            ]
          ]
        ]
      }
    },
    {
      "type": "Feature",
      "properties": {
        "css": [
          "ward-gate"
        ],
        "name": "待贤 西坊门",
        "description": "待贤 | 西坊门 | 位于西侧坊墙正中；连接坊内东西横街。",
        "_elementType": "rect"
      },
      "geometry": {
        "type": "Polygon",
        "coordinates": [
          [
            [
              108.883544,
              34.229918
            ],
            [
              108.88391,
              34.229918
            ],
            [
              108.88391,
              34.229441
            ],
            [
              108.883544,
              34.229441
            ],
            [
              108.883544,
              34.229918
            ]
          ]
        ]
      }
    },
    {
      "type": "Feature",
      "properties": {
        "css": [
          "ward-gate"
        ],
        "name": "待贤 东坊门",
        "description": "待贤 | 东坊门 | 位于东侧坊墙正中；连接坊内东西横街。",
        "_elementType": "rect"
      },
      "geometry": {
        "type": "Polygon",
        "coordinates": [
          [
            [
              108.895528,
              34.229918
            ],
            [
              108.895894,
              34.229918
            ],
            [
              108.895894,
              34.229441
            ],
            [
              108.895528,
              34.229441
            ],
            [
              108.895528,
              34.229918
            ]
          ]
        ]
      }
    },
    {
      "type": "Feature",
      "properties": {
        "css": [
          "ward-gate"
        ],
        "name": "待贤 南坊门",
        "description": "待贤 | 南坊门 | 位于南侧坊墙正中；连接坊内南北街。",
        "_elementType": "rect"
      },
      "geometry": {
        "type": "Polygon",
        "coordinates": [
          [
            [
              108.889428,
              34.227423
            ],
            [
              108.89001,
              34.227423
            ],
            [
              108.89001,
              34.227122
            ],
            [
              108.889428,
              34.227122
            ],
            [
              108.889428,
              34.227423
            ]
          ]
        ]
      }
    },
    {
      "type": "Feature",
      "properties": {
        "css": [
          "ward-gate"
        ],
        "name": "待贤 北坊门",
        "description": "待贤 | 北坊门 | 位于北侧坊墙正中；连接坊内南北街。",
        "_elementType": "rect"
      },
      "geometry": {
        "type": "Polygon",
        "coordinates": [
          [
            [
              108.889428,
              34.232237
            ],
            [
              108.89001,
              34.232237
            ],
            [
              108.89001,
              34.231937
            ],
            [
              108.889428,
              34.231937
            ],
            [
              108.889428,
              34.232237
            ]
          ]
        ]
      }
    },
    {
      "type": "Feature",
      "properties": {
        "css": [
          "ward-gate"
        ],
        "name": "嘉会 西坊门",
        "description": "嘉会 | 西坊门 | 位于西侧坊墙正中；连接坊内东西横街。",
        "_elementType": "rect"
      },
      "geometry": {
        "type": "Polygon",
        "coordinates": [
          [
            [
              108.895981,
              34.229918
            ],
            [
              108.896347,
              34.229918
            ],
            [
              108.896347,
              34.229441
            ],
            [
              108.895981,
              34.229441
            ],
            [
              108.895981,
              34.229918
            ]
          ]
        ]
      }
    },
    {
      "type": "Feature",
      "properties": {
        "css": [
          "ward-gate"
        ],
        "name": "嘉会 东坊门",
        "description": "嘉会 | 东坊门 | 位于东侧坊墙正中；连接坊内东西横街。",
        "_elementType": "rect"
      },
      "geometry": {
        "type": "Polygon",
        "coordinates": [
          [
            [
              108.907383,
              34.229918
            ],
            [
              108.907749,
              34.229918
            ],
            [
              108.907749,
              34.229441
            ],
            [
              108.907383,
              34.229441
            ],
            [
              108.907383,
              34.229918
            ]
          ]
        ]
      }
    },
    {
      "type": "Feature",
      "properties": {
        "css": [
          "ward-gate"
        ],
        "name": "嘉会 南坊门",
        "description": "嘉会 | 南坊门 | 位于南侧坊墙正中；连接坊内南北街。",
        "_elementType": "rect"
      },
      "geometry": {
        "type": "Polygon",
        "coordinates": [
          [
            [
              108.901574,
              34.227423
            ],
            [
              108.902156,
              34.227423
            ],
            [
              108.902156,
              34.227122
            ],
            [
              108.901574,
              34.227122
            ],
            [
              108.901574,
              34.227423
            ]
          ]
        ]
      }
    },
    {
      "type": "Feature",
      "properties": {
        "css": [
          "ward-gate"
        ],
        "name": "嘉会 北坊门",
        "description": "嘉会 | 北坊门 | 位于北侧坊墙正中；连接坊内南北街。",
        "_elementType": "rect"
      },
      "geometry": {
        "type": "Polygon",
        "coordinates": [
          [
            [
              108.901574,
              34.232237
            ],
            [
              108.902156,
              34.232237
            ],
            [
              108.902156,
              34.231937
            ],
            [
              108.901574,
              34.231937
            ],
            [
              108.901574,
              34.232237
            ]
          ]
        ]
      }
    },
    {
      "type": "Feature",
      "properties": {
        "css": [
          "ward-gate"
        ],
        "name": "延福 西坊门",
        "description": "延福 | 西坊门 | 位于西侧坊墙正中；连接坊内东西横街。",
        "_elementType": "rect"
      },
      "geometry": {
        "type": "Polygon",
        "coordinates": [
          [
            [
              108.908062,
              34.229918
            ],
            [
              108.908428,
              34.229918
            ],
            [
              108.908428,
              34.229441
            ],
            [
              108.908062,
              34.229441
            ],
            [
              108.908062,
              34.229918
            ]
          ]
        ]
      }
    },
    {
      "type": "Feature",
      "properties": {
        "css": [
          "ward-gate"
        ],
        "name": "延福 东坊门",
        "description": "延福 | 东坊门 | 位于东侧坊墙正中；连接坊内东西横街。",
        "_elementType": "rect"
      },
      "geometry": {
        "type": "Polygon",
        "coordinates": [
          [
            [
              108.919054,
              34.229918
            ],
            [
              108.919421,
              34.229918
            ],
            [
              108.919421,
              34.229441
            ],
            [
              108.919054,
              34.229441
            ],
            [
              108.919054,
              34.229918
            ]
          ]
        ]
      }
    },
    {
      "type": "Feature",
      "properties": {
        "css": [
          "ward-gate"
        ],
        "name": "延福 南坊门",
        "description": "延福 | 南坊门 | 位于南侧坊墙正中；连接坊内南北街。",
        "_elementType": "rect"
      },
      "geometry": {
        "type": "Polygon",
        "coordinates": [
          [
            [
              108.91345,
              34.227423
            ],
            [
              108.914032,
              34.227423
            ],
            [
              108.914032,
              34.227122
            ],
            [
              108.91345,
              34.227122
            ],
            [
              108.91345,
              34.227423
            ]
          ]
        ]
      }
    },
    {
      "type": "Feature",
      "properties": {
        "css": [
          "ward-gate"
        ],
        "name": "延福 北坊门",
        "description": "延福 | 北坊门 | 位于北侧坊墙正中；连接坊内南北街。",
        "_elementType": "rect"
      },
      "geometry": {
        "type": "Polygon",
        "coordinates": [
          [
            [
              108.91345,
              34.232237
            ],
            [
              108.914032,
              34.232237
            ],
            [
              108.914032,
              34.231937
            ],
            [
              108.91345,
              34.231937
            ],
            [
              108.91345,
              34.232237
            ]
          ]
        ]
      }
    },
    {
      "type": "Feature",
      "properties": {
        "css": [
          "ward-gate"
        ],
        "name": "怀贞 西坊门",
        "description": "怀贞 | 西坊门 | 12分坊：位于西侧坊墙正中；连接坊内东西横街。",
        "_elementType": "rect"
      },
      "geometry": {
        "type": "Polygon",
        "coordinates": [
          [
            [
              108.920218,
              34.229918
            ],
            [
              108.920585,
              34.229918
            ],
            [
              108.920585,
              34.229441
            ],
            [
              108.920218,
              34.229441
            ],
            [
              108.920218,
              34.229918
            ]
          ]
        ]
      }
    },
    {
      "type": "Feature",
      "properties": {
        "css": [
          "ward-gate"
        ],
        "name": "怀贞 东坊门",
        "description": "怀贞 | 东坊门 | 12分坊：位于东侧坊墙正中；连接坊内东西横街。",
        "_elementType": "rect"
      },
      "geometry": {
        "type": "Polygon",
        "coordinates": [
          [
            [
              108.927579,
              34.229918
            ],
            [
              108.927946,
              34.229918
            ],
            [
              108.927946,
              34.229441
            ],
            [
              108.927579,
              34.229441
            ],
            [
              108.927579,
              34.229918
            ]
          ]
        ]
      }
    },
    {
      "type": "Feature",
      "properties": {
        "css": [
          "ward-gate"
        ],
        "name": "崇业 西坊门",
        "description": "崇业 | 西坊门 | 位于西侧坊墙正中；连接坊内东西横街。",
        "_elementType": "rect"
      },
      "geometry": {
        "type": "Polygon",
        "coordinates": [
          [
            [
              108.928258,
              34.229918
            ],
            [
              108.928625,
              34.229918
            ],
            [
              108.928625,
              34.229441
            ],
            [
              108.928258,
              34.229441
            ],
            [
              108.928258,
              34.229918
            ]
          ]
        ]
      }
    },
    {
      "type": "Feature",
      "properties": {
        "css": [
          "ward-gate"
        ],
        "name": "崇业 东坊门",
        "description": "崇业 | 东坊门 | 位于东侧坊墙正中；连接坊内东西横街。",
        "_elementType": "rect"
      },
      "geometry": {
        "type": "Polygon",
        "coordinates": [
          [
            [
              108.934272,
              34.229918
            ],
            [
              108.934638,
              34.229918
            ],
            [
              108.934638,
              34.229441
            ],
            [
              108.934272,
              34.229441
            ],
            [
              108.934272,
              34.229918
            ]
          ]
        ]
      }
    },
    {
      "type": "Feature",
      "properties": {
        "css": [
          "ward-gate"
        ],
        "name": "靖善 西坊门",
        "description": "靖善 | 西坊门 | 位于西侧坊墙正中；连接坊内东西横街。",
        "_elementType": "rect"
      },
      "geometry": {
        "type": "Polygon",
        "coordinates": [
          [
            [
              108.935942,
              34.229918
            ],
            [
              108.936309,
              34.229918
            ],
            [
              108.936309,
              34.229441
            ],
            [
              108.935942,
              34.229441
            ],
            [
              108.935942,
              34.229918
            ]
          ]
        ]
      }
    },
    {
      "type": "Feature",
      "properties": {
        "css": [
          "ward-gate"
        ],
        "name": "靖善 东坊门",
        "description": "靖善 | 东坊门 | 位于东侧坊墙正中；连接坊内东西横街。",
        "_elementType": "rect"
      },
      "geometry": {
        "type": "Polygon",
        "coordinates": [
          [
            [
              108.941999,
              34.229918
            ],
            [
              108.942365,
              34.229918
            ],
            [
              108.942365,
              34.229441
            ],
            [
              108.941999,
              34.229441
            ],
            [
              108.941999,
              34.229918
            ]
          ]
        ]
      }
    },
    {
      "type": "Feature",
      "properties": {
        "css": [
          "ward-gate"
        ],
        "name": "靖安 西坊门",
        "description": "靖安 | 西坊门 | 位于西侧坊墙正中；连接坊内东西横街。",
        "_elementType": "rect"
      },
      "geometry": {
        "type": "Polygon",
        "coordinates": [
          [
            [
              108.942721,
              34.229918
            ],
            [
              108.943087,
              34.229918
            ],
            [
              108.943087,
              34.229441
            ],
            [
              108.942721,
              34.229441
            ],
            [
              108.942721,
              34.229918
            ]
          ]
        ]
      }
    },
    {
      "type": "Feature",
      "properties": {
        "css": [
          "ward-gate"
        ],
        "name": "靖安 东坊门",
        "description": "靖安 | 东坊门 | 位于东侧坊墙正中；连接坊内东西横街。",
        "_elementType": "rect"
      },
      "geometry": {
        "type": "Polygon",
        "coordinates": [
          [
            [
              108.950265,
              34.229918
            ],
            [
              108.950631,
              34.229918
            ],
            [
              108.950631,
              34.229441
            ],
            [
              108.950265,
              34.229441
            ],
            [
              108.950265,
              34.229918
            ]
          ]
        ]
      }
    },
    {
      "type": "Feature",
      "properties": {
        "css": [
          "ward-gate"
        ],
        "name": "永崇 西坊门",
        "description": "永崇 | 西坊门 | 位于西侧坊墙正中；连接坊内东西横街。",
        "_elementType": "rect"
      },
      "geometry": {
        "type": "Polygon",
        "coordinates": [
          [
            [
              108.951709,
              34.229918
            ],
            [
              108.952076,
              34.229918
            ],
            [
              108.952076,
              34.229441
            ],
            [
              108.951709,
              34.229441
            ],
            [
              108.951709,
              34.229918
            ]
          ]
        ]
      }
    },
    {
      "type": "Feature",
      "properties": {
        "css": [
          "ward-gate"
        ],
        "name": "永崇 东坊门",
        "description": "永崇 | 东坊门 | 位于东侧坊墙正中；连接坊内东西横街。",
        "_elementType": "rect"
      },
      "geometry": {
        "type": "Polygon",
        "coordinates": [
          [
            [
              108.962723,
              34.229918
            ],
            [
              108.96309,
              34.229918
            ],
            [
              108.96309,
              34.229441
            ],
            [
              108.962723,
              34.229441
            ],
            [
              108.962723,
              34.229918
            ]
          ]
        ]
      }
    },
    {
      "type": "Feature",
      "properties": {
        "css": [
          "ward-gate"
        ],
        "name": "永崇 南坊门",
        "description": "永崇 | 南坊门 | 位于南侧坊墙正中；连接坊内南北街。",
        "_elementType": "rect"
      },
      "geometry": {
        "type": "Polygon",
        "coordinates": [
          [
            [
              108.957108,
              34.227423
            ],
            [
              108.95769,
              34.227423
            ],
            [
              108.95769,
              34.227122
            ],
            [
              108.957108,
              34.227122
            ],
            [
              108.957108,
              34.227423
            ]
          ]
        ]
      }
    },
    {
      "type": "Feature",
      "properties": {
        "css": [
          "ward-gate"
        ],
        "name": "永崇 北坊门",
        "description": "永崇 | 北坊门 | 位于北侧坊墙正中；连接坊内南北街。",
        "_elementType": "rect"
      },
      "geometry": {
        "type": "Polygon",
        "coordinates": [
          [
            [
              108.957108,
              34.232237
            ],
            [
              108.95769,
              34.232237
            ],
            [
              108.95769,
              34.231937
            ],
            [
              108.957108,
              34.231937
            ],
            [
              108.957108,
              34.232237
            ]
          ]
        ]
      }
    },
    {
      "type": "Feature",
      "properties": {
        "css": [
          "ward-gate"
        ],
        "name": "昇平 西坊门",
        "description": "昇平 | 西坊门 | 位于西侧坊墙正中；连接坊内东西横街。",
        "_elementType": "rect"
      },
      "geometry": {
        "type": "Polygon",
        "coordinates": [
          [
            [
              108.963456,
              34.229918
            ],
            [
              108.963823,
              34.229918
            ],
            [
              108.963823,
              34.229441
            ],
            [
              108.963456,
              34.229441
            ],
            [
              108.963456,
              34.229918
            ]
          ]
        ]
      }
    },
    {
      "type": "Feature",
      "properties": {
        "css": [
          "ward-gate"
        ],
        "name": "昇平 东坊门",
        "description": "昇平 | 东坊门 | 位于东侧坊墙正中；连接坊内东西横街。",
        "_elementType": "rect"
      },
      "geometry": {
        "type": "Polygon",
        "coordinates": [
          [
            [
              108.97488,
              34.229918
            ],
            [
              108.975246,
              34.229918
            ],
            [
              108.975246,
              34.229441
            ],
            [
              108.97488,
              34.229441
            ],
            [
              108.97488,
              34.229918
            ]
          ]
        ]
      }
    },
    {
      "type": "Feature",
      "properties": {
        "css": [
          "ward-gate"
        ],
        "name": "昇平 南坊门",
        "description": "昇平 | 南坊门 | 位于南侧坊墙正中；连接坊内南北街。",
        "_elementType": "rect"
      },
      "geometry": {
        "type": "Polygon",
        "coordinates": [
          [
            [
              108.96906,
              34.227423
            ],
            [
              108.969642,
              34.227423
            ],
            [
              108.969642,
              34.227122
            ],
            [
              108.96906,
              34.227122
            ],
            [
              108.96906,
              34.227423
            ]
          ]
        ]
      }
    },
    {
      "type": "Feature",
      "properties": {
        "css": [
          "ward-gate"
        ],
        "name": "昇平 北坊门",
        "description": "昇平 | 北坊门 | 位于北侧坊墙正中；连接坊内南北街。",
        "_elementType": "rect"
      },
      "geometry": {
        "type": "Polygon",
        "coordinates": [
          [
            [
              108.96906,
              34.232237
            ],
            [
              108.969642,
              34.232237
            ],
            [
              108.969642,
              34.231937
            ],
            [
              108.96906,
              34.231937
            ],
            [
              108.96906,
              34.232237
            ]
          ]
        ]
      }
    },
    {
      "type": "Feature",
      "properties": {
        "css": [
          "ward-gate"
        ],
        "name": "昇道 西坊门",
        "description": "昇道 | 西坊门 | 位于西侧坊墙正中；连接坊内东西横街。",
        "_elementType": "rect"
      },
      "geometry": {
        "type": "Polygon",
        "coordinates": [
          [
            [
              108.975613,
              34.229918
            ],
            [
              108.975979,
              34.229918
            ],
            [
              108.975979,
              34.229441
            ],
            [
              108.975613,
              34.229441
            ],
            [
              108.975613,
              34.229918
            ]
          ]
        ]
      }
    },
    {
      "type": "Feature",
      "properties": {
        "css": [
          "ward-gate"
        ],
        "name": "昇道 东坊门",
        "description": "昇道 | 东坊门 | 位于东侧坊墙正中；连接坊内东西横街。",
        "_elementType": "rect"
      },
      "geometry": {
        "type": "Polygon",
        "coordinates": [
          [
            [
              108.987629,
              34.229918
            ],
            [
              108.987996,
              34.229918
            ],
            [
              108.987996,
              34.229441
            ],
            [
              108.987629,
              34.229441
            ],
            [
              108.987629,
              34.229918
            ]
          ]
        ]
      }
    },
    {
      "type": "Feature",
      "properties": {
        "css": [
          "ward-gate"
        ],
        "name": "昇道 南坊门",
        "description": "昇道 | 南坊门 | 位于南侧坊墙正中；连接坊内南北街。",
        "_elementType": "rect"
      },
      "geometry": {
        "type": "Polygon",
        "coordinates": [
          [
            [
              108.981513,
              34.227423
            ],
            [
              108.982095,
              34.227423
            ],
            [
              108.982095,
              34.227122
            ],
            [
              108.981513,
              34.227122
            ],
            [
              108.981513,
              34.227423
            ]
          ]
        ]
      }
    },
    {
      "type": "Feature",
      "properties": {
        "css": [
          "ward-gate"
        ],
        "name": "昇道 北坊门",
        "description": "昇道 | 北坊门 | 位于北侧坊墙正中；连接坊内南北街。",
        "_elementType": "rect"
      },
      "geometry": {
        "type": "Polygon",
        "coordinates": [
          [
            [
              108.981513,
              34.232237
            ],
            [
              108.982095,
              34.232237
            ],
            [
              108.982095,
              34.231937
            ],
            [
              108.981513,
              34.231937
            ],
            [
              108.981513,
              34.232237
            ]
          ]
        ]
      }
    },
    {
      "type": "Feature",
      "properties": {
        "css": [
          "ward-gate"
        ],
        "name": "淳和 西坊门",
        "description": "淳和 | 西坊门 | 位于西侧坊墙正中；连接坊内东西横街。",
        "_elementType": "rect"
      },
      "geometry": {
        "type": "Polygon",
        "coordinates": [
          [
            [
              108.883544,
              34.224817
            ],
            [
              108.88391,
              34.224817
            ],
            [
              108.88391,
              34.22434
            ],
            [
              108.883544,
              34.22434
            ],
            [
              108.883544,
              34.224817
            ]
          ]
        ]
      }
    },
    {
      "type": "Feature",
      "properties": {
        "css": [
          "ward-gate"
        ],
        "name": "淳和 东坊门",
        "description": "淳和 | 东坊门 | 位于东侧坊墙正中；连接坊内东西横街。",
        "_elementType": "rect"
      },
      "geometry": {
        "type": "Polygon",
        "coordinates": [
          [
            [
              108.895528,
              34.224817
            ],
            [
              108.895894,
              34.224817
            ],
            [
              108.895894,
              34.22434
            ],
            [
              108.895528,
              34.22434
            ],
            [
              108.895528,
              34.224817
            ]
          ]
        ]
      }
    },
    {
      "type": "Feature",
      "properties": {
        "css": [
          "ward-gate"
        ],
        "name": "淳和 南坊门",
        "description": "淳和 | 南坊门 | 位于南侧坊墙正中；连接坊内南北街。",
        "_elementType": "rect"
      },
      "geometry": {
        "type": "Polygon",
        "coordinates": [
          [
            [
              108.889428,
              34.222343
            ],
            [
              108.89001,
              34.222343
            ],
            [
              108.89001,
              34.222043
            ],
            [
              108.889428,
              34.222043
            ],
            [
              108.889428,
              34.222343
            ]
          ]
        ]
      }
    },
    {
      "type": "Feature",
      "properties": {
        "css": [
          "ward-gate"
        ],
        "name": "淳和 北坊门",
        "description": "淳和 | 北坊门 | 位于北侧坊墙正中；连接坊内南北街。",
        "_elementType": "rect"
      },
      "geometry": {
        "type": "Polygon",
        "coordinates": [
          [
            [
              108.889428,
              34.227114
            ],
            [
              108.89001,
              34.227114
            ],
            [
              108.89001,
              34.226813
            ],
            [
              108.889428,
              34.226813
            ],
            [
              108.889428,
              34.227114
            ]
          ]
        ]
      }
    },
    {
      "type": "Feature",
      "properties": {
        "css": [
          "ward-gate"
        ],
        "name": "永平 西坊门",
        "description": "永平 | 西坊门 | 位于西侧坊墙正中；连接坊内东西横街。",
        "_elementType": "rect"
      },
      "geometry": {
        "type": "Polygon",
        "coordinates": [
          [
            [
              108.895981,
              34.224817
            ],
            [
              108.896347,
              34.224817
            ],
            [
              108.896347,
              34.22434
            ],
            [
              108.895981,
              34.22434
            ],
            [
              108.895981,
              34.224817
            ]
          ]
        ]
      }
    },
    {
      "type": "Feature",
      "properties": {
        "css": [
          "ward-gate"
        ],
        "name": "永平 东坊门",
        "description": "永平 | 东坊门 | 位于东侧坊墙正中；连接坊内东西横街。",
        "_elementType": "rect"
      },
      "geometry": {
        "type": "Polygon",
        "coordinates": [
          [
            [
              108.907383,
              34.224817
            ],
            [
              108.907749,
              34.224817
            ],
            [
              108.907749,
              34.22434
            ],
            [
              108.907383,
              34.22434
            ],
            [
              108.907383,
              34.224817
            ]
          ]
        ]
      }
    },
    {
      "type": "Feature",
      "properties": {
        "css": [
          "ward-gate"
        ],
        "name": "永平 南坊门",
        "description": "永平 | 南坊门 | 位于南侧坊墙正中；连接坊内南北街。",
        "_elementType": "rect"
      },
      "geometry": {
        "type": "Polygon",
        "coordinates": [
          [
            [
              108.901574,
              34.222343
            ],
            [
              108.902156,
              34.222343
            ],
            [
              108.902156,
              34.222043
            ],
            [
              108.901574,
              34.222043
            ],
            [
              108.901574,
              34.222343
            ]
          ]
        ]
      }
    },
    {
      "type": "Feature",
      "properties": {
        "css": [
          "ward-gate"
        ],
        "name": "永平 北坊门",
        "description": "永平 | 北坊门 | 位于北侧坊墙正中；连接坊内南北街。",
        "_elementType": "rect"
      },
      "geometry": {
        "type": "Polygon",
        "coordinates": [
          [
            [
              108.901574,
              34.227114
            ],
            [
              108.902156,
              34.227114
            ],
            [
              108.902156,
              34.226813
            ],
            [
              108.901574,
              34.226813
            ],
            [
              108.901574,
              34.227114
            ]
          ]
        ]
      }
    },
    {
      "type": "Feature",
      "properties": {
        "css": [
          "ward-gate"
        ],
        "name": "永安 西坊门",
        "description": "永安 | 西坊门 | 位于西侧坊墙正中；连接坊内东西横街。",
        "_elementType": "rect"
      },
      "geometry": {
        "type": "Polygon",
        "coordinates": [
          [
            [
              108.908062,
              34.224817
            ],
            [
              108.908428,
              34.224817
            ],
            [
              108.908428,
              34.22434
            ],
            [
              108.908062,
              34.22434
            ],
            [
              108.908062,
              34.224817
            ]
          ]
        ]
      }
    },
    {
      "type": "Feature",
      "properties": {
        "css": [
          "ward-gate"
        ],
        "name": "永安 东坊门",
        "description": "永安 | 东坊门 | 位于东侧坊墙正中；连接坊内东西横街。",
        "_elementType": "rect"
      },
      "geometry": {
        "type": "Polygon",
        "coordinates": [
          [
            [
              108.919054,
              34.224817
            ],
            [
              108.919421,
              34.224817
            ],
            [
              108.919421,
              34.22434
            ],
            [
              108.919054,
              34.22434
            ],
            [
              108.919054,
              34.224817
            ]
          ]
        ]
      }
    },
    {
      "type": "Feature",
      "properties": {
        "css": [
          "ward-gate"
        ],
        "name": "永安 南坊门",
        "description": "永安 | 南坊门 | 位于南侧坊墙正中；连接坊内南北街。",
        "_elementType": "rect"
      },
      "geometry": {
        "type": "Polygon",
        "coordinates": [
          [
            [
              108.91345,
              34.222343
            ],
            [
              108.914032,
              34.222343
            ],
            [
              108.914032,
              34.222043
            ],
            [
              108.91345,
              34.222043
            ],
            [
              108.91345,
              34.222343
            ]
          ]
        ]
      }
    },
    {
      "type": "Feature",
      "properties": {
        "css": [
          "ward-gate"
        ],
        "name": "永安 北坊门",
        "description": "永安 | 北坊门 | 位于北侧坊墙正中；连接坊内南北街。",
        "_elementType": "rect"
      },
      "geometry": {
        "type": "Polygon",
        "coordinates": [
          [
            [
              108.91345,
              34.227114
            ],
            [
              108.914032,
              34.227114
            ],
            [
              108.914032,
              34.226813
            ],
            [
              108.91345,
              34.226813
            ],
            [
              108.91345,
              34.227114
            ]
          ]
        ]
      }
    },
    {
      "type": "Feature",
      "properties": {
        "css": [
          "ward-gate"
        ],
        "name": "宣义 西坊门",
        "description": "宣义 | 西坊门 | 位于西侧坊墙正中；连接坊内东西横街。",
        "_elementType": "rect"
      },
      "geometry": {
        "type": "Polygon",
        "coordinates": [
          [
            [
              108.920218,
              34.224817
            ],
            [
              108.920585,
              34.224817
            ],
            [
              108.920585,
              34.22434
            ],
            [
              108.920218,
              34.22434
            ],
            [
              108.920218,
              34.224817
            ]
          ]
        ]
      }
    },
    {
      "type": "Feature",
      "properties": {
        "css": [
          "ward-gate"
        ],
        "name": "宣义 东坊门",
        "description": "宣义 | 东坊门 | 位于东侧坊墙正中；连接坊内东西横街。",
        "_elementType": "rect"
      },
      "geometry": {
        "type": "Polygon",
        "coordinates": [
          [
            [
              108.927579,
              34.224817
            ],
            [
              108.927946,
              34.224817
            ],
            [
              108.927946,
              34.22434
            ],
            [
              108.927579,
              34.22434
            ],
            [
              108.927579,
              34.224817
            ]
          ]
        ]
      }
    },
    {
      "type": "Feature",
      "properties": {
        "css": [
          "ward-gate"
        ],
        "name": "永达 西坊门",
        "description": "永达 | 西坊门 | 位于西侧坊墙正中；连接坊内东西横街。",
        "_elementType": "rect"
      },
      "geometry": {
        "type": "Polygon",
        "coordinates": [
          [
            [
              108.928258,
              34.224817
            ],
            [
              108.928625,
              34.224817
            ],
            [
              108.928625,
              34.22434
            ],
            [
              108.928258,
              34.22434
            ],
            [
              108.928258,
              34.224817
            ]
          ]
        ]
      }
    },
    {
      "type": "Feature",
      "properties": {
        "css": [
          "ward-gate"
        ],
        "name": "永达 东坊门",
        "description": "永达 | 东坊门 | 位于东侧坊墙正中；连接坊内东西横街。",
        "_elementType": "rect"
      },
      "geometry": {
        "type": "Polygon",
        "coordinates": [
          [
            [
              108.934272,
              34.224817
            ],
            [
              108.934638,
              34.224817
            ],
            [
              108.934638,
              34.22434
            ],
            [
              108.934272,
              34.22434
            ],
            [
              108.934272,
              34.224817
            ]
          ]
        ]
      }
    },
    {
      "type": "Feature",
      "properties": {
        "css": [
          "ward-gate"
        ],
        "name": "兰陵 西坊门",
        "description": "兰陵 | 西坊门 | 位于西侧坊墙正中；连接坊内东西横街。",
        "_elementType": "rect"
      },
      "geometry": {
        "type": "Polygon",
        "coordinates": [
          [
            [
              108.935942,
              34.224817
            ],
            [
              108.936309,
              34.224817
            ],
            [
              108.936309,
              34.22434
            ],
            [
              108.935942,
              34.22434
            ],
            [
              108.935942,
              34.224817
            ]
          ]
        ]
      }
    },
    {
      "type": "Feature",
      "properties": {
        "css": [
          "ward-gate"
        ],
        "name": "兰陵 东坊门",
        "description": "兰陵 | 东坊门 | 位于东侧坊墙正中；连接坊内东西横街。",
        "_elementType": "rect"
      },
      "geometry": {
        "type": "Polygon",
        "coordinates": [
          [
            [
              108.941999,
              34.224817
            ],
            [
              108.942365,
              34.224817
            ],
            [
              108.942365,
              34.22434
            ],
            [
              108.941999,
              34.22434
            ],
            [
              108.941999,
              34.224817
            ]
          ]
        ]
      }
    },
    {
      "type": "Feature",
      "properties": {
        "css": [
          "ward-gate"
        ],
        "name": "安善 西坊门",
        "description": "安善 | 西坊门 | 位于西侧坊墙正中；连接坊内东西横街。",
        "_elementType": "rect"
      },
      "geometry": {
        "type": "Polygon",
        "coordinates": [
          [
            [
              108.942721,
              34.224817
            ],
            [
              108.943087,
              34.224817
            ],
            [
              108.943087,
              34.22434
            ],
            [
              108.942721,
              34.22434
            ],
            [
              108.942721,
              34.224817
            ]
          ]
        ]
      }
    },
    {
      "type": "Feature",
      "properties": {
        "css": [
          "ward-gate"
        ],
        "name": "安善 东坊门",
        "description": "安善 | 东坊门 | 位于东侧坊墙正中；连接坊内东西横街。",
        "_elementType": "rect"
      },
      "geometry": {
        "type": "Polygon",
        "coordinates": [
          [
            [
              108.950265,
              34.224817
            ],
            [
              108.950631,
              34.224817
            ],
            [
              108.950631,
              34.22434
            ],
            [
              108.950265,
              34.22434
            ],
            [
              108.950265,
              34.224817
            ]
          ]
        ]
      }
    },
    {
      "type": "Feature",
      "properties": {
        "css": [
          "ward-gate"
        ],
        "name": "昭国 西坊门",
        "description": "昭国 | 西坊门 | 位于西侧坊墙正中；连接坊内东西横街。",
        "_elementType": "rect"
      },
      "geometry": {
        "type": "Polygon",
        "coordinates": [
          [
            [
              108.951709,
              34.224817
            ],
            [
              108.952076,
              34.224817
            ],
            [
              108.952076,
              34.22434
            ],
            [
              108.951709,
              34.22434
            ],
            [
              108.951709,
              34.224817
            ]
          ]
        ]
      }
    },
    {
      "type": "Feature",
      "properties": {
        "css": [
          "ward-gate"
        ],
        "name": "昭国 东坊门",
        "description": "昭国 | 东坊门 | 位于东侧坊墙正中；连接坊内东西横街。",
        "_elementType": "rect"
      },
      "geometry": {
        "type": "Polygon",
        "coordinates": [
          [
            [
              108.962723,
              34.224817
            ],
            [
              108.96309,
              34.224817
            ],
            [
              108.96309,
              34.22434
            ],
            [
              108.962723,
              34.22434
            ],
            [
              108.962723,
              34.224817
            ]
          ]
        ]
      }
    },
    {
      "type": "Feature",
      "properties": {
        "css": [
          "ward-gate"
        ],
        "name": "昭国 南坊门",
        "description": "昭国 | 南坊门 | 位于南侧坊墙正中；连接坊内南北街。",
        "_elementType": "rect"
      },
      "geometry": {
        "type": "Polygon",
        "coordinates": [
          [
            [
              108.957108,
              34.222343
            ],
            [
              108.95769,
              34.222343
            ],
            [
              108.95769,
              34.222043
            ],
            [
              108.957108,
              34.222043
            ],
            [
              108.957108,
              34.222343
            ]
          ]
        ]
      }
    },
    {
      "type": "Feature",
      "properties": {
        "css": [
          "ward-gate"
        ],
        "name": "昭国 北坊门",
        "description": "昭国 | 北坊门 | 位于北侧坊墙正中；连接坊内南北街。",
        "_elementType": "rect"
      },
      "geometry": {
        "type": "Polygon",
        "coordinates": [
          [
            [
              108.957108,
              34.227114
            ],
            [
              108.95769,
              34.227114
            ],
            [
              108.95769,
              34.226813
            ],
            [
              108.957108,
              34.226813
            ],
            [
              108.957108,
              34.227114
            ]
          ]
        ]
      }
    },
    {
      "type": "Feature",
      "properties": {
        "css": [
          "ward-gate"
        ],
        "name": "修行 西坊门",
        "description": "修行 | 西坊门 | 位于西侧坊墙正中；连接坊内东西横街。",
        "_elementType": "rect"
      },
      "geometry": {
        "type": "Polygon",
        "coordinates": [
          [
            [
              108.963456,
              34.224817
            ],
            [
              108.963823,
              34.224817
            ],
            [
              108.963823,
              34.22434
            ],
            [
              108.963456,
              34.22434
            ],
            [
              108.963456,
              34.224817
            ]
          ]
        ]
      }
    },
    {
      "type": "Feature",
      "properties": {
        "css": [
          "ward-gate"
        ],
        "name": "修行 东坊门",
        "description": "修行 | 东坊门 | 位于东侧坊墙正中；连接坊内东西横街。",
        "_elementType": "rect"
      },
      "geometry": {
        "type": "Polygon",
        "coordinates": [
          [
            [
              108.97488,
              34.224817
            ],
            [
              108.975246,
              34.224817
            ],
            [
              108.975246,
              34.22434
            ],
            [
              108.97488,
              34.22434
            ],
            [
              108.97488,
              34.224817
            ]
          ]
        ]
      }
    },
    {
      "type": "Feature",
      "properties": {
        "css": [
          "ward-gate"
        ],
        "name": "修行 南坊门",
        "description": "修行 | 南坊门 | 位于南侧坊墙正中；连接坊内南北街。",
        "_elementType": "rect"
      },
      "geometry": {
        "type": "Polygon",
        "coordinates": [
          [
            [
              108.96906,
              34.222343
            ],
            [
              108.969642,
              34.222343
            ],
            [
              108.969642,
              34.222043
            ],
            [
              108.96906,
              34.222043
            ],
            [
              108.96906,
              34.222343
            ]
          ]
        ]
      }
    },
    {
      "type": "Feature",
      "properties": {
        "css": [
          "ward-gate"
        ],
        "name": "修行 北坊门",
        "description": "修行 | 北坊门 | 位于北侧坊墙正中；连接坊内南北街。",
        "_elementType": "rect"
      },
      "geometry": {
        "type": "Polygon",
        "coordinates": [
          [
            [
              108.96906,
              34.227114
            ],
            [
              108.969642,
              34.227114
            ],
            [
              108.969642,
              34.226813
            ],
            [
              108.96906,
              34.226813
            ],
            [
              108.96906,
              34.227114
            ]
          ]
        ]
      }
    },
    {
      "type": "Feature",
      "properties": {
        "css": [
          "ward-gate"
        ],
        "name": "广德 西坊门",
        "description": "广德 | 西坊门 | 位于西侧坊墙正中；连接坊内东西横街。",
        "_elementType": "rect"
      },
      "geometry": {
        "type": "Polygon",
        "coordinates": [
          [
            [
              108.975613,
              34.224817
            ],
            [
              108.975979,
              34.224817
            ],
            [
              108.975979,
              34.22434
            ],
            [
              108.975613,
              34.22434
            ],
            [
              108.975613,
              34.224817
            ]
          ]
        ]
      }
    },
    {
      "type": "Feature",
      "properties": {
        "css": [
          "ward-gate"
        ],
        "name": "广德 东坊门",
        "description": "广德 | 东坊门 | 位于东侧坊墙正中；连接坊内东西横街。",
        "_elementType": "rect"
      },
      "geometry": {
        "type": "Polygon",
        "coordinates": [
          [
            [
              108.987629,
              34.224817
            ],
            [
              108.987996,
              34.224817
            ],
            [
              108.987996,
              34.22434
            ],
            [
              108.987629,
              34.22434
            ],
            [
              108.987629,
              34.224817
            ]
          ]
        ]
      }
    },
    {
      "type": "Feature",
      "properties": {
        "css": [
          "ward-gate"
        ],
        "name": "广德 南坊门",
        "description": "广德 | 南坊门 | 位于南侧坊墙正中；连接坊内南北街。",
        "_elementType": "rect"
      },
      "geometry": {
        "type": "Polygon",
        "coordinates": [
          [
            [
              108.981513,
              34.222343
            ],
            [
              108.982095,
              34.222343
            ],
            [
              108.982095,
              34.222043
            ],
            [
              108.981513,
              34.222043
            ],
            [
              108.981513,
              34.222343
            ]
          ]
        ]
      }
    },
    {
      "type": "Feature",
      "properties": {
        "css": [
          "ward-gate"
        ],
        "name": "广德 北坊门",
        "description": "广德 | 北坊门 | 位于北侧坊墙正中；连接坊内南北街。",
        "_elementType": "rect"
      },
      "geometry": {
        "type": "Polygon",
        "coordinates": [
          [
            [
              108.981513,
              34.227114
            ],
            [
              108.982095,
              34.227114
            ],
            [
              108.982095,
              34.226813
            ],
            [
              108.981513,
              34.226813
            ],
            [
              108.981513,
              34.227114
            ]
          ]
        ]
      }
    },
    {
      "type": "Feature",
      "properties": {
        "css": [
          "ward-gate"
        ],
        "name": "常安 西坊门",
        "description": "常安 | 西坊门 | 位于西侧坊墙正中；连接坊内东西横街。",
        "_elementType": "rect"
      },
      "geometry": {
        "type": "Polygon",
        "coordinates": [
          [
            [
              108.883544,
              34.219583
            ],
            [
              108.88391,
              34.219583
            ],
            [
              108.88391,
              34.219106
            ],
            [
              108.883544,
              34.219106
            ],
            [
              108.883544,
              34.219583
            ]
          ]
        ]
      }
    },
    {
      "type": "Feature",
      "properties": {
        "css": [
          "ward-gate"
        ],
        "name": "常安 东坊门",
        "description": "常安 | 东坊门 | 位于东侧坊墙正中；连接坊内东西横街。",
        "_elementType": "rect"
      },
      "geometry": {
        "type": "Polygon",
        "coordinates": [
          [
            [
              108.895528,
              34.219583
            ],
            [
              108.895894,
              34.219583
            ],
            [
              108.895894,
              34.219106
            ],
            [
              108.895528,
              34.219106
            ],
            [
              108.895528,
              34.219583
            ]
          ]
        ]
      }
    },
    {
      "type": "Feature",
      "properties": {
        "css": [
          "ward-gate"
        ],
        "name": "常安 南坊门",
        "description": "常安 | 南坊门 | 位于南侧坊墙正中；连接坊内南北街。",
        "_elementType": "rect"
      },
      "geometry": {
        "type": "Polygon",
        "coordinates": [
          [
            [
              108.889428,
              34.217131
            ],
            [
              108.89001,
              34.217131
            ],
            [
              108.89001,
              34.216831
            ],
            [
              108.889428,
              34.216831
            ],
            [
              108.889428,
              34.217131
            ]
          ]
        ]
      }
    },
    {
      "type": "Feature",
      "properties": {
        "css": [
          "ward-gate"
        ],
        "name": "常安 北坊门",
        "description": "常安 | 北坊门 | 位于北侧坊墙正中；连接坊内南北街。",
        "_elementType": "rect"
      },
      "geometry": {
        "type": "Polygon",
        "coordinates": [
          [
            [
              108.889428,
              34.221857
            ],
            [
              108.89001,
              34.221857
            ],
            [
              108.89001,
              34.221557
            ],
            [
              108.889428,
              34.221557
            ],
            [
              108.889428,
              34.221857
            ]
          ]
        ]
      }
    },
    {
      "type": "Feature",
      "properties": {
        "css": [
          "ward-gate"
        ],
        "name": "通轨 西坊门",
        "description": "通轨 | 西坊门 | 位于西侧坊墙正中；连接坊内东西横街。",
        "_elementType": "rect"
      },
      "geometry": {
        "type": "Polygon",
        "coordinates": [
          [
            [
              108.895981,
              34.219583
            ],
            [
              108.896347,
              34.219583
            ],
            [
              108.896347,
              34.219106
            ],
            [
              108.895981,
              34.219106
            ],
            [
              108.895981,
              34.219583
            ]
          ]
        ]
      }
    },
    {
      "type": "Feature",
      "properties": {
        "css": [
          "ward-gate"
        ],
        "name": "通轨 东坊门",
        "description": "通轨 | 东坊门 | 位于东侧坊墙正中；连接坊内东西横街。",
        "_elementType": "rect"
      },
      "geometry": {
        "type": "Polygon",
        "coordinates": [
          [
            [
              108.907383,
              34.219583
            ],
            [
              108.907749,
              34.219583
            ],
            [
              108.907749,
              34.219106
            ],
            [
              108.907383,
              34.219106
            ],
            [
              108.907383,
              34.219583
            ]
          ]
        ]
      }
    },
    {
      "type": "Feature",
      "properties": {
        "css": [
          "ward-gate"
        ],
        "name": "通轨 南坊门",
        "description": "通轨 | 南坊门 | 位于南侧坊墙正中；连接坊内南北街。",
        "_elementType": "rect"
      },
      "geometry": {
        "type": "Polygon",
        "coordinates": [
          [
            [
              108.901574,
              34.217131
            ],
            [
              108.902156,
              34.217131
            ],
            [
              108.902156,
              34.216831
            ],
            [
              108.901574,
              34.216831
            ],
            [
              108.901574,
              34.217131
            ]
          ]
        ]
      }
    },
    {
      "type": "Feature",
      "properties": {
        "css": [
          "ward-gate"
        ],
        "name": "通轨 北坊门",
        "description": "通轨 | 北坊门 | 位于北侧坊墙正中；连接坊内南北街。",
        "_elementType": "rect"
      },
      "geometry": {
        "type": "Polygon",
        "coordinates": [
          [
            [
              108.901574,
              34.221857
            ],
            [
              108.902156,
              34.221857
            ],
            [
              108.902156,
              34.221557
            ],
            [
              108.901574,
              34.221557
            ],
            [
              108.901574,
              34.221857
            ]
          ]
        ]
      }
    },
    {
      "type": "Feature",
      "properties": {
        "css": [
          "ward-gate"
        ],
        "name": "敦义 西坊门",
        "description": "敦义 | 西坊门 | 位于西侧坊墙正中；连接坊内东西横街。",
        "_elementType": "rect"
      },
      "geometry": {
        "type": "Polygon",
        "coordinates": [
          [
            [
              108.908062,
              34.219583
            ],
            [
              108.908428,
              34.219583
            ],
            [
              108.908428,
              34.219106
            ],
            [
              108.908062,
              34.219106
            ],
            [
              108.908062,
              34.219583
            ]
          ]
        ]
      }
    },
    {
      "type": "Feature",
      "properties": {
        "css": [
          "ward-gate"
        ],
        "name": "敦义 东坊门",
        "description": "敦义 | 东坊门 | 位于东侧坊墙正中；连接坊内东西横街。",
        "_elementType": "rect"
      },
      "geometry": {
        "type": "Polygon",
        "coordinates": [
          [
            [
              108.919054,
              34.219583
            ],
            [
              108.919421,
              34.219583
            ],
            [
              108.919421,
              34.219106
            ],
            [
              108.919054,
              34.219106
            ],
            [
              108.919054,
              34.219583
            ]
          ]
        ]
      }
    },
    {
      "type": "Feature",
      "properties": {
        "css": [
          "ward-gate"
        ],
        "name": "敦义 南坊门",
        "description": "敦义 | 南坊门 | 位于南侧坊墙正中；连接坊内南北街。",
        "_elementType": "rect"
      },
      "geometry": {
        "type": "Polygon",
        "coordinates": [
          [
            [
              108.91345,
              34.217131
            ],
            [
              108.914032,
              34.217131
            ],
            [
              108.914032,
              34.216831
            ],
            [
              108.91345,
              34.216831
            ],
            [
              108.91345,
              34.217131
            ]
          ]
        ]
      }
    },
    {
      "type": "Feature",
      "properties": {
        "css": [
          "ward-gate"
        ],
        "name": "敦义 北坊门",
        "description": "敦义 | 北坊门 | 位于北侧坊墙正中；连接坊内南北街。",
        "_elementType": "rect"
      },
      "geometry": {
        "type": "Polygon",
        "coordinates": [
          [
            [
              108.91345,
              34.221857
            ],
            [
              108.914032,
              34.221857
            ],
            [
              108.914032,
              34.221557
            ],
            [
              108.91345,
              34.221557
            ],
            [
              108.91345,
              34.221857
            ]
          ]
        ]
      }
    },
    {
      "type": "Feature",
      "properties": {
        "css": [
          "ward-gate"
        ],
        "name": "丰安 西坊门",
        "description": "丰安 | 西坊门 | 位于西侧坊墙正中；连接坊内东西横街。",
        "_elementType": "rect"
      },
      "geometry": {
        "type": "Polygon",
        "coordinates": [
          [
            [
              108.920218,
              34.219583
            ],
            [
              108.920585,
              34.219583
            ],
            [
              108.920585,
              34.219106
            ],
            [
              108.920218,
              34.219106
            ],
            [
              108.920218,
              34.219583
            ]
          ]
        ]
      }
    },
    {
      "type": "Feature",
      "properties": {
        "css": [
          "ward-gate"
        ],
        "name": "丰安 东坊门",
        "description": "丰安 | 东坊门 | 位于东侧坊墙正中；连接坊内东西横街。",
        "_elementType": "rect"
      },
      "geometry": {
        "type": "Polygon",
        "coordinates": [
          [
            [
              108.927579,
              34.219583
            ],
            [
              108.927946,
              34.219583
            ],
            [
              108.927946,
              34.219106
            ],
            [
              108.927579,
              34.219106
            ],
            [
              108.927579,
              34.219583
            ]
          ]
        ]
      }
    },
    {
      "type": "Feature",
      "properties": {
        "css": [
          "ward-gate"
        ],
        "name": "道德 西坊门",
        "description": "道德 | 西坊门 | 位于西侧坊墙正中；连接坊内东西横街。",
        "_elementType": "rect"
      },
      "geometry": {
        "type": "Polygon",
        "coordinates": [
          [
            [
              108.928258,
              34.219583
            ],
            [
              108.928625,
              34.219583
            ],
            [
              108.928625,
              34.219106
            ],
            [
              108.928258,
              34.219106
            ],
            [
              108.928258,
              34.219583
            ]
          ]
        ]
      }
    },
    {
      "type": "Feature",
      "properties": {
        "css": [
          "ward-gate"
        ],
        "name": "道德 东坊门",
        "description": "道德 | 东坊门 | 位于东侧坊墙正中；连接坊内东西横街。",
        "_elementType": "rect"
      },
      "geometry": {
        "type": "Polygon",
        "coordinates": [
          [
            [
              108.934272,
              34.219583
            ],
            [
              108.934638,
              34.219583
            ],
            [
              108.934638,
              34.219106
            ],
            [
              108.934272,
              34.219106
            ],
            [
              108.934272,
              34.219583
            ]
          ]
        ]
      }
    },
    {
      "type": "Feature",
      "properties": {
        "css": [
          "ward-gate"
        ],
        "name": "开明 西坊门",
        "description": "开明 | 西坊门 | 位于西侧坊墙正中；连接坊内东西横街。",
        "_elementType": "rect"
      },
      "geometry": {
        "type": "Polygon",
        "coordinates": [
          [
            [
              108.935942,
              34.219583
            ],
            [
              108.936309,
              34.219583
            ],
            [
              108.936309,
              34.219106
            ],
            [
              108.935942,
              34.219106
            ],
            [
              108.935942,
              34.219583
            ]
          ]
        ]
      }
    },
    {
      "type": "Feature",
      "properties": {
        "css": [
          "ward-gate"
        ],
        "name": "开明 东坊门",
        "description": "开明 | 东坊门 | 位于东侧坊墙正中；连接坊内东西横街。",
        "_elementType": "rect"
      },
      "geometry": {
        "type": "Polygon",
        "coordinates": [
          [
            [
              108.941999,
              34.219583
            ],
            [
              108.942365,
              34.219583
            ],
            [
              108.942365,
              34.219106
            ],
            [
              108.941999,
              34.219106
            ],
            [
              108.941999,
              34.219583
            ]
          ]
        ]
      }
    },
    {
      "type": "Feature",
      "properties": {
        "css": [
          "ward-gate"
        ],
        "name": "大业 西坊门",
        "description": "大业 | 西坊门 | 位于西侧坊墙正中；连接坊内东西横街。",
        "_elementType": "rect"
      },
      "geometry": {
        "type": "Polygon",
        "coordinates": [
          [
            [
              108.942721,
              34.219583
            ],
            [
              108.943087,
              34.219583
            ],
            [
              108.943087,
              34.219106
            ],
            [
              108.942721,
              34.219106
            ],
            [
              108.942721,
              34.219583
            ]
          ]
        ]
      }
    },
    {
      "type": "Feature",
      "properties": {
        "css": [
          "ward-gate"
        ],
        "name": "大业 东坊门",
        "description": "大业 | 东坊门 | 位于东侧坊墙正中；连接坊内东西横街。",
        "_elementType": "rect"
      },
      "geometry": {
        "type": "Polygon",
        "coordinates": [
          [
            [
              108.950265,
              34.219583
            ],
            [
              108.950631,
              34.219583
            ],
            [
              108.950631,
              34.219106
            ],
            [
              108.950265,
              34.219106
            ],
            [
              108.950265,
              34.219583
            ]
          ]
        ]
      }
    },
    {
      "type": "Feature",
      "properties": {
        "css": [
          "ward-gate"
        ],
        "name": "晋昌 西坊门",
        "description": "晋昌 | 西坊门 | 位于西侧坊墙正中；连接坊内东西横街。",
        "_elementType": "rect"
      },
      "geometry": {
        "type": "Polygon",
        "coordinates": [
          [
            [
              108.951709,
              34.219583
            ],
            [
              108.952076,
              34.219583
            ],
            [
              108.952076,
              34.219106
            ],
            [
              108.951709,
              34.219106
            ],
            [
              108.951709,
              34.219583
            ]
          ]
        ]
      }
    },
    {
      "type": "Feature",
      "properties": {
        "css": [
          "ward-gate"
        ],
        "name": "晋昌 东坊门",
        "description": "晋昌 | 东坊门 | 位于东侧坊墙正中；连接坊内东西横街。",
        "_elementType": "rect"
      },
      "geometry": {
        "type": "Polygon",
        "coordinates": [
          [
            [
              108.962723,
              34.219583
            ],
            [
              108.96309,
              34.219583
            ],
            [
              108.96309,
              34.219106
            ],
            [
              108.962723,
              34.219106
            ],
            [
              108.962723,
              34.219583
            ]
          ]
        ]
      }
    },
    {
      "type": "Feature",
      "properties": {
        "css": [
          "ward-gate"
        ],
        "name": "晋昌 南坊门",
        "description": "晋昌 | 南坊门 | 位于南侧坊墙正中；连接坊内南北街。",
        "_elementType": "rect"
      },
      "geometry": {
        "type": "Polygon",
        "coordinates": [
          [
            [
              108.957108,
              34.217131
            ],
            [
              108.95769,
              34.217131
            ],
            [
              108.95769,
              34.216831
            ],
            [
              108.957108,
              34.216831
            ],
            [
              108.957108,
              34.217131
            ]
          ]
        ]
      }
    },
    {
      "type": "Feature",
      "properties": {
        "css": [
          "ward-gate"
        ],
        "name": "晋昌 北坊门",
        "description": "晋昌 | 北坊门 | 位于北侧坊墙正中；连接坊内南北街。",
        "_elementType": "rect"
      },
      "geometry": {
        "type": "Polygon",
        "coordinates": [
          [
            [
              108.957108,
              34.221857
            ],
            [
              108.95769,
              34.221857
            ],
            [
              108.95769,
              34.221557
            ],
            [
              108.957108,
              34.221557
            ],
            [
              108.957108,
              34.221857
            ]
          ]
        ]
      }
    },
    {
      "type": "Feature",
      "properties": {
        "css": [
          "ward-gate"
        ],
        "name": "修政 西坊门",
        "description": "修政 | 西坊门 | 位于西侧坊墙正中；连接坊内东西横街。",
        "_elementType": "rect"
      },
      "geometry": {
        "type": "Polygon",
        "coordinates": [
          [
            [
              108.963456,
              34.219583
            ],
            [
              108.963823,
              34.219583
            ],
            [
              108.963823,
              34.219106
            ],
            [
              108.963456,
              34.219106
            ],
            [
              108.963456,
              34.219583
            ]
          ]
        ]
      }
    },
    {
      "type": "Feature",
      "properties": {
        "css": [
          "ward-gate"
        ],
        "name": "修政 东坊门",
        "description": "修政 | 东坊门 | 位于东侧坊墙正中；连接坊内东西横街。",
        "_elementType": "rect"
      },
      "geometry": {
        "type": "Polygon",
        "coordinates": [
          [
            [
              108.97488,
              34.219583
            ],
            [
              108.975246,
              34.219583
            ],
            [
              108.975246,
              34.219106
            ],
            [
              108.97488,
              34.219106
            ],
            [
              108.97488,
              34.219583
            ]
          ]
        ]
      }
    },
    {
      "type": "Feature",
      "properties": {
        "css": [
          "ward-gate"
        ],
        "name": "修政 南坊门",
        "description": "修政 | 南坊门 | 位于南侧坊墙正中；连接坊内南北街。",
        "_elementType": "rect"
      },
      "geometry": {
        "type": "Polygon",
        "coordinates": [
          [
            [
              108.96906,
              34.217131
            ],
            [
              108.969642,
              34.217131
            ],
            [
              108.969642,
              34.216831
            ],
            [
              108.96906,
              34.216831
            ],
            [
              108.96906,
              34.217131
            ]
          ]
        ]
      }
    },
    {
      "type": "Feature",
      "properties": {
        "css": [
          "ward-gate"
        ],
        "name": "修政 北坊门",
        "description": "修政 | 北坊门 | 位于北侧坊墙正中；连接坊内南北街。",
        "_elementType": "rect"
      },
      "geometry": {
        "type": "Polygon",
        "coordinates": [
          [
            [
              108.96906,
              34.221857
            ],
            [
              108.969642,
              34.221857
            ],
            [
              108.969642,
              34.221557
            ],
            [
              108.96906,
              34.221557
            ],
            [
              108.96906,
              34.221857
            ]
          ]
        ]
      }
    },
    {
      "type": "Feature",
      "properties": {
        "css": [
          "ward-gate"
        ],
        "name": "立政 西坊门",
        "description": "立政 | 西坊门 | 位于西侧坊墙正中；连接坊内东西横街。",
        "_elementType": "rect"
      },
      "geometry": {
        "type": "Polygon",
        "coordinates": [
          [
            [
              108.975613,
              34.219583
            ],
            [
              108.975979,
              34.219583
            ],
            [
              108.975979,
              34.219106
            ],
            [
              108.975613,
              34.219106
            ],
            [
              108.975613,
              34.219583
            ]
          ]
        ]
      }
    },
    {
      "type": "Feature",
      "properties": {
        "css": [
          "ward-gate"
        ],
        "name": "立政 东坊门",
        "description": "立政 | 东坊门 | 位于东侧坊墙正中；连接坊内东西横街。",
        "_elementType": "rect"
      },
      "geometry": {
        "type": "Polygon",
        "coordinates": [
          [
            [
              108.987629,
              34.219583
            ],
            [
              108.987996,
              34.219583
            ],
            [
              108.987996,
              34.219106
            ],
            [
              108.987629,
              34.219106
            ],
            [
              108.987629,
              34.219583
            ]
          ]
        ]
      }
    },
    {
      "type": "Feature",
      "properties": {
        "css": [
          "ward-gate"
        ],
        "name": "立政 南坊门",
        "description": "立政 | 南坊门 | 位于南侧坊墙正中；连接坊内南北街。",
        "_elementType": "rect"
      },
      "geometry": {
        "type": "Polygon",
        "coordinates": [
          [
            [
              108.981513,
              34.217131
            ],
            [
              108.982095,
              34.217131
            ],
            [
              108.982095,
              34.216831
            ],
            [
              108.981513,
              34.216831
            ],
            [
              108.981513,
              34.217131
            ]
          ]
        ]
      }
    },
    {
      "type": "Feature",
      "properties": {
        "css": [
          "ward-gate"
        ],
        "name": "立政 北坊门",
        "description": "立政 | 北坊门 | 位于北侧坊墙正中；连接坊内南北街。",
        "_elementType": "rect"
      },
      "geometry": {
        "type": "Polygon",
        "coordinates": [
          [
            [
              108.981513,
              34.221857
            ],
            [
              108.982095,
              34.221857
            ],
            [
              108.982095,
              34.221557
            ],
            [
              108.981513,
              34.221557
            ],
            [
              108.981513,
              34.221857
            ]
          ]
        ]
      }
    },
    {
      "type": "Feature",
      "properties": {
        "css": [
          "ward-gate"
        ],
        "name": "和平 西坊门",
        "description": "和平 | 西坊门 | 位于西侧坊墙正中；连接坊内东西横街。",
        "_elementType": "rect"
      },
      "geometry": {
        "type": "Polygon",
        "coordinates": [
          [
            [
              108.883544,
              34.214614
            ],
            [
              108.88391,
              34.214614
            ],
            [
              108.88391,
              34.214136
            ],
            [
              108.883544,
              34.214136
            ],
            [
              108.883544,
              34.214614
            ]
          ]
        ]
      }
    },
    {
      "type": "Feature",
      "properties": {
        "css": [
          "ward-gate"
        ],
        "name": "和平 东坊门",
        "description": "和平 | 东坊门 | 位于东侧坊墙正中；连接坊内东西横街。",
        "_elementType": "rect"
      },
      "geometry": {
        "type": "Polygon",
        "coordinates": [
          [
            [
              108.895528,
              34.214614
            ],
            [
              108.895894,
              34.214614
            ],
            [
              108.895894,
              34.214136
            ],
            [
              108.895528,
              34.214136
            ],
            [
              108.895528,
              34.214614
            ]
          ]
        ]
      }
    },
    {
      "type": "Feature",
      "properties": {
        "css": [
          "ward-gate"
        ],
        "name": "和平 南坊门",
        "description": "和平 | 南坊门 | 位于南侧坊墙正中；连接坊内南北街。",
        "_elementType": "rect"
      },
      "geometry": {
        "type": "Polygon",
        "coordinates": [
          [
            [
              108.889428,
              34.212184
            ],
            [
              108.89001,
              34.212184
            ],
            [
              108.89001,
              34.211884
            ],
            [
              108.889428,
              34.211884
            ],
            [
              108.889428,
              34.212184
            ]
          ]
        ]
      }
    },
    {
      "type": "Feature",
      "properties": {
        "css": [
          "ward-gate"
        ],
        "name": "和平 北坊门",
        "description": "和平 | 北坊门 | 位于北侧坊墙正中；连接坊内南北街。",
        "_elementType": "rect"
      },
      "geometry": {
        "type": "Polygon",
        "coordinates": [
          [
            [
              108.889428,
              34.216866
            ],
            [
              108.89001,
              34.216866
            ],
            [
              108.89001,
              34.216566
            ],
            [
              108.889428,
              34.216566
            ],
            [
              108.889428,
              34.216866
            ]
          ]
        ]
      }
    },
    {
      "type": "Feature",
      "properties": {
        "css": [
          "ward-gate"
        ],
        "name": "归义 西坊门",
        "description": "归义 | 西坊门 | 位于西侧坊墙正中；连接坊内东西横街。",
        "_elementType": "rect"
      },
      "geometry": {
        "type": "Polygon",
        "coordinates": [
          [
            [
              108.895981,
              34.214614
            ],
            [
              108.896347,
              34.214614
            ],
            [
              108.896347,
              34.214136
            ],
            [
              108.895981,
              34.214136
            ],
            [
              108.895981,
              34.214614
            ]
          ]
        ]
      }
    },
    {
      "type": "Feature",
      "properties": {
        "css": [
          "ward-gate"
        ],
        "name": "归义 东坊门",
        "description": "归义 | 东坊门 | 位于东侧坊墙正中；连接坊内东西横街。",
        "_elementType": "rect"
      },
      "geometry": {
        "type": "Polygon",
        "coordinates": [
          [
            [
              108.907383,
              34.214614
            ],
            [
              108.907749,
              34.214614
            ],
            [
              108.907749,
              34.214136
            ],
            [
              108.907383,
              34.214136
            ],
            [
              108.907383,
              34.214614
            ]
          ]
        ]
      }
    },
    {
      "type": "Feature",
      "properties": {
        "css": [
          "ward-gate"
        ],
        "name": "归义 南坊门",
        "description": "归义 | 南坊门 | 位于南侧坊墙正中；连接坊内南北街。",
        "_elementType": "rect"
      },
      "geometry": {
        "type": "Polygon",
        "coordinates": [
          [
            [
              108.901574,
              34.212184
            ],
            [
              108.902156,
              34.212184
            ],
            [
              108.902156,
              34.211884
            ],
            [
              108.901574,
              34.211884
            ],
            [
              108.901574,
              34.212184
            ]
          ]
        ]
      }
    },
    {
      "type": "Feature",
      "properties": {
        "css": [
          "ward-gate"
        ],
        "name": "归义 北坊门",
        "description": "归义 | 北坊门 | 位于北侧坊墙正中；连接坊内南北街。",
        "_elementType": "rect"
      },
      "geometry": {
        "type": "Polygon",
        "coordinates": [
          [
            [
              108.901574,
              34.216866
            ],
            [
              108.902156,
              34.216866
            ],
            [
              108.902156,
              34.216566
            ],
            [
              108.901574,
              34.216566
            ],
            [
              108.901574,
              34.216866
            ]
          ]
        ]
      }
    },
    {
      "type": "Feature",
      "properties": {
        "css": [
          "ward-gate"
        ],
        "name": "大通 西坊门",
        "description": "大通 | 西坊门 | 位于西侧坊墙正中；连接坊内东西横街。",
        "_elementType": "rect"
      },
      "geometry": {
        "type": "Polygon",
        "coordinates": [
          [
            [
              108.908062,
              34.214614
            ],
            [
              108.908428,
              34.214614
            ],
            [
              108.908428,
              34.214136
            ],
            [
              108.908062,
              34.214136
            ],
            [
              108.908062,
              34.214614
            ]
          ]
        ]
      }
    },
    {
      "type": "Feature",
      "properties": {
        "css": [
          "ward-gate"
        ],
        "name": "大通 东坊门",
        "description": "大通 | 东坊门 | 位于东侧坊墙正中；连接坊内东西横街。",
        "_elementType": "rect"
      },
      "geometry": {
        "type": "Polygon",
        "coordinates": [
          [
            [
              108.919054,
              34.214614
            ],
            [
              108.919421,
              34.214614
            ],
            [
              108.919421,
              34.214136
            ],
            [
              108.919054,
              34.214136
            ],
            [
              108.919054,
              34.214614
            ]
          ]
        ]
      }
    },
    {
      "type": "Feature",
      "properties": {
        "css": [
          "ward-gate"
        ],
        "name": "大通 南坊门",
        "description": "大通 | 南坊门 | 位于南侧坊墙正中；连接坊内南北街。",
        "_elementType": "rect"
      },
      "geometry": {
        "type": "Polygon",
        "coordinates": [
          [
            [
              108.91345,
              34.212184
            ],
            [
              108.914032,
              34.212184
            ],
            [
              108.914032,
              34.211884
            ],
            [
              108.91345,
              34.211884
            ],
            [
              108.91345,
              34.212184
            ]
          ]
        ]
      }
    },
    {
      "type": "Feature",
      "properties": {
        "css": [
          "ward-gate"
        ],
        "name": "大通 北坊门",
        "description": "大通 | 北坊门 | 位于北侧坊墙正中；连接坊内南北街。",
        "_elementType": "rect"
      },
      "geometry": {
        "type": "Polygon",
        "coordinates": [
          [
            [
              108.91345,
              34.216866
            ],
            [
              108.914032,
              34.216866
            ],
            [
              108.914032,
              34.216566
            ],
            [
              108.91345,
              34.216566
            ],
            [
              108.91345,
              34.216866
            ]
          ]
        ]
      }
    },
    {
      "type": "Feature",
      "properties": {
        "css": [
          "ward-gate"
        ],
        "name": "昌明 西坊门",
        "description": "昌明 | 西坊门 | 位于西侧坊墙正中；连接坊内东西横街。",
        "_elementType": "rect"
      },
      "geometry": {
        "type": "Polygon",
        "coordinates": [
          [
            [
              108.920218,
              34.214614
            ],
            [
              108.920585,
              34.214614
            ],
            [
              108.920585,
              34.214136
            ],
            [
              108.920218,
              34.214136
            ],
            [
              108.920218,
              34.214614
            ]
          ]
        ]
      }
    },
    {
      "type": "Feature",
      "properties": {
        "css": [
          "ward-gate"
        ],
        "name": "昌明 东坊门",
        "description": "昌明 | 东坊门 | 位于东侧坊墙正中；连接坊内东西横街。",
        "_elementType": "rect"
      },
      "geometry": {
        "type": "Polygon",
        "coordinates": [
          [
            [
              108.927579,
              34.214614
            ],
            [
              108.927946,
              34.214614
            ],
            [
              108.927946,
              34.214136
            ],
            [
              108.927579,
              34.214136
            ],
            [
              108.927579,
              34.214614
            ]
          ]
        ]
      }
    },
    {
      "type": "Feature",
      "properties": {
        "css": [
          "ward-gate"
        ],
        "name": "光行 西坊门",
        "description": "光行 | 西坊门 | 位于西侧坊墙正中；连接坊内东西横街。",
        "_elementType": "rect"
      },
      "geometry": {
        "type": "Polygon",
        "coordinates": [
          [
            [
              108.928258,
              34.214614
            ],
            [
              108.928625,
              34.214614
            ],
            [
              108.928625,
              34.214136
            ],
            [
              108.928258,
              34.214136
            ],
            [
              108.928258,
              34.214614
            ]
          ]
        ]
      }
    },
    {
      "type": "Feature",
      "properties": {
        "css": [
          "ward-gate"
        ],
        "name": "光行 东坊门",
        "description": "光行 | 东坊门 | 位于东侧坊墙正中；连接坊内东西横街。",
        "_elementType": "rect"
      },
      "geometry": {
        "type": "Polygon",
        "coordinates": [
          [
            [
              108.934272,
              34.214614
            ],
            [
              108.934638,
              34.214614
            ],
            [
              108.934638,
              34.214136
            ],
            [
              108.934272,
              34.214136
            ],
            [
              108.934272,
              34.214614
            ]
          ]
        ]
      }
    },
    {
      "type": "Feature",
      "properties": {
        "css": [
          "ward-gate"
        ],
        "name": "保宁 西坊门",
        "description": "保宁 | 西坊门 | 位于西侧坊墙正中；连接坊内东西横街。",
        "_elementType": "rect"
      },
      "geometry": {
        "type": "Polygon",
        "coordinates": [
          [
            [
              108.935942,
              34.214614
            ],
            [
              108.936309,
              34.214614
            ],
            [
              108.936309,
              34.214136
            ],
            [
              108.935942,
              34.214136
            ],
            [
              108.935942,
              34.214614
            ]
          ]
        ]
      }
    },
    {
      "type": "Feature",
      "properties": {
        "css": [
          "ward-gate"
        ],
        "name": "保宁 东坊门",
        "description": "保宁 | 东坊门 | 位于东侧坊墙正中；连接坊内东西横街。",
        "_elementType": "rect"
      },
      "geometry": {
        "type": "Polygon",
        "coordinates": [
          [
            [
              108.941999,
              34.214614
            ],
            [
              108.942365,
              34.214614
            ],
            [
              108.942365,
              34.214136
            ],
            [
              108.941999,
              34.214136
            ],
            [
              108.941999,
              34.214614
            ]
          ]
        ]
      }
    },
    {
      "type": "Feature",
      "properties": {
        "css": [
          "ward-gate"
        ],
        "name": "昌乐 西坊门",
        "description": "昌乐 | 西坊门 | 位于西侧坊墙正中；连接坊内东西横街。",
        "_elementType": "rect"
      },
      "geometry": {
        "type": "Polygon",
        "coordinates": [
          [
            [
              108.942721,
              34.214614
            ],
            [
              108.943087,
              34.214614
            ],
            [
              108.943087,
              34.214136
            ],
            [
              108.942721,
              34.214136
            ],
            [
              108.942721,
              34.214614
            ]
          ]
        ]
      }
    },
    {
      "type": "Feature",
      "properties": {
        "css": [
          "ward-gate"
        ],
        "name": "昌乐 东坊门",
        "description": "昌乐 | 东坊门 | 位于东侧坊墙正中；连接坊内东西横街。",
        "_elementType": "rect"
      },
      "geometry": {
        "type": "Polygon",
        "coordinates": [
          [
            [
              108.950265,
              34.214614
            ],
            [
              108.950631,
              34.214614
            ],
            [
              108.950631,
              34.214136
            ],
            [
              108.950265,
              34.214136
            ],
            [
              108.950265,
              34.214614
            ]
          ]
        ]
      }
    },
    {
      "type": "Feature",
      "properties": {
        "css": [
          "ward-gate"
        ],
        "name": "通善 西坊门",
        "description": "通善 | 西坊门 | 位于西侧坊墙正中；连接坊内东西横街。",
        "_elementType": "rect"
      },
      "geometry": {
        "type": "Polygon",
        "coordinates": [
          [
            [
              108.951709,
              34.214614
            ],
            [
              108.952076,
              34.214614
            ],
            [
              108.952076,
              34.214136
            ],
            [
              108.951709,
              34.214136
            ],
            [
              108.951709,
              34.214614
            ]
          ]
        ]
      }
    },
    {
      "type": "Feature",
      "properties": {
        "css": [
          "ward-gate"
        ],
        "name": "通善 东坊门",
        "description": "通善 | 东坊门 | 位于东侧坊墙正中；连接坊内东西横街。",
        "_elementType": "rect"
      },
      "geometry": {
        "type": "Polygon",
        "coordinates": [
          [
            [
              108.962723,
              34.214614
            ],
            [
              108.96309,
              34.214614
            ],
            [
              108.96309,
              34.214136
            ],
            [
              108.962723,
              34.214136
            ],
            [
              108.962723,
              34.214614
            ]
          ]
        ]
      }
    },
    {
      "type": "Feature",
      "properties": {
        "css": [
          "ward-gate"
        ],
        "name": "通善 南坊门",
        "description": "通善 | 南坊门 | 位于南侧坊墙正中；连接坊内南北街。",
        "_elementType": "rect"
      },
      "geometry": {
        "type": "Polygon",
        "coordinates": [
          [
            [
              108.957108,
              34.212184
            ],
            [
              108.95769,
              34.212184
            ],
            [
              108.95769,
              34.211884
            ],
            [
              108.957108,
              34.211884
            ],
            [
              108.957108,
              34.212184
            ]
          ]
        ]
      }
    },
    {
      "type": "Feature",
      "properties": {
        "css": [
          "ward-gate"
        ],
        "name": "通善 北坊门",
        "description": "通善 | 北坊门 | 位于北侧坊墙正中；连接坊内南北街。",
        "_elementType": "rect"
      },
      "geometry": {
        "type": "Polygon",
        "coordinates": [
          [
            [
              108.957108,
              34.216866
            ],
            [
              108.95769,
              34.216866
            ],
            [
              108.95769,
              34.216566
            ],
            [
              108.957108,
              34.216566
            ],
            [
              108.957108,
              34.216866
            ]
          ]
        ]
      }
    },
    {
      "type": "Feature",
      "properties": {
        "css": [
          "ward-gate"
        ],
        "name": "青龙 西坊门",
        "description": "青龙 | 西坊门 | 位于西侧坊墙正中；连接坊内东西横街。",
        "_elementType": "rect"
      },
      "geometry": {
        "type": "Polygon",
        "coordinates": [
          [
            [
              108.963456,
              34.214614
            ],
            [
              108.963823,
              34.214614
            ],
            [
              108.963823,
              34.214136
            ],
            [
              108.963456,
              34.214136
            ],
            [
              108.963456,
              34.214614
            ]
          ]
        ]
      }
    },
    {
      "type": "Feature",
      "properties": {
        "css": [
          "ward-gate"
        ],
        "name": "青龙 东坊门",
        "description": "青龙 | 东坊门 | 位于东侧坊墙正中；连接坊内东西横街。",
        "_elementType": "rect"
      },
      "geometry": {
        "type": "Polygon",
        "coordinates": [
          [
            [
              108.97488,
              34.214614
            ],
            [
              108.975246,
              34.214614
            ],
            [
              108.975246,
              34.214136
            ],
            [
              108.97488,
              34.214136
            ],
            [
              108.97488,
              34.214614
            ]
          ]
        ]
      }
    },
    {
      "type": "Feature",
      "properties": {
        "css": [
          "ward-gate"
        ],
        "name": "青龙 南坊门",
        "description": "青龙 | 南坊门 | 位于南侧坊墙正中；连接坊内南北街。",
        "_elementType": "rect"
      },
      "geometry": {
        "type": "Polygon",
        "coordinates": [
          [
            [
              108.96906,
              34.212184
            ],
            [
              108.969642,
              34.212184
            ],
            [
              108.969642,
              34.211884
            ],
            [
              108.96906,
              34.211884
            ],
            [
              108.96906,
              34.212184
            ]
          ]
        ]
      }
    },
    {
      "type": "Feature",
      "properties": {
        "css": [
          "ward-gate"
        ],
        "name": "青龙 北坊门",
        "description": "青龙 | 北坊门 | 位于北侧坊墙正中；连接坊内南北街。",
        "_elementType": "rect"
      },
      "geometry": {
        "type": "Polygon",
        "coordinates": [
          [
            [
              108.96906,
              34.216866
            ],
            [
              108.969642,
              34.216866
            ],
            [
              108.969642,
              34.216566
            ],
            [
              108.96906,
              34.216566
            ],
            [
              108.96906,
              34.216866
            ]
          ]
        ]
      }
    },
    {
      "type": "Feature",
      "properties": {
        "css": [
          "ward-gate"
        ],
        "name": "敦化 西坊门",
        "description": "敦化 | 西坊门 | 位于西侧坊墙正中；连接坊内东西横街。",
        "_elementType": "rect"
      },
      "geometry": {
        "type": "Polygon",
        "coordinates": [
          [
            [
              108.975613,
              34.214614
            ],
            [
              108.975979,
              34.214614
            ],
            [
              108.975979,
              34.214136
            ],
            [
              108.975613,
              34.214136
            ],
            [
              108.975613,
              34.214614
            ]
          ]
        ]
      }
    },
    {
      "type": "Feature",
      "properties": {
        "css": [
          "ward-gate"
        ],
        "name": "敦化 东坊门",
        "description": "敦化 | 东坊门 | 位于东侧坊墙正中；连接坊内东西横街。",
        "_elementType": "rect"
      },
      "geometry": {
        "type": "Polygon",
        "coordinates": [
          [
            [
              108.987629,
              34.214614
            ],
            [
              108.987996,
              34.214614
            ],
            [
              108.987996,
              34.214136
            ],
            [
              108.987629,
              34.214136
            ],
            [
              108.987629,
              34.214614
            ]
          ]
        ]
      }
    },
    {
      "type": "Feature",
      "properties": {
        "css": [
          "ward-gate"
        ],
        "name": "敦化 南坊门",
        "description": "敦化 | 南坊门 | 位于南侧坊墙正中；连接坊内南北街。",
        "_elementType": "rect"
      },
      "geometry": {
        "type": "Polygon",
        "coordinates": [
          [
            [
              108.981513,
              34.212184
            ],
            [
              108.982095,
              34.212184
            ],
            [
              108.982095,
              34.211884
            ],
            [
              108.981513,
              34.211884
            ],
            [
              108.981513,
              34.212184
            ]
          ]
        ]
      }
    },
    {
      "type": "Feature",
      "properties": {
        "css": [
          "ward-gate"
        ],
        "name": "敦化 北坊门",
        "description": "敦化 | 北坊门 | 位于北侧坊墙正中；连接坊内南北街。",
        "_elementType": "rect"
      },
      "geometry": {
        "type": "Polygon",
        "coordinates": [
          [
            [
              108.981513,
              34.216866
            ],
            [
              108.982095,
              34.216866
            ],
            [
              108.982095,
              34.216566
            ],
            [
              108.981513,
              34.216566
            ],
            [
              108.981513,
              34.216866
            ]
          ]
        ]
      }
    },
    {
      "type": "Feature",
      "properties": {
        "css": [
          "ward-gate"
        ],
        "name": "永阳 西坊门",
        "description": "永阳 | 西坊门 | 位于西侧坊墙正中；连接坊内东西横街。",
        "_elementType": "rect"
      },
      "geometry": {
        "type": "Polygon",
        "coordinates": [
          [
            [
              108.883544,
              34.209534
            ],
            [
              108.88391,
              34.209534
            ],
            [
              108.88391,
              34.209057
            ],
            [
              108.883544,
              34.209057
            ],
            [
              108.883544,
              34.209534
            ]
          ]
        ]
      }
    },
    {
      "type": "Feature",
      "properties": {
        "css": [
          "ward-gate"
        ],
        "name": "永阳 东坊门",
        "description": "永阳 | 东坊门 | 位于东侧坊墙正中；连接坊内东西横街。",
        "_elementType": "rect"
      },
      "geometry": {
        "type": "Polygon",
        "coordinates": [
          [
            [
              108.895528,
              34.209534
            ],
            [
              108.895894,
              34.209534
            ],
            [
              108.895894,
              34.209057
            ],
            [
              108.895528,
              34.209057
            ],
            [
              108.895528,
              34.209534
            ]
          ]
        ]
      }
    },
    {
      "type": "Feature",
      "properties": {
        "css": [
          "ward-gate"
        ],
        "name": "永阳 南坊门",
        "description": "永阳 | 南坊门 | 位于南侧坊墙正中；连接坊内南北街。",
        "_elementType": "rect"
      },
      "geometry": {
        "type": "Polygon",
        "coordinates": [
          [
            [
              108.889428,
              34.206972
            ],
            [
              108.89001,
              34.206972
            ],
            [
              108.89001,
              34.206672
            ],
            [
              108.889428,
              34.206672
            ],
            [
              108.889428,
              34.206972
            ]
          ]
        ]
      }
    },
    {
      "type": "Feature",
      "properties": {
        "css": [
          "ward-gate"
        ],
        "name": "永阳 北坊门",
        "description": "永阳 | 北坊门 | 位于北侧坊墙正中；连接坊内南北街。",
        "_elementType": "rect"
      },
      "geometry": {
        "type": "Polygon",
        "coordinates": [
          [
            [
              108.889428,
              34.211919
            ],
            [
              108.89001,
              34.211919
            ],
            [
              108.89001,
              34.211619
            ],
            [
              108.889428,
              34.211619
            ],
            [
              108.889428,
              34.211919
            ]
          ]
        ]
      }
    },
    {
      "type": "Feature",
      "properties": {
        "css": [
          "ward-gate"
        ],
        "name": "昭行 西坊门",
        "description": "昭行 | 西坊门 | 位于西侧坊墙正中；连接坊内东西横街。",
        "_elementType": "rect"
      },
      "geometry": {
        "type": "Polygon",
        "coordinates": [
          [
            [
              108.895981,
              34.209534
            ],
            [
              108.896347,
              34.209534
            ],
            [
              108.896347,
              34.209057
            ],
            [
              108.895981,
              34.209057
            ],
            [
              108.895981,
              34.209534
            ]
          ]
        ]
      }
    },
    {
      "type": "Feature",
      "properties": {
        "css": [
          "ward-gate"
        ],
        "name": "昭行 东坊门",
        "description": "昭行 | 东坊门 | 位于东侧坊墙正中；连接坊内东西横街。",
        "_elementType": "rect"
      },
      "geometry": {
        "type": "Polygon",
        "coordinates": [
          [
            [
              108.907383,
              34.209534
            ],
            [
              108.907749,
              34.209534
            ],
            [
              108.907749,
              34.209057
            ],
            [
              108.907383,
              34.209057
            ],
            [
              108.907383,
              34.209534
            ]
          ]
        ]
      }
    },
    {
      "type": "Feature",
      "properties": {
        "css": [
          "ward-gate"
        ],
        "name": "昭行 南坊门",
        "description": "昭行 | 南坊门 | 位于南侧坊墙正中；连接坊内南北街。",
        "_elementType": "rect"
      },
      "geometry": {
        "type": "Polygon",
        "coordinates": [
          [
            [
              108.901574,
              34.206972
            ],
            [
              108.902156,
              34.206972
            ],
            [
              108.902156,
              34.206672
            ],
            [
              108.901574,
              34.206672
            ],
            [
              108.901574,
              34.206972
            ]
          ]
        ]
      }
    },
    {
      "type": "Feature",
      "properties": {
        "css": [
          "ward-gate"
        ],
        "name": "昭行 北坊门",
        "description": "昭行 | 北坊门 | 位于北侧坊墙正中；连接坊内南北街。",
        "_elementType": "rect"
      },
      "geometry": {
        "type": "Polygon",
        "coordinates": [
          [
            [
              108.901574,
              34.211919
            ],
            [
              108.902156,
              34.211919
            ],
            [
              108.902156,
              34.211619
            ],
            [
              108.901574,
              34.211619
            ],
            [
              108.901574,
              34.211919
            ]
          ]
        ]
      }
    },
    {
      "type": "Feature",
      "properties": {
        "css": [
          "ward-gate"
        ],
        "name": "大安 西坊门",
        "description": "大安 | 西坊门 | 位于西侧坊墙正中；连接坊内东西横街。",
        "_elementType": "rect"
      },
      "geometry": {
        "type": "Polygon",
        "coordinates": [
          [
            [
              108.908062,
              34.209534
            ],
            [
              108.908428,
              34.209534
            ],
            [
              108.908428,
              34.209057
            ],
            [
              108.908062,
              34.209057
            ],
            [
              108.908062,
              34.209534
            ]
          ]
        ]
      }
    },
    {
      "type": "Feature",
      "properties": {
        "css": [
          "ward-gate"
        ],
        "name": "大安 东坊门",
        "description": "大安 | 东坊门 | 位于东侧坊墙正中；连接坊内东西横街。",
        "_elementType": "rect"
      },
      "geometry": {
        "type": "Polygon",
        "coordinates": [
          [
            [
              108.919054,
              34.209534
            ],
            [
              108.919421,
              34.209534
            ],
            [
              108.919421,
              34.209057
            ],
            [
              108.919054,
              34.209057
            ],
            [
              108.919054,
              34.209534
            ]
          ]
        ]
      }
    },
    {
      "type": "Feature",
      "properties": {
        "css": [
          "ward-gate"
        ],
        "name": "大安 南坊门",
        "description": "大安 | 南坊门 | 位于南侧坊墙正中；连接坊内南北街。",
        "_elementType": "rect"
      },
      "geometry": {
        "type": "Polygon",
        "coordinates": [
          [
            [
              108.91345,
              34.206972
            ],
            [
              108.914032,
              34.206972
            ],
            [
              108.914032,
              34.206672
            ],
            [
              108.91345,
              34.206672
            ],
            [
              108.91345,
              34.206972
            ]
          ]
        ]
      }
    },
    {
      "type": "Feature",
      "properties": {
        "css": [
          "ward-gate"
        ],
        "name": "大安 北坊门",
        "description": "大安 | 北坊门 | 位于北侧坊墙正中；连接坊内南北街。",
        "_elementType": "rect"
      },
      "geometry": {
        "type": "Polygon",
        "coordinates": [
          [
            [
              108.91345,
              34.211919
            ],
            [
              108.914032,
              34.211919
            ],
            [
              108.914032,
              34.211619
            ],
            [
              108.91345,
              34.211619
            ],
            [
              108.91345,
              34.211919
            ]
          ]
        ]
      }
    },
    {
      "type": "Feature",
      "properties": {
        "css": [
          "ward-gate"
        ],
        "name": "安乐 西坊门",
        "description": "安乐 | 西坊门 | 位于西侧坊墙正中；连接坊内东西横街。",
        "_elementType": "rect"
      },
      "geometry": {
        "type": "Polygon",
        "coordinates": [
          [
            [
              108.920218,
              34.209534
            ],
            [
              108.920585,
              34.209534
            ],
            [
              108.920585,
              34.209057
            ],
            [
              108.920218,
              34.209057
            ],
            [
              108.920218,
              34.209534
            ]
          ]
        ]
      }
    },
    {
      "type": "Feature",
      "properties": {
        "css": [
          "ward-gate"
        ],
        "name": "安乐 东坊门",
        "description": "安乐 | 东坊门 | 位于东侧坊墙正中；连接坊内东西横街。",
        "_elementType": "rect"
      },
      "geometry": {
        "type": "Polygon",
        "coordinates": [
          [
            [
              108.927579,
              34.209534
            ],
            [
              108.927946,
              34.209534
            ],
            [
              108.927946,
              34.209057
            ],
            [
              108.927579,
              34.209057
            ],
            [
              108.927579,
              34.209534
            ]
          ]
        ]
      }
    },
    {
      "type": "Feature",
      "properties": {
        "css": [
          "ward-gate"
        ],
        "name": "延祚 西坊门",
        "description": "延祚 | 西坊门 | 位于西侧坊墙正中；连接坊内东西横街。",
        "_elementType": "rect"
      },
      "geometry": {
        "type": "Polygon",
        "coordinates": [
          [
            [
              108.928258,
              34.209534
            ],
            [
              108.928625,
              34.209534
            ],
            [
              108.928625,
              34.209057
            ],
            [
              108.928258,
              34.209057
            ],
            [
              108.928258,
              34.209534
            ]
          ]
        ]
      }
    },
    {
      "type": "Feature",
      "properties": {
        "css": [
          "ward-gate"
        ],
        "name": "延祚 东坊门",
        "description": "延祚 | 东坊门 | 位于东侧坊墙正中；连接坊内东西横街。",
        "_elementType": "rect"
      },
      "geometry": {
        "type": "Polygon",
        "coordinates": [
          [
            [
              108.934272,
              34.209534
            ],
            [
              108.934638,
              34.209534
            ],
            [
              108.934638,
              34.209057
            ],
            [
              108.934272,
              34.209057
            ],
            [
              108.934272,
              34.209534
            ]
          ]
        ]
      }
    },
    {
      "type": "Feature",
      "properties": {
        "css": [
          "ward-gate"
        ],
        "name": "安义 西坊门",
        "description": "安义 | 西坊门 | 位于西侧坊墙正中；连接坊内东西横街。",
        "_elementType": "rect"
      },
      "geometry": {
        "type": "Polygon",
        "coordinates": [
          [
            [
              108.935942,
              34.209534
            ],
            [
              108.936309,
              34.209534
            ],
            [
              108.936309,
              34.209057
            ],
            [
              108.935942,
              34.209057
            ],
            [
              108.935942,
              34.209534
            ]
          ]
        ]
      }
    },
    {
      "type": "Feature",
      "properties": {
        "css": [
          "ward-gate"
        ],
        "name": "安义 东坊门",
        "description": "安义 | 东坊门 | 位于东侧坊墙正中；连接坊内东西横街。",
        "_elementType": "rect"
      },
      "geometry": {
        "type": "Polygon",
        "coordinates": [
          [
            [
              108.941999,
              34.209534
            ],
            [
              108.942365,
              34.209534
            ],
            [
              108.942365,
              34.209057
            ],
            [
              108.941999,
              34.209057
            ],
            [
              108.941999,
              34.209534
            ]
          ]
        ]
      }
    },
    {
      "type": "Feature",
      "properties": {
        "css": [
          "ward-gate"
        ],
        "name": "安德 西坊门",
        "description": "安德 | 西坊门 | 位于西侧坊墙正中；连接坊内东西横街。",
        "_elementType": "rect"
      },
      "geometry": {
        "type": "Polygon",
        "coordinates": [
          [
            [
              108.942721,
              34.209534
            ],
            [
              108.943087,
              34.209534
            ],
            [
              108.943087,
              34.209057
            ],
            [
              108.942721,
              34.209057
            ],
            [
              108.942721,
              34.209534
            ]
          ]
        ]
      }
    },
    {
      "type": "Feature",
      "properties": {
        "css": [
          "ward-gate"
        ],
        "name": "安德 东坊门",
        "description": "安德 | 东坊门 | 位于东侧坊墙正中；连接坊内东西横街。",
        "_elementType": "rect"
      },
      "geometry": {
        "type": "Polygon",
        "coordinates": [
          [
            [
              108.950265,
              34.209534
            ],
            [
              108.950631,
              34.209534
            ],
            [
              108.950631,
              34.209057
            ],
            [
              108.950265,
              34.209057
            ],
            [
              108.950265,
              34.209534
            ]
          ]
        ]
      }
    },
    {
      "type": "Feature",
      "properties": {
        "css": [
          "ward-gate"
        ],
        "name": "通济 西坊门",
        "description": "通济 | 西坊门 | 位于西侧坊墙正中；连接坊内东西横街。",
        "_elementType": "rect"
      },
      "geometry": {
        "type": "Polygon",
        "coordinates": [
          [
            [
              108.951709,
              34.209534
            ],
            [
              108.952076,
              34.209534
            ],
            [
              108.952076,
              34.209057
            ],
            [
              108.951709,
              34.209057
            ],
            [
              108.951709,
              34.209534
            ]
          ]
        ]
      }
    },
    {
      "type": "Feature",
      "properties": {
        "css": [
          "ward-gate"
        ],
        "name": "通济 东坊门",
        "description": "通济 | 东坊门 | 位于东侧坊墙正中；连接坊内东西横街。",
        "_elementType": "rect"
      },
      "geometry": {
        "type": "Polygon",
        "coordinates": [
          [
            [
              108.962723,
              34.209534
            ],
            [
              108.96309,
              34.209534
            ],
            [
              108.96309,
              34.209057
            ],
            [
              108.962723,
              34.209057
            ],
            [
              108.962723,
              34.209534
            ]
          ]
        ]
      }
    },
    {
      "type": "Feature",
      "properties": {
        "css": [
          "ward-gate"
        ],
        "name": "通济 南坊门",
        "description": "通济 | 南坊门 | 位于南侧坊墙正中；连接坊内南北街。",
        "_elementType": "rect"
      },
      "geometry": {
        "type": "Polygon",
        "coordinates": [
          [
            [
              108.957108,
              34.206972
            ],
            [
              108.95769,
              34.206972
            ],
            [
              108.95769,
              34.206672
            ],
            [
              108.957108,
              34.206672
            ],
            [
              108.957108,
              34.206972
            ]
          ]
        ]
      }
    },
    {
      "type": "Feature",
      "properties": {
        "css": [
          "ward-gate"
        ],
        "name": "通济 北坊门",
        "description": "通济 | 北坊门 | 位于北侧坊墙正中；连接坊内南北街。",
        "_elementType": "rect"
      },
      "geometry": {
        "type": "Polygon",
        "coordinates": [
          [
            [
              108.957108,
              34.211919
            ],
            [
              108.95769,
              34.211919
            ],
            [
              108.95769,
              34.211619
            ],
            [
              108.957108,
              34.211619
            ],
            [
              108.957108,
              34.211919
            ]
          ]
        ]
      }
    },
    {
      "type": "Feature",
      "properties": {
        "css": [
          "ward-gate"
        ],
        "name": "曲池 西坊门",
        "description": "曲池 | 西坊门 | 位于西侧坊墙正中；连接坊内东西横街。",
        "_elementType": "rect"
      },
      "geometry": {
        "type": "Polygon",
        "coordinates": [
          [
            [
              108.963456,
              34.209534
            ],
            [
              108.963823,
              34.209534
            ],
            [
              108.963823,
              34.209057
            ],
            [
              108.963456,
              34.209057
            ],
            [
              108.963456,
              34.209534
            ]
          ]
        ]
      }
    },
    {
      "type": "Feature",
      "properties": {
        "css": [
          "ward-gate"
        ],
        "name": "曲池 东坊门",
        "description": "曲池 | 东坊门 | 位于东侧坊墙正中；连接坊内东西横街。",
        "_elementType": "rect"
      },
      "geometry": {
        "type": "Polygon",
        "coordinates": [
          [
            [
              108.97488,
              34.209534
            ],
            [
              108.975246,
              34.209534
            ],
            [
              108.975246,
              34.209057
            ],
            [
              108.97488,
              34.209057
            ],
            [
              108.97488,
              34.209534
            ]
          ]
        ]
      }
    },
    {
      "type": "Feature",
      "properties": {
        "css": [
          "ward-gate"
        ],
        "name": "曲池 南坊门",
        "description": "曲池 | 南坊门 | 位于南侧坊墙正中；连接坊内南北街。",
        "_elementType": "rect"
      },
      "geometry": {
        "type": "Polygon",
        "coordinates": [
          [
            [
              108.96906,
              34.206972
            ],
            [
              108.969642,
              34.206972
            ],
            [
              108.969642,
              34.206672
            ],
            [
              108.96906,
              34.206672
            ],
            [
              108.96906,
              34.206972
            ]
          ]
        ]
      }
    },
    {
      "type": "Feature",
      "properties": {
        "css": [
          "ward-gate"
        ],
        "name": "曲池 北坊门",
        "description": "曲池 | 北坊门 | 位于北侧坊墙正中；连接坊内南北街。",
        "_elementType": "rect"
      },
      "geometry": {
        "type": "Polygon",
        "coordinates": [
          [
            [
              108.96906,
              34.211919
            ],
            [
              108.969642,
              34.211919
            ],
            [
              108.969642,
              34.211619
            ],
            [
              108.96906,
              34.211619
            ],
            [
              108.96906,
              34.211919
            ]
          ]
        ]
      }
    },
    {
      "type": "Feature",
      "properties": {
        "css": [
          "ward-gate"
        ],
        "name": "修真 西坊门",
        "description": "修真 | 西坊门 | 位于西侧坊墙正中；连接坊内东西横街。",
        "_elementType": "rect"
      },
      "geometry": {
        "type": "Polygon",
        "coordinates": [
          [
            [
              108.883544,
              34.278465
            ],
            [
              108.88391,
              34.278465
            ],
            [
              108.88391,
              34.277988
            ],
            [
              108.883544,
              34.277988
            ],
            [
              108.883544,
              34.278465
            ]
          ]
        ]
      }
    },
    {
      "type": "Feature",
      "properties": {
        "css": [
          "ward-gate"
        ],
        "name": "修真 东坊门",
        "description": "修真 | 东坊门 | 位于东侧坊墙正中；连接坊内东西横街。",
        "_elementType": "rect"
      },
      "geometry": {
        "type": "Polygon",
        "coordinates": [
          [
            [
              108.895528,
              34.278465
            ],
            [
              108.895894,
              34.278465
            ],
            [
              108.895894,
              34.277988
            ],
            [
              108.895528,
              34.277988
            ],
            [
              108.895528,
              34.278465
            ]
          ]
        ]
      }
    },
    {
      "type": "Feature",
      "properties": {
        "css": [
          "ward-gate"
        ],
        "name": "修真 南坊门",
        "description": "修真 | 南坊门 | 位于南侧坊墙正中；连接坊内南北街。",
        "_elementType": "rect"
      },
      "geometry": {
        "type": "Polygon",
        "coordinates": [
          [
            [
              108.889428,
              34.27578
            ],
            [
              108.89001,
              34.27578
            ],
            [
              108.89001,
              34.275479
            ],
            [
              108.889428,
              34.275479
            ],
            [
              108.889428,
              34.27578
            ]
          ]
        ]
      }
    },
    {
      "type": "Feature",
      "properties": {
        "css": [
          "ward-gate"
        ],
        "name": "修真 北坊门",
        "description": "修真 | 北坊门 | 位于北侧坊墙正中；连接坊内南北街。",
        "_elementType": "rect"
      },
      "geometry": {
        "type": "Polygon",
        "coordinates": [
          [
            [
              108.889428,
              34.280974
            ],
            [
              108.89001,
              34.280974
            ],
            [
              108.89001,
              34.280674
            ],
            [
              108.889428,
              34.280674
            ],
            [
              108.889428,
              34.280974
            ]
          ]
        ]
      }
    },
    {
      "type": "Feature",
      "properties": {
        "css": [
          "ward-gate"
        ],
        "name": "安定 西坊门",
        "description": "安定 | 西坊门 | 位于西侧坊墙正中；连接坊内东西横街。",
        "_elementType": "rect"
      },
      "geometry": {
        "type": "Polygon",
        "coordinates": [
          [
            [
              108.895981,
              34.278465
            ],
            [
              108.896347,
              34.278465
            ],
            [
              108.896347,
              34.277988
            ],
            [
              108.895981,
              34.277988
            ],
            [
              108.895981,
              34.278465
            ]
          ]
        ]
      }
    },
    {
      "type": "Feature",
      "properties": {
        "css": [
          "ward-gate"
        ],
        "name": "安定 东坊门",
        "description": "安定 | 东坊门 | 位于东侧坊墙正中；连接坊内东西横街。",
        "_elementType": "rect"
      },
      "geometry": {
        "type": "Polygon",
        "coordinates": [
          [
            [
              108.907383,
              34.278465
            ],
            [
              108.907749,
              34.278465
            ],
            [
              108.907749,
              34.277988
            ],
            [
              108.907383,
              34.277988
            ],
            [
              108.907383,
              34.278465
            ]
          ]
        ]
      }
    },
    {
      "type": "Feature",
      "properties": {
        "css": [
          "ward-gate"
        ],
        "name": "安定 南坊门",
        "description": "安定 | 南坊门 | 位于南侧坊墙正中；连接坊内南北街。",
        "_elementType": "rect"
      },
      "geometry": {
        "type": "Polygon",
        "coordinates": [
          [
            [
              108.901574,
              34.27578
            ],
            [
              108.902156,
              34.27578
            ],
            [
              108.902156,
              34.275479
            ],
            [
              108.901574,
              34.275479
            ],
            [
              108.901574,
              34.27578
            ]
          ]
        ]
      }
    },
    {
      "type": "Feature",
      "properties": {
        "css": [
          "ward-gate"
        ],
        "name": "安定 北坊门",
        "description": "安定 | 北坊门 | 位于北侧坊墙正中；连接坊内南北街。",
        "_elementType": "rect"
      },
      "geometry": {
        "type": "Polygon",
        "coordinates": [
          [
            [
              108.901574,
              34.280974
            ],
            [
              108.902156,
              34.280974
            ],
            [
              108.902156,
              34.280674
            ],
            [
              108.901574,
              34.280674
            ],
            [
              108.901574,
              34.280974
            ]
          ]
        ]
      }
    },
    {
      "type": "Feature",
      "properties": {
        "css": [
          "ward-gate"
        ],
        "name": "修德 西坊门",
        "description": "修德 | 西坊门 | 位于西侧坊墙正中；连接坊内东西横街。",
        "_elementType": "rect"
      },
      "geometry": {
        "type": "Polygon",
        "coordinates": [
          [
            [
              108.908062,
              34.278465
            ],
            [
              108.908428,
              34.278465
            ],
            [
              108.908428,
              34.277988
            ],
            [
              108.908062,
              34.277988
            ],
            [
              108.908062,
              34.278465
            ]
          ]
        ]
      }
    },
    {
      "type": "Feature",
      "properties": {
        "css": [
          "ward-gate"
        ],
        "name": "修德 东坊门",
        "description": "修德 | 东坊门 | 位于东侧坊墙正中；连接坊内东西横街。",
        "_elementType": "rect"
      },
      "geometry": {
        "type": "Polygon",
        "coordinates": [
          [
            [
              108.919054,
              34.278465
            ],
            [
              108.919421,
              34.278465
            ],
            [
              108.919421,
              34.277988
            ],
            [
              108.919054,
              34.277988
            ],
            [
              108.919054,
              34.278465
            ]
          ]
        ]
      }
    },
    {
      "type": "Feature",
      "properties": {
        "css": [
          "ward-gate"
        ],
        "name": "修德 南坊门",
        "description": "修德 | 南坊门 | 位于南侧坊墙正中；连接坊内南北街。",
        "_elementType": "rect"
      },
      "geometry": {
        "type": "Polygon",
        "coordinates": [
          [
            [
              108.91345,
              34.27578
            ],
            [
              108.914032,
              34.27578
            ],
            [
              108.914032,
              34.275479
            ],
            [
              108.91345,
              34.275479
            ],
            [
              108.91345,
              34.27578
            ]
          ]
        ]
      }
    },
    {
      "type": "Feature",
      "properties": {
        "css": [
          "ward-gate"
        ],
        "name": "修德 北坊门",
        "description": "修德 | 北坊门 | 位于北侧坊墙正中；连接坊内南北街。",
        "_elementType": "rect"
      },
      "geometry": {
        "type": "Polygon",
        "coordinates": [
          [
            [
              108.91345,
              34.280974
            ],
            [
              108.914032,
              34.280974
            ],
            [
              108.914032,
              34.280674
            ],
            [
              108.91345,
              34.280674
            ],
            [
              108.91345,
              34.280974
            ]
          ]
        ]
      }
    },
    {
      "type": "Feature",
      "properties": {
        "css": [
          "ward-gate"
        ],
        "name": "普宁 西坊门",
        "description": "普宁 | 西坊门 | 位于西侧坊墙正中；连接坊内东西横街。",
        "_elementType": "rect"
      },
      "geometry": {
        "type": "Polygon",
        "coordinates": [
          [
            [
              108.883544,
              34.2726
            ],
            [
              108.88391,
              34.2726
            ],
            [
              108.88391,
              34.272123
            ],
            [
              108.883544,
              34.272123
            ],
            [
              108.883544,
              34.2726
            ]
          ]
        ]
      }
    },
    {
      "type": "Feature",
      "properties": {
        "css": [
          "ward-gate"
        ],
        "name": "普宁 东坊门",
        "description": "普宁 | 东坊门 | 位于东侧坊墙正中；连接坊内东西横街。",
        "_elementType": "rect"
      },
      "geometry": {
        "type": "Polygon",
        "coordinates": [
          [
            [
              108.895528,
              34.2726
            ],
            [
              108.895894,
              34.2726
            ],
            [
              108.895894,
              34.272123
            ],
            [
              108.895528,
              34.272123
            ],
            [
              108.895528,
              34.2726
            ]
          ]
        ]
      }
    },
    {
      "type": "Feature",
      "properties": {
        "css": [
          "ward-gate"
        ],
        "name": "普宁 南坊门",
        "description": "普宁 | 南坊门 | 位于南侧坊墙正中；连接坊内南北街。",
        "_elementType": "rect"
      },
      "geometry": {
        "type": "Polygon",
        "coordinates": [
          [
            [
              108.889428,
              34.269914
            ],
            [
              108.89001,
              34.269914
            ],
            [
              108.89001,
              34.269614
            ],
            [
              108.889428,
              34.269614
            ],
            [
              108.889428,
              34.269914
            ]
          ]
        ]
      }
    },
    {
      "type": "Feature",
      "properties": {
        "css": [
          "ward-gate"
        ],
        "name": "普宁 北坊门",
        "description": "普宁 | 北坊门 | 位于北侧坊墙正中；连接坊内南北街。",
        "_elementType": "rect"
      },
      "geometry": {
        "type": "Polygon",
        "coordinates": [
          [
            [
              108.889428,
              34.275108
            ],
            [
              108.89001,
              34.275108
            ],
            [
              108.89001,
              34.274808
            ],
            [
              108.889428,
              34.274808
            ],
            [
              108.889428,
              34.275108
            ]
          ]
        ]
      }
    },
    {
      "type": "Feature",
      "properties": {
        "css": [
          "ward-gate"
        ],
        "name": "休祥 西坊门",
        "description": "休祥 | 西坊门 | 位于西侧坊墙正中；连接坊内东西横街。",
        "_elementType": "rect"
      },
      "geometry": {
        "type": "Polygon",
        "coordinates": [
          [
            [
              108.895981,
              34.2726
            ],
            [
              108.896347,
              34.2726
            ],
            [
              108.896347,
              34.272123
            ],
            [
              108.895981,
              34.272123
            ],
            [
              108.895981,
              34.2726
            ]
          ]
        ]
      }
    },
    {
      "type": "Feature",
      "properties": {
        "css": [
          "ward-gate"
        ],
        "name": "休祥 东坊门",
        "description": "休祥 | 东坊门 | 位于东侧坊墙正中；连接坊内东西横街。",
        "_elementType": "rect"
      },
      "geometry": {
        "type": "Polygon",
        "coordinates": [
          [
            [
              108.907383,
              34.2726
            ],
            [
              108.907749,
              34.2726
            ],
            [
              108.907749,
              34.272123
            ],
            [
              108.907383,
              34.272123
            ],
            [
              108.907383,
              34.2726
            ]
          ]
        ]
      }
    },
    {
      "type": "Feature",
      "properties": {
        "css": [
          "ward-gate"
        ],
        "name": "休祥 南坊门",
        "description": "休祥 | 南坊门 | 位于南侧坊墙正中；连接坊内南北街。",
        "_elementType": "rect"
      },
      "geometry": {
        "type": "Polygon",
        "coordinates": [
          [
            [
              108.901574,
              34.269914
            ],
            [
              108.902156,
              34.269914
            ],
            [
              108.902156,
              34.269614
            ],
            [
              108.901574,
              34.269614
            ],
            [
              108.901574,
              34.269914
            ]
          ]
        ]
      }
    },
    {
      "type": "Feature",
      "properties": {
        "css": [
          "ward-gate"
        ],
        "name": "休祥 北坊门",
        "description": "休祥 | 北坊门 | 位于北侧坊墙正中；连接坊内南北街。",
        "_elementType": "rect"
      },
      "geometry": {
        "type": "Polygon",
        "coordinates": [
          [
            [
              108.901574,
              34.275108
            ],
            [
              108.902156,
              34.275108
            ],
            [
              108.902156,
              34.274808
            ],
            [
              108.901574,
              34.274808
            ],
            [
              108.901574,
              34.275108
            ]
          ]
        ]
      }
    },
    {
      "type": "Feature",
      "properties": {
        "css": [
          "ward-gate"
        ],
        "name": "辅兴 西坊门",
        "description": "辅兴 | 西坊门 | 位于西侧坊墙正中；连接坊内东西横街。",
        "_elementType": "rect"
      },
      "geometry": {
        "type": "Polygon",
        "coordinates": [
          [
            [
              108.908062,
              34.2726
            ],
            [
              108.908428,
              34.2726
            ],
            [
              108.908428,
              34.272123
            ],
            [
              108.908062,
              34.272123
            ],
            [
              108.908062,
              34.2726
            ]
          ]
        ]
      }
    },
    {
      "type": "Feature",
      "properties": {
        "css": [
          "ward-gate"
        ],
        "name": "辅兴 东坊门",
        "description": "辅兴 | 东坊门 | 位于东侧坊墙正中；连接坊内东西横街。",
        "_elementType": "rect"
      },
      "geometry": {
        "type": "Polygon",
        "coordinates": [
          [
            [
              108.919054,
              34.2726
            ],
            [
              108.919421,
              34.2726
            ],
            [
              108.919421,
              34.272123
            ],
            [
              108.919054,
              34.272123
            ],
            [
              108.919054,
              34.2726
            ]
          ]
        ]
      }
    },
    {
      "type": "Feature",
      "properties": {
        "css": [
          "ward-gate"
        ],
        "name": "辅兴 南坊门",
        "description": "辅兴 | 南坊门 | 位于南侧坊墙正中；连接坊内南北街。",
        "_elementType": "rect"
      },
      "geometry": {
        "type": "Polygon",
        "coordinates": [
          [
            [
              108.91345,
              34.269914
            ],
            [
              108.914032,
              34.269914
            ],
            [
              108.914032,
              34.269614
            ],
            [
              108.91345,
              34.269614
            ],
            [
              108.91345,
              34.269914
            ]
          ]
        ]
      }
    },
    {
      "type": "Feature",
      "properties": {
        "css": [
          "ward-gate"
        ],
        "name": "辅兴 北坊门",
        "description": "辅兴 | 北坊门 | 位于北侧坊墙正中；连接坊内南北街。",
        "_elementType": "rect"
      },
      "geometry": {
        "type": "Polygon",
        "coordinates": [
          [
            [
              108.91345,
              34.275108
            ],
            [
              108.914032,
              34.275108
            ],
            [
              108.914032,
              34.274808
            ],
            [
              108.91345,
              34.274808
            ],
            [
              108.91345,
              34.275108
            ]
          ]
        ]
      }
    },
    {
      "type": "Feature",
      "properties": {
        "css": [
          "ward-gate"
        ],
        "name": "义宁 西坊门",
        "description": "义宁 | 西坊门 | 位于西侧坊墙正中；连接坊内东西横街。",
        "_elementType": "rect"
      },
      "geometry": {
        "type": "Polygon",
        "coordinates": [
          [
            [
              108.883544,
              34.265325
            ],
            [
              108.88391,
              34.265325
            ],
            [
              108.88391,
              34.264848
            ],
            [
              108.883544,
              34.264848
            ],
            [
              108.883544,
              34.265325
            ]
          ]
        ]
      }
    },
    {
      "type": "Feature",
      "properties": {
        "css": [
          "ward-gate"
        ],
        "name": "义宁 东坊门",
        "description": "义宁 | 东坊门 | 位于东侧坊墙正中；连接坊内东西横街。",
        "_elementType": "rect"
      },
      "geometry": {
        "type": "Polygon",
        "coordinates": [
          [
            [
              108.895528,
              34.265325
            ],
            [
              108.895894,
              34.265325
            ],
            [
              108.895894,
              34.264848
            ],
            [
              108.895528,
              34.264848
            ],
            [
              108.895528,
              34.265325
            ]
          ]
        ]
      }
    },
    {
      "type": "Feature",
      "properties": {
        "css": [
          "ward-gate"
        ],
        "name": "义宁 南坊门",
        "description": "义宁 | 南坊门 | 位于南侧坊墙正中；连接坊内南北街。",
        "_elementType": "rect"
      },
      "geometry": {
        "type": "Polygon",
        "coordinates": [
          [
            [
              108.889428,
              34.261902
            ],
            [
              108.89001,
              34.261902
            ],
            [
              108.89001,
              34.261601
            ],
            [
              108.889428,
              34.261601
            ],
            [
              108.889428,
              34.261902
            ]
          ]
        ]
      }
    },
    {
      "type": "Feature",
      "properties": {
        "css": [
          "ward-gate"
        ],
        "name": "义宁 北坊门",
        "description": "义宁 | 北坊门 | 位于北侧坊墙正中；连接坊内南北街。",
        "_elementType": "rect"
      },
      "geometry": {
        "type": "Polygon",
        "coordinates": [
          [
            [
              108.889428,
              34.268571
            ],
            [
              108.89001,
              34.268571
            ],
            [
              108.89001,
              34.268271
            ],
            [
              108.889428,
              34.268271
            ],
            [
              108.889428,
              34.268571
            ]
          ]
        ]
      }
    },
    {
      "type": "Feature",
      "properties": {
        "css": [
          "ward-gate"
        ],
        "name": "金城 西坊门",
        "description": "金城 | 西坊门 | 位于西侧坊墙正中；连接坊内东西横街。",
        "_elementType": "rect"
      },
      "geometry": {
        "type": "Polygon",
        "coordinates": [
          [
            [
              108.895981,
              34.265325
            ],
            [
              108.896347,
              34.265325
            ],
            [
              108.896347,
              34.264848
            ],
            [
              108.895981,
              34.264848
            ],
            [
              108.895981,
              34.265325
            ]
          ]
        ]
      }
    },
    {
      "type": "Feature",
      "properties": {
        "css": [
          "ward-gate"
        ],
        "name": "金城 东坊门",
        "description": "金城 | 东坊门 | 位于东侧坊墙正中；连接坊内东西横街。",
        "_elementType": "rect"
      },
      "geometry": {
        "type": "Polygon",
        "coordinates": [
          [
            [
              108.907383,
              34.265325
            ],
            [
              108.907749,
              34.265325
            ],
            [
              108.907749,
              34.264848
            ],
            [
              108.907383,
              34.264848
            ],
            [
              108.907383,
              34.265325
            ]
          ]
        ]
      }
    },
    {
      "type": "Feature",
      "properties": {
        "css": [
          "ward-gate"
        ],
        "name": "金城 南坊门",
        "description": "金城 | 南坊门 | 位于南侧坊墙正中；连接坊内南北街。",
        "_elementType": "rect"
      },
      "geometry": {
        "type": "Polygon",
        "coordinates": [
          [
            [
              108.901574,
              34.261902
            ],
            [
              108.902156,
              34.261902
            ],
            [
              108.902156,
              34.261601
            ],
            [
              108.901574,
              34.261601
            ],
            [
              108.901574,
              34.261902
            ]
          ]
        ]
      }
    },
    {
      "type": "Feature",
      "properties": {
        "css": [
          "ward-gate"
        ],
        "name": "金城 北坊门",
        "description": "金城 | 北坊门 | 位于北侧坊墙正中；连接坊内南北街。",
        "_elementType": "rect"
      },
      "geometry": {
        "type": "Polygon",
        "coordinates": [
          [
            [
              108.901574,
              34.268571
            ],
            [
              108.902156,
              34.268571
            ],
            [
              108.902156,
              34.268271
            ],
            [
              108.901574,
              34.268271
            ],
            [
              108.901574,
              34.268571
            ]
          ]
        ]
      }
    },
    {
      "type": "Feature",
      "properties": {
        "css": [
          "ward-gate"
        ],
        "name": "颁政 西坊门",
        "description": "颁政 | 西坊门 | 位于西侧坊墙正中；连接坊内东西横街。",
        "_elementType": "rect"
      },
      "geometry": {
        "type": "Polygon",
        "coordinates": [
          [
            [
              108.908062,
              34.265325
            ],
            [
              108.908428,
              34.265325
            ],
            [
              108.908428,
              34.264848
            ],
            [
              108.908062,
              34.264848
            ],
            [
              108.908062,
              34.265325
            ]
          ]
        ]
      }
    },
    {
      "type": "Feature",
      "properties": {
        "css": [
          "ward-gate"
        ],
        "name": "颁政 东坊门",
        "description": "颁政 | 东坊门 | 位于东侧坊墙正中；连接坊内东西横街。",
        "_elementType": "rect"
      },
      "geometry": {
        "type": "Polygon",
        "coordinates": [
          [
            [
              108.919054,
              34.265325
            ],
            [
              108.919421,
              34.265325
            ],
            [
              108.919421,
              34.264848
            ],
            [
              108.919054,
              34.264848
            ],
            [
              108.919054,
              34.265325
            ]
          ]
        ]
      }
    },
    {
      "type": "Feature",
      "properties": {
        "css": [
          "ward-gate"
        ],
        "name": "颁政 南坊门",
        "description": "颁政 | 南坊门 | 位于南侧坊墙正中；连接坊内南北街。",
        "_elementType": "rect"
      },
      "geometry": {
        "type": "Polygon",
        "coordinates": [
          [
            [
              108.91345,
              34.261902
            ],
            [
              108.914032,
              34.261902
            ],
            [
              108.914032,
              34.261601
            ],
            [
              108.91345,
              34.261601
            ],
            [
              108.91345,
              34.261902
            ]
          ]
        ]
      }
    },
    {
      "type": "Feature",
      "properties": {
        "css": [
          "ward-gate"
        ],
        "name": "颁政 北坊门",
        "description": "颁政 | 北坊门 | 位于北侧坊墙正中；连接坊内南北街。",
        "_elementType": "rect"
      },
      "geometry": {
        "type": "Polygon",
        "coordinates": [
          [
            [
              108.91345,
              34.268571
            ],
            [
              108.914032,
              34.268571
            ],
            [
              108.914032,
              34.268271
            ],
            [
              108.91345,
              34.268271
            ],
            [
              108.91345,
              34.268571
            ]
          ]
        ]
      }
    },
    {
      "type": "Feature",
      "properties": {
        "css": [
          "ward-gate"
        ],
        "name": "居德 西坊门",
        "description": "居德 | 西坊门 | 位于西侧坊墙正中；连接坊内东西横街。",
        "_elementType": "rect"
      },
      "geometry": {
        "type": "Polygon",
        "coordinates": [
          [
            [
              108.883544,
              34.257617
            ],
            [
              108.88391,
              34.257617
            ],
            [
              108.88391,
              34.25714
            ],
            [
              108.883544,
              34.25714
            ],
            [
              108.883544,
              34.257617
            ]
          ]
        ]
      }
    },
    {
      "type": "Feature",
      "properties": {
        "css": [
          "ward-gate"
        ],
        "name": "居德 东坊门",
        "description": "居德 | 东坊门 | 位于东侧坊墙正中；连接坊内东西横街。",
        "_elementType": "rect"
      },
      "geometry": {
        "type": "Polygon",
        "coordinates": [
          [
            [
              108.895528,
              34.257617
            ],
            [
              108.895894,
              34.257617
            ],
            [
              108.895894,
              34.25714
            ],
            [
              108.895528,
              34.25714
            ],
            [
              108.895528,
              34.257617
            ]
          ]
        ]
      }
    },
    {
      "type": "Feature",
      "properties": {
        "css": [
          "ward-gate"
        ],
        "name": "居德 南坊门",
        "description": "居德 | 南坊门 | 位于南侧坊墙正中；连接坊内南北街。",
        "_elementType": "rect"
      },
      "geometry": {
        "type": "Polygon",
        "coordinates": [
          [
            [
              108.889428,
              34.253827
            ],
            [
              108.89001,
              34.253827
            ],
            [
              108.89001,
              34.253527
            ],
            [
              108.889428,
              34.253527
            ],
            [
              108.889428,
              34.253827
            ]
          ]
        ]
      }
    },
    {
      "type": "Feature",
      "properties": {
        "css": [
          "ward-gate"
        ],
        "name": "居德 北坊门",
        "description": "居德 | 北坊门 | 位于北侧坊墙正中；连接坊内南北街。",
        "_elementType": "rect"
      },
      "geometry": {
        "type": "Polygon",
        "coordinates": [
          [
            [
              108.889428,
              34.26123
            ],
            [
              108.89001,
              34.26123
            ],
            [
              108.89001,
              34.26093
            ],
            [
              108.889428,
              34.26093
            ],
            [
              108.889428,
              34.26123
            ]
          ]
        ]
      }
    },
    {
      "type": "Feature",
      "properties": {
        "css": [
          "ward-gate"
        ],
        "name": "醴泉 西坊门",
        "description": "醴泉 | 西坊门 | 位于西侧坊墙正中；连接坊内东西横街。",
        "_elementType": "rect"
      },
      "geometry": {
        "type": "Polygon",
        "coordinates": [
          [
            [
              108.895981,
              34.257617
            ],
            [
              108.896347,
              34.257617
            ],
            [
              108.896347,
              34.25714
            ],
            [
              108.895981,
              34.25714
            ],
            [
              108.895981,
              34.257617
            ]
          ]
        ]
      }
    },
    {
      "type": "Feature",
      "properties": {
        "css": [
          "ward-gate"
        ],
        "name": "醴泉 东坊门",
        "description": "醴泉 | 东坊门 | 位于东侧坊墙正中；连接坊内东西横街。",
        "_elementType": "rect"
      },
      "geometry": {
        "type": "Polygon",
        "coordinates": [
          [
            [
              108.907383,
              34.257617
            ],
            [
              108.907749,
              34.257617
            ],
            [
              108.907749,
              34.25714
            ],
            [
              108.907383,
              34.25714
            ],
            [
              108.907383,
              34.257617
            ]
          ]
        ]
      }
    },
    {
      "type": "Feature",
      "properties": {
        "css": [
          "ward-gate"
        ],
        "name": "醴泉 南坊门",
        "description": "醴泉 | 南坊门 | 位于南侧坊墙正中；连接坊内南北街。",
        "_elementType": "rect"
      },
      "geometry": {
        "type": "Polygon",
        "coordinates": [
          [
            [
              108.901574,
              34.253827
            ],
            [
              108.902156,
              34.253827
            ],
            [
              108.902156,
              34.253527
            ],
            [
              108.901574,
              34.253527
            ],
            [
              108.901574,
              34.253827
            ]
          ]
        ]
      }
    },
    {
      "type": "Feature",
      "properties": {
        "css": [
          "ward-gate"
        ],
        "name": "醴泉 北坊门",
        "description": "醴泉 | 北坊门 | 位于北侧坊墙正中；连接坊内南北街。",
        "_elementType": "rect"
      },
      "geometry": {
        "type": "Polygon",
        "coordinates": [
          [
            [
              108.901574,
              34.26123
            ],
            [
              108.902156,
              34.26123
            ],
            [
              108.902156,
              34.26093
            ],
            [
              108.901574,
              34.26093
            ],
            [
              108.901574,
              34.26123
            ]
          ]
        ]
      }
    },
    {
      "type": "Feature",
      "properties": {
        "css": [
          "ward-gate"
        ],
        "name": "布政 西坊门",
        "description": "布政 | 西坊门 | 位于西侧坊墙正中；连接坊内东西横街。",
        "_elementType": "rect"
      },
      "geometry": {
        "type": "Polygon",
        "coordinates": [
          [
            [
              108.908062,
              34.257617
            ],
            [
              108.908428,
              34.257617
            ],
            [
              108.908428,
              34.25714
            ],
            [
              108.908062,
              34.25714
            ],
            [
              108.908062,
              34.257617
            ]
          ]
        ]
      }
    },
    {
      "type": "Feature",
      "properties": {
        "css": [
          "ward-gate"
        ],
        "name": "布政 东坊门",
        "description": "布政 | 东坊门 | 位于东侧坊墙正中；连接坊内东西横街。",
        "_elementType": "rect"
      },
      "geometry": {
        "type": "Polygon",
        "coordinates": [
          [
            [
              108.919054,
              34.257617
            ],
            [
              108.919421,
              34.257617
            ],
            [
              108.919421,
              34.25714
            ],
            [
              108.919054,
              34.25714
            ],
            [
              108.919054,
              34.257617
            ]
          ]
        ]
      }
    },
    {
      "type": "Feature",
      "properties": {
        "css": [
          "ward-gate"
        ],
        "name": "布政 南坊门",
        "description": "布政 | 南坊门 | 位于南侧坊墙正中；连接坊内南北街。",
        "_elementType": "rect"
      },
      "geometry": {
        "type": "Polygon",
        "coordinates": [
          [
            [
              108.91345,
              34.253827
            ],
            [
              108.914032,
              34.253827
            ],
            [
              108.914032,
              34.253527
            ],
            [
              108.91345,
              34.253527
            ],
            [
              108.91345,
              34.253827
            ]
          ]
        ]
      }
    },
    {
      "type": "Feature",
      "properties": {
        "css": [
          "ward-gate"
        ],
        "name": "布政 北坊门",
        "description": "布政 | 北坊门 | 位于北侧坊墙正中；连接坊内南北街。",
        "_elementType": "rect"
      },
      "geometry": {
        "type": "Polygon",
        "coordinates": [
          [
            [
              108.91345,
              34.26123
            ],
            [
              108.914032,
              34.26123
            ],
            [
              108.914032,
              34.26093
            ],
            [
              108.91345,
              34.26093
            ],
            [
              108.91345,
              34.26123
            ]
          ]
        ]
      }
    },
    {
      "type": "Feature",
      "properties": {
        "css": [
          "ward-gate"
        ],
        "name": "光宅 西坊门",
        "description": "光宅 | 西坊门 | 位于西侧坊墙正中；连接坊内东西横街。",
        "_elementType": "rect"
      },
      "geometry": {
        "type": "Polygon",
        "coordinates": [
          [
            [
              108.951709,
              34.278465
            ],
            [
              108.952076,
              34.278465
            ],
            [
              108.952076,
              34.277988
            ],
            [
              108.951709,
              34.277988
            ],
            [
              108.951709,
              34.278465
            ]
          ]
        ]
      }
    },
    {
      "type": "Feature",
      "properties": {
        "css": [
          "ward-gate"
        ],
        "name": "光宅 东坊门",
        "description": "光宅 | 东坊门 | 位于东侧坊墙正中；连接坊内东西横街。",
        "_elementType": "rect"
      },
      "geometry": {
        "type": "Polygon",
        "coordinates": [
          [
            [
              108.958946,
              34.278465
            ],
            [
              108.959312,
              34.278465
            ],
            [
              108.959312,
              34.277988
            ],
            [
              108.958946,
              34.277988
            ],
            [
              108.958946,
              34.278465
            ]
          ]
        ]
      }
    },
    {
      "type": "Feature",
      "properties": {
        "css": [
          "ward-gate"
        ],
        "name": "翊善 西坊门",
        "description": "翊善 | 西坊门 | 位于西侧坊墙正中；连接坊内东西横街。",
        "_elementType": "rect"
      },
      "geometry": {
        "type": "Polygon",
        "coordinates": [
          [
            [
              108.959937,
              34.278465
            ],
            [
              108.960304,
              34.278465
            ],
            [
              108.960304,
              34.277988
            ],
            [
              108.959937,
              34.277988
            ],
            [
              108.959937,
              34.278465
            ]
          ]
        ]
      }
    },
    {
      "type": "Feature",
      "properties": {
        "css": [
          "ward-gate"
        ],
        "name": "翊善 东坊门",
        "description": "翊善 | 东坊门 | 位于东侧坊墙正中；连接坊内东西横街。",
        "_elementType": "rect"
      },
      "geometry": {
        "type": "Polygon",
        "coordinates": [
          [
            [
              108.962723,
              34.278465
            ],
            [
              108.96309,
              34.278465
            ],
            [
              108.96309,
              34.277988
            ],
            [
              108.962723,
              34.277988
            ],
            [
              108.962723,
              34.278465
            ]
          ]
        ]
      }
    },
    {
      "type": "Feature",
      "properties": {
        "css": [
          "ward-gate"
        ],
        "name": "长乐 西坊门",
        "description": "长乐 | 西坊门 | 位于西侧坊墙正中；连接坊内东西横街。",
        "_elementType": "rect"
      },
      "geometry": {
        "type": "Polygon",
        "coordinates": [
          [
            [
              108.963456,
              34.278465
            ],
            [
              108.963823,
              34.278465
            ],
            [
              108.963823,
              34.277988
            ],
            [
              108.963456,
              34.277988
            ],
            [
              108.963456,
              34.278465
            ]
          ]
        ]
      }
    },
    {
      "type": "Feature",
      "properties": {
        "css": [
          "ward-gate"
        ],
        "name": "长乐 东坊门",
        "description": "长乐 | 东坊门 | 位于东侧坊墙正中；连接坊内东西横街。",
        "_elementType": "rect"
      },
      "geometry": {
        "type": "Polygon",
        "coordinates": [
          [
            [
              108.97488,
              34.278465
            ],
            [
              108.975246,
              34.278465
            ],
            [
              108.975246,
              34.277988
            ],
            [
              108.97488,
              34.277988
            ],
            [
              108.97488,
              34.278465
            ]
          ]
        ]
      }
    },
    {
      "type": "Feature",
      "properties": {
        "css": [
          "ward-gate"
        ],
        "name": "长乐 南坊门",
        "description": "长乐 | 南坊门 | 位于南侧坊墙正中；连接坊内南北街。",
        "_elementType": "rect"
      },
      "geometry": {
        "type": "Polygon",
        "coordinates": [
          [
            [
              108.96906,
              34.27578
            ],
            [
              108.969642,
              34.27578
            ],
            [
              108.969642,
              34.275479
            ],
            [
              108.96906,
              34.275479
            ],
            [
              108.96906,
              34.27578
            ]
          ]
        ]
      }
    },
    {
      "type": "Feature",
      "properties": {
        "css": [
          "ward-gate"
        ],
        "name": "长乐 北坊门",
        "description": "长乐 | 北坊门 | 位于北侧坊墙正中；连接坊内南北街。",
        "_elementType": "rect"
      },
      "geometry": {
        "type": "Polygon",
        "coordinates": [
          [
            [
              108.96906,
              34.280974
            ],
            [
              108.969642,
              34.280974
            ],
            [
              108.969642,
              34.280674
            ],
            [
              108.96906,
              34.280674
            ],
            [
              108.96906,
              34.280974
            ]
          ]
        ]
      }
    },
    {
      "type": "Feature",
      "properties": {
        "css": [
          "ward-gate"
        ],
        "name": "大安国寺 西坊门",
        "description": "大安国寺 | 西坊门 | 位于西侧坊墙正中；连接坊内东西横街。",
        "_elementType": "rect"
      },
      "geometry": {
        "type": "Polygon",
        "coordinates": [
          [
            [
              108.975613,
              34.278465
            ],
            [
              108.975979,
              34.278465
            ],
            [
              108.975979,
              34.277988
            ],
            [
              108.975613,
              34.277988
            ],
            [
              108.975613,
              34.278465
            ]
          ]
        ]
      }
    },
    {
      "type": "Feature",
      "properties": {
        "css": [
          "ward-gate"
        ],
        "name": "大安国寺 东坊门",
        "description": "大安国寺 | 东坊门 | 位于东侧坊墙正中；连接坊内东西横街。",
        "_elementType": "rect"
      },
      "geometry": {
        "type": "Polygon",
        "coordinates": [
          [
            [
              108.980446,
              34.278465
            ],
            [
              108.980813,
              34.278465
            ],
            [
              108.980813,
              34.277988
            ],
            [
              108.980446,
              34.277988
            ],
            [
              108.980446,
              34.278465
            ]
          ]
        ]
      }
    },
    {
      "type": "Feature",
      "properties": {
        "css": [
          "ward-gate"
        ],
        "name": "大安国寺 南坊门",
        "description": "大安国寺 | 南坊门 | 位于南侧坊墙正中；连接坊内南北街。",
        "_elementType": "rect"
      },
      "geometry": {
        "type": "Polygon",
        "coordinates": [
          [
            [
              108.977921,
              34.27578
            ],
            [
              108.978503,
              34.27578
            ],
            [
              108.978503,
              34.275479
            ],
            [
              108.977921,
              34.275479
            ],
            [
              108.977921,
              34.27578
            ]
          ]
        ]
      }
    },
    {
      "type": "Feature",
      "properties": {
        "css": [
          "ward-gate"
        ],
        "name": "大安国寺 北坊门",
        "description": "大安国寺 | 北坊门 | 位于北侧坊墙正中；连接坊内南北街。",
        "_elementType": "rect"
      },
      "geometry": {
        "type": "Polygon",
        "coordinates": [
          [
            [
              108.977921,
              34.280974
            ],
            [
              108.978503,
              34.280974
            ],
            [
              108.978503,
              34.280674
            ],
            [
              108.977921,
              34.280674
            ],
            [
              108.977921,
              34.280974
            ]
          ]
        ]
      }
    },
    {
      "type": "Feature",
      "properties": {
        "css": [
          "ward-gate"
        ],
        "name": "入苑(十六王宅) 西坊门",
        "description": "入苑(十六王宅) | 西坊门 | 位于西侧坊墙正中；连接坊内东西横街。",
        "_elementType": "rect"
      },
      "geometry": {
        "type": "Polygon",
        "coordinates": [
          [
            [
              108.980446,
              34.278465
            ],
            [
              108.980813,
              34.278465
            ],
            [
              108.980813,
              34.277988
            ],
            [
              108.980446,
              34.277988
            ],
            [
              108.980446,
              34.278465
            ]
          ]
        ]
      }
    },
    {
      "type": "Feature",
      "properties": {
        "css": [
          "ward-gate"
        ],
        "name": "入苑(十六王宅) 东坊门",
        "description": "入苑(十六王宅) | 东坊门 | 位于东侧坊墙正中；连接坊内东西横街。",
        "_elementType": "rect"
      },
      "geometry": {
        "type": "Polygon",
        "coordinates": [
          [
            [
              108.987629,
              34.278465
            ],
            [
              108.987996,
              34.278465
            ],
            [
              108.987996,
              34.277988
            ],
            [
              108.987629,
              34.277988
            ],
            [
              108.987629,
              34.278465
            ]
          ]
        ]
      }
    },
    {
      "type": "Feature",
      "properties": {
        "css": [
          "ward-gate"
        ],
        "name": "入苑(十六王宅) 南坊门",
        "description": "入苑(十六王宅) | 南坊门 | 位于南侧坊墙正中；连接坊内南北街。",
        "_elementType": "rect"
      },
      "geometry": {
        "type": "Polygon",
        "coordinates": [
          [
            [
              108.983931,
              34.27578
            ],
            [
              108.984513,
              34.27578
            ],
            [
              108.984513,
              34.275479
            ],
            [
              108.983931,
              34.275479
            ],
            [
              108.983931,
              34.27578
            ]
          ]
        ]
      }
    },
    {
      "type": "Feature",
      "properties": {
        "css": [
          "ward-gate"
        ],
        "name": "入苑(十六王宅) 北坊门",
        "description": "入苑(十六王宅) | 北坊门 | 位于北侧坊墙正中；连接坊内南北街。",
        "_elementType": "rect"
      },
      "geometry": {
        "type": "Polygon",
        "coordinates": [
          [
            [
              108.983931,
              34.280974
            ],
            [
              108.984513,
              34.280974
            ],
            [
              108.984513,
              34.280674
            ],
            [
              108.983931,
              34.280674
            ],
            [
              108.983931,
              34.280974
            ]
          ]
        ]
      }
    },
    {
      "type": "Feature",
      "properties": {
        "css": [
          "ward-gate"
        ],
        "name": "永昌 西坊门",
        "description": "永昌 | 西坊门 | 位于西侧坊墙正中；连接坊内东西横街。",
        "_elementType": "rect"
      },
      "geometry": {
        "type": "Polygon",
        "coordinates": [
          [
            [
              108.951709,
              34.2726
            ],
            [
              108.952076,
              34.2726
            ],
            [
              108.952076,
              34.272123
            ],
            [
              108.951709,
              34.272123
            ],
            [
              108.951709,
              34.2726
            ]
          ]
        ]
      }
    },
    {
      "type": "Feature",
      "properties": {
        "css": [
          "ward-gate"
        ],
        "name": "永昌 东坊门",
        "description": "永昌 | 东坊门 | 位于东侧坊墙正中；连接坊内东西横街。",
        "_elementType": "rect"
      },
      "geometry": {
        "type": "Polygon",
        "coordinates": [
          [
            [
              108.958946,
              34.2726
            ],
            [
              108.959312,
              34.2726
            ],
            [
              108.959312,
              34.272123
            ],
            [
              108.958946,
              34.272123
            ],
            [
              108.958946,
              34.2726
            ]
          ]
        ]
      }
    },
    {
      "type": "Feature",
      "properties": {
        "css": [
          "ward-gate"
        ],
        "name": "来庭 西坊门",
        "description": "来庭 | 西坊门 | 位于西侧坊墙正中；连接坊内东西横街。",
        "_elementType": "rect"
      },
      "geometry": {
        "type": "Polygon",
        "coordinates": [
          [
            [
              108.959937,
              34.2726
            ],
            [
              108.960304,
              34.2726
            ],
            [
              108.960304,
              34.272123
            ],
            [
              108.959937,
              34.272123
            ],
            [
              108.959937,
              34.2726
            ]
          ]
        ]
      }
    },
    {
      "type": "Feature",
      "properties": {
        "css": [
          "ward-gate"
        ],
        "name": "来庭 东坊门",
        "description": "来庭 | 东坊门 | 位于东侧坊墙正中；连接坊内东西横街。",
        "_elementType": "rect"
      },
      "geometry": {
        "type": "Polygon",
        "coordinates": [
          [
            [
              108.962723,
              34.2726
            ],
            [
              108.96309,
              34.2726
            ],
            [
              108.96309,
              34.272123
            ],
            [
              108.962723,
              34.272123
            ],
            [
              108.962723,
              34.2726
            ]
          ]
        ]
      }
    },
    {
      "type": "Feature",
      "properties": {
        "css": [
          "ward-gate"
        ],
        "name": "大宁 西坊门",
        "description": "大宁 | 西坊门 | 位于西侧坊墙正中；连接坊内东西横街。",
        "_elementType": "rect"
      },
      "geometry": {
        "type": "Polygon",
        "coordinates": [
          [
            [
              108.963456,
              34.2726
            ],
            [
              108.963823,
              34.2726
            ],
            [
              108.963823,
              34.272123
            ],
            [
              108.963456,
              34.272123
            ],
            [
              108.963456,
              34.2726
            ]
          ]
        ]
      }
    },
    {
      "type": "Feature",
      "properties": {
        "css": [
          "ward-gate"
        ],
        "name": "大宁 东坊门",
        "description": "大宁 | 东坊门 | 位于东侧坊墙正中；连接坊内东西横街。",
        "_elementType": "rect"
      },
      "geometry": {
        "type": "Polygon",
        "coordinates": [
          [
            [
              108.97488,
              34.2726
            ],
            [
              108.975246,
              34.2726
            ],
            [
              108.975246,
              34.272123
            ],
            [
              108.97488,
              34.272123
            ],
            [
              108.97488,
              34.2726
            ]
          ]
        ]
      }
    },
    {
      "type": "Feature",
      "properties": {
        "css": [
          "ward-gate"
        ],
        "name": "大宁 南坊门",
        "description": "大宁 | 南坊门 | 位于南侧坊墙正中；连接坊内南北街。",
        "_elementType": "rect"
      },
      "geometry": {
        "type": "Polygon",
        "coordinates": [
          [
            [
              108.96906,
              34.269914
            ],
            [
              108.969642,
              34.269914
            ],
            [
              108.969642,
              34.269614
            ],
            [
              108.96906,
              34.269614
            ],
            [
              108.96906,
              34.269914
            ]
          ]
        ]
      }
    },
    {
      "type": "Feature",
      "properties": {
        "css": [
          "ward-gate"
        ],
        "name": "大宁 北坊门",
        "description": "大宁 | 北坊门 | 位于北侧坊墙正中；连接坊内南北街。",
        "_elementType": "rect"
      },
      "geometry": {
        "type": "Polygon",
        "coordinates": [
          [
            [
              108.96906,
              34.275108
            ],
            [
              108.969642,
              34.275108
            ],
            [
              108.969642,
              34.274808
            ],
            [
              108.96906,
              34.274808
            ],
            [
              108.96906,
              34.275108
            ]
          ]
        ]
      }
    },
    {
      "type": "Feature",
      "properties": {
        "css": [
          "ward-gate"
        ],
        "name": "兴宁 西坊门",
        "description": "兴宁 | 西坊门 | 位于西侧坊墙正中；连接坊内东西横街。",
        "_elementType": "rect"
      },
      "geometry": {
        "type": "Polygon",
        "coordinates": [
          [
            [
              108.975613,
              34.2726
            ],
            [
              108.975979,
              34.2726
            ],
            [
              108.975979,
              34.272123
            ],
            [
              108.975613,
              34.272123
            ],
            [
              108.975613,
              34.2726
            ]
          ]
        ]
      }
    },
    {
      "type": "Feature",
      "properties": {
        "css": [
          "ward-gate"
        ],
        "name": "兴宁 东坊门",
        "description": "兴宁 | 东坊门 | 位于东侧坊墙正中；连接坊内东西横街。",
        "_elementType": "rect"
      },
      "geometry": {
        "type": "Polygon",
        "coordinates": [
          [
            [
              108.987629,
              34.2726
            ],
            [
              108.987996,
              34.2726
            ],
            [
              108.987996,
              34.272123
            ],
            [
              108.987629,
              34.272123
            ],
            [
              108.987629,
              34.2726
            ]
          ]
        ]
      }
    },
    {
      "type": "Feature",
      "properties": {
        "css": [
          "ward-gate"
        ],
        "name": "兴宁 南坊门",
        "description": "兴宁 | 南坊门 | 位于南侧坊墙正中；连接坊内南北街。",
        "_elementType": "rect"
      },
      "geometry": {
        "type": "Polygon",
        "coordinates": [
          [
            [
              108.981513,
              34.269914
            ],
            [
              108.982095,
              34.269914
            ],
            [
              108.982095,
              34.269614
            ],
            [
              108.981513,
              34.269614
            ],
            [
              108.981513,
              34.269914
            ]
          ]
        ]
      }
    },
    {
      "type": "Feature",
      "properties": {
        "css": [
          "ward-gate"
        ],
        "name": "兴宁 北坊门",
        "description": "兴宁 | 北坊门 | 位于北侧坊墙正中；连接坊内南北街。",
        "_elementType": "rect"
      },
      "geometry": {
        "type": "Polygon",
        "coordinates": [
          [
            [
              108.981513,
              34.275108
            ],
            [
              108.982095,
              34.275108
            ],
            [
              108.982095,
              34.274808
            ],
            [
              108.981513,
              34.274808
            ],
            [
              108.981513,
              34.275108
            ]
          ]
        ]
      }
    },
    {
      "type": "Feature",
      "properties": {
        "css": [
          "ward-gate"
        ],
        "name": "永兴 西坊门",
        "description": "永兴 | 西坊门 | 位于西侧坊墙正中；连接坊内东西横街。",
        "_elementType": "rect"
      },
      "geometry": {
        "type": "Polygon",
        "coordinates": [
          [
            [
              108.951709,
              34.265325
            ],
            [
              108.952076,
              34.265325
            ],
            [
              108.952076,
              34.264848
            ],
            [
              108.951709,
              34.264848
            ],
            [
              108.951709,
              34.265325
            ]
          ]
        ]
      }
    },
    {
      "type": "Feature",
      "properties": {
        "css": [
          "ward-gate"
        ],
        "name": "永兴 东坊门",
        "description": "永兴 | 东坊门 | 位于东侧坊墙正中；连接坊内东西横街。",
        "_elementType": "rect"
      },
      "geometry": {
        "type": "Polygon",
        "coordinates": [
          [
            [
              108.962723,
              34.265325
            ],
            [
              108.96309,
              34.265325
            ],
            [
              108.96309,
              34.264848
            ],
            [
              108.962723,
              34.264848
            ],
            [
              108.962723,
              34.265325
            ]
          ]
        ]
      }
    },
    {
      "type": "Feature",
      "properties": {
        "css": [
          "ward-gate"
        ],
        "name": "永兴 南坊门",
        "description": "永兴 | 南坊门 | 位于南侧坊墙正中；连接坊内南北街。",
        "_elementType": "rect"
      },
      "geometry": {
        "type": "Polygon",
        "coordinates": [
          [
            [
              108.957108,
              34.261902
            ],
            [
              108.95769,
              34.261902
            ],
            [
              108.95769,
              34.261601
            ],
            [
              108.957108,
              34.261601
            ],
            [
              108.957108,
              34.261902
            ]
          ]
        ]
      }
    },
    {
      "type": "Feature",
      "properties": {
        "css": [
          "ward-gate"
        ],
        "name": "永兴 北坊门",
        "description": "永兴 | 北坊门 | 位于北侧坊墙正中；连接坊内南北街。",
        "_elementType": "rect"
      },
      "geometry": {
        "type": "Polygon",
        "coordinates": [
          [
            [
              108.957108,
              34.268571
            ],
            [
              108.95769,
              34.268571
            ],
            [
              108.95769,
              34.268271
            ],
            [
              108.957108,
              34.268271
            ],
            [
              108.957108,
              34.268571
            ]
          ]
        ]
      }
    },
    {
      "type": "Feature",
      "properties": {
        "css": [
          "ward-gate"
        ],
        "name": "安兴 西坊门",
        "description": "安兴 | 西坊门 | 位于西侧坊墙正中；连接坊内东西横街。",
        "_elementType": "rect"
      },
      "geometry": {
        "type": "Polygon",
        "coordinates": [
          [
            [
              108.963456,
              34.265325
            ],
            [
              108.963823,
              34.265325
            ],
            [
              108.963823,
              34.264848
            ],
            [
              108.963456,
              34.264848
            ],
            [
              108.963456,
              34.265325
            ]
          ]
        ]
      }
    },
    {
      "type": "Feature",
      "properties": {
        "css": [
          "ward-gate"
        ],
        "name": "安兴 东坊门",
        "description": "安兴 | 东坊门 | 位于东侧坊墙正中；连接坊内东西横街。",
        "_elementType": "rect"
      },
      "geometry": {
        "type": "Polygon",
        "coordinates": [
          [
            [
              108.97488,
              34.265325
            ],
            [
              108.975246,
              34.265325
            ],
            [
              108.975246,
              34.264848
            ],
            [
              108.97488,
              34.264848
            ],
            [
              108.97488,
              34.265325
            ]
          ]
        ]
      }
    },
    {
      "type": "Feature",
      "properties": {
        "css": [
          "ward-gate"
        ],
        "name": "安兴 南坊门",
        "description": "安兴 | 南坊门 | 位于南侧坊墙正中；连接坊内南北街。",
        "_elementType": "rect"
      },
      "geometry": {
        "type": "Polygon",
        "coordinates": [
          [
            [
              108.96906,
              34.261902
            ],
            [
              108.969642,
              34.261902
            ],
            [
              108.969642,
              34.261601
            ],
            [
              108.96906,
              34.261601
            ],
            [
              108.96906,
              34.261902
            ]
          ]
        ]
      }
    },
    {
      "type": "Feature",
      "properties": {
        "css": [
          "ward-gate"
        ],
        "name": "安兴 北坊门",
        "description": "安兴 | 北坊门 | 位于北侧坊墙正中；连接坊内南北街。",
        "_elementType": "rect"
      },
      "geometry": {
        "type": "Polygon",
        "coordinates": [
          [
            [
              108.96906,
              34.268571
            ],
            [
              108.969642,
              34.268571
            ],
            [
              108.969642,
              34.268271
            ],
            [
              108.96906,
              34.268271
            ],
            [
              108.96906,
              34.268571
            ]
          ]
        ]
      }
    },
    {
      "type": "Feature",
      "properties": {
        "css": [
          "ward-gate"
        ],
        "name": "永嘉 西坊门",
        "description": "永嘉 | 西坊门 | 位于西侧坊墙正中；连接坊内东西横街。",
        "_elementType": "rect"
      },
      "geometry": {
        "type": "Polygon",
        "coordinates": [
          [
            [
              108.975613,
              34.266385
            ],
            [
              108.975979,
              34.266385
            ],
            [
              108.975979,
              34.265908
            ],
            [
              108.975613,
              34.265908
            ],
            [
              108.975613,
              34.266385
            ]
          ]
        ]
      }
    },
    {
      "type": "Feature",
      "properties": {
        "css": [
          "ward-gate"
        ],
        "name": "永嘉 东坊门",
        "description": "永嘉 | 东坊门 | 位于东侧坊墙正中；连接坊内东西横街。",
        "_elementType": "rect"
      },
      "geometry": {
        "type": "Polygon",
        "coordinates": [
          [
            [
              108.987629,
              34.266385
            ],
            [
              108.987996,
              34.266385
            ],
            [
              108.987996,
              34.265908
            ],
            [
              108.987629,
              34.265908
            ],
            [
              108.987629,
              34.266385
            ]
          ]
        ]
      }
    },
    {
      "type": "Feature",
      "properties": {
        "css": [
          "ward-gate"
        ],
        "name": "永嘉 南坊门",
        "description": "永嘉 | 南坊门 | 位于南侧坊墙正中；连接坊内南北街。",
        "_elementType": "rect"
      },
      "geometry": {
        "type": "Polygon",
        "coordinates": [
          [
            [
              108.981513,
              34.264022
            ],
            [
              108.982095,
              34.264022
            ],
            [
              108.982095,
              34.263721
            ],
            [
              108.981513,
              34.263721
            ],
            [
              108.981513,
              34.264022
            ]
          ]
        ]
      }
    },
    {
      "type": "Feature",
      "properties": {
        "css": [
          "ward-gate"
        ],
        "name": "永嘉 北坊门",
        "description": "永嘉 | 北坊门 | 位于北侧坊墙正中；连接坊内南北街。",
        "_elementType": "rect"
      },
      "geometry": {
        "type": "Polygon",
        "coordinates": [
          [
            [
              108.981513,
              34.268571
            ],
            [
              108.982095,
              34.268571
            ],
            [
              108.982095,
              34.268271
            ],
            [
              108.981513,
              34.268271
            ],
            [
              108.981513,
              34.268571
            ]
          ]
        ]
      }
    },
    {
      "type": "Feature",
      "properties": {
        "css": [
          "ward-gate"
        ],
        "name": "崇仁 西坊门",
        "description": "崇仁 | 西坊门 | 位于西侧坊墙正中；连接坊内东西横街。",
        "_elementType": "rect"
      },
      "geometry": {
        "type": "Polygon",
        "coordinates": [
          [
            [
              108.951709,
              34.257617
            ],
            [
              108.952076,
              34.257617
            ],
            [
              108.952076,
              34.25714
            ],
            [
              108.951709,
              34.25714
            ],
            [
              108.951709,
              34.257617
            ]
          ]
        ]
      }
    },
    {
      "type": "Feature",
      "properties": {
        "css": [
          "ward-gate"
        ],
        "name": "崇仁 东坊门",
        "description": "崇仁 | 东坊门 | 位于东侧坊墙正中；连接坊内东西横街。",
        "_elementType": "rect"
      },
      "geometry": {
        "type": "Polygon",
        "coordinates": [
          [
            [
              108.962723,
              34.257617
            ],
            [
              108.96309,
              34.257617
            ],
            [
              108.96309,
              34.25714
            ],
            [
              108.962723,
              34.25714
            ],
            [
              108.962723,
              34.257617
            ]
          ]
        ]
      }
    },
    {
      "type": "Feature",
      "properties": {
        "css": [
          "ward-gate"
        ],
        "name": "崇仁 南坊门",
        "description": "崇仁 | 南坊门 | 位于南侧坊墙正中；连接坊内南北街。",
        "_elementType": "rect"
      },
      "geometry": {
        "type": "Polygon",
        "coordinates": [
          [
            [
              108.957108,
              34.253827
            ],
            [
              108.95769,
              34.253827
            ],
            [
              108.95769,
              34.253527
            ],
            [
              108.957108,
              34.253527
            ],
            [
              108.957108,
              34.253827
            ]
          ]
        ]
      }
    },
    {
      "type": "Feature",
      "properties": {
        "css": [
          "ward-gate"
        ],
        "name": "崇仁 北坊门",
        "description": "崇仁 | 北坊门 | 位于北侧坊墙正中；连接坊内南北街。",
        "_elementType": "rect"
      },
      "geometry": {
        "type": "Polygon",
        "coordinates": [
          [
            [
              108.957108,
              34.26123
            ],
            [
              108.95769,
              34.26123
            ],
            [
              108.95769,
              34.26093
            ],
            [
              108.957108,
              34.26093
            ],
            [
              108.957108,
              34.26123
            ]
          ]
        ]
      }
    },
    {
      "type": "Feature",
      "properties": {
        "css": [
          "ward-gate"
        ],
        "name": "胜业 西坊门",
        "description": "胜业 | 西坊门 | 位于西侧坊墙正中；连接坊内东西横街。",
        "_elementType": "rect"
      },
      "geometry": {
        "type": "Polygon",
        "coordinates": [
          [
            [
              108.963456,
              34.257617
            ],
            [
              108.963823,
              34.257617
            ],
            [
              108.963823,
              34.25714
            ],
            [
              108.963456,
              34.25714
            ],
            [
              108.963456,
              34.257617
            ]
          ]
        ]
      }
    },
    {
      "type": "Feature",
      "properties": {
        "css": [
          "ward-gate"
        ],
        "name": "胜业 东坊门",
        "description": "胜业 | 东坊门 | 位于东侧坊墙正中；连接坊内东西横街。",
        "_elementType": "rect"
      },
      "geometry": {
        "type": "Polygon",
        "coordinates": [
          [
            [
              108.974363,
              34.257617
            ],
            [
              108.974729,
              34.257617
            ],
            [
              108.974729,
              34.25714
            ],
            [
              108.974363,
              34.25714
            ],
            [
              108.974363,
              34.257617
            ]
          ]
        ]
      }
    },
    {
      "type": "Feature",
      "properties": {
        "css": [
          "ward-gate"
        ],
        "name": "胜业 南坊门",
        "description": "胜业 | 南坊门 | 位于南侧坊墙正中；连接坊内南北街。",
        "_elementType": "rect"
      },
      "geometry": {
        "type": "Polygon",
        "coordinates": [
          [
            [
              108.968802,
              34.253827
            ],
            [
              108.969384,
              34.253827
            ],
            [
              108.969384,
              34.253527
            ],
            [
              108.968802,
              34.253527
            ],
            [
              108.968802,
              34.253827
            ]
          ]
        ]
      }
    },
    {
      "type": "Feature",
      "properties": {
        "css": [
          "ward-gate"
        ],
        "name": "胜业 北坊门",
        "description": "胜业 | 北坊门 | 位于北侧坊墙正中；连接坊内南北街。",
        "_elementType": "rect"
      },
      "geometry": {
        "type": "Polygon",
        "coordinates": [
          [
            [
              108.968802,
              34.26123
            ],
            [
              108.969384,
              34.26123
            ],
            [
              108.969384,
              34.26093
            ],
            [
              108.968802,
              34.26093
            ],
            [
              108.968802,
              34.26123
            ]
          ]
        ]
      }
    },
    {
      "type": "Feature",
      "properties": {
        "css": [
          "ward-gate",
          "market-gate"
        ],
        "name": "西市 坊门",
        "description": "西市 | 坊门 | 市场外围坊门，南侧。",
        "_elementType": "rect"
      },
      "geometry": {
        "type": "Polygon",
        "coordinates": [
          [
            [
              108.900022,
              34.243819
            ],
            [
              108.90041,
              34.243819
            ],
            [
              108.90041,
              34.243501
            ],
            [
              108.900022,
              34.243501
            ],
            [
              108.900022,
              34.243819
            ]
          ]
        ]
      }
    },
    {
      "type": "Feature",
      "properties": {
        "css": [
          "ward-gate",
          "market-gate"
        ],
        "name": "西市 坊门",
        "description": "西市 | 坊门 | 市场外围坊门，北侧。",
        "_elementType": "rect"
      },
      "geometry": {
        "type": "Polygon",
        "coordinates": [
          [
            [
              108.900022,
              34.252069
            ],
            [
              108.90041,
              34.252069
            ],
            [
              108.90041,
              34.251751
            ],
            [
              108.900022,
              34.251751
            ],
            [
              108.900022,
              34.252069
            ]
          ]
        ]
      }
    },
    {
      "type": "Feature",
      "properties": {
        "css": [
          "ward-gate",
          "market-gate"
        ],
        "name": "西市 坊门",
        "description": "西市 | 坊门 | 市场外围坊门，南侧。",
        "_elementType": "rect"
      },
      "geometry": {
        "type": "Polygon",
        "coordinates": [
          [
            [
              108.90332,
              34.243819
            ],
            [
              108.903708,
              34.243819
            ],
            [
              108.903708,
              34.243501
            ],
            [
              108.90332,
              34.243501
            ],
            [
              108.90332,
              34.243819
            ]
          ]
        ]
      }
    },
    {
      "type": "Feature",
      "properties": {
        "css": [
          "ward-gate",
          "market-gate"
        ],
        "name": "西市 坊门",
        "description": "西市 | 坊门 | 市场外围坊门，北侧。",
        "_elementType": "rect"
      },
      "geometry": {
        "type": "Polygon",
        "coordinates": [
          [
            [
              108.90332,
              34.252069
            ],
            [
              108.903708,
              34.252069
            ],
            [
              108.903708,
              34.251751
            ],
            [
              108.90332,
              34.251751
            ],
            [
              108.90332,
              34.252069
            ]
          ]
        ]
      }
    },
    {
      "type": "Feature",
      "properties": {
        "css": [
          "ward-gate",
          "market-gate"
        ],
        "name": "西市 坊门",
        "description": "西市 | 坊门 | 市场外围坊门，西侧。",
        "_elementType": "rect"
      },
      "geometry": {
        "type": "Polygon",
        "coordinates": [
          [
            [
              108.896724,
              34.246569
            ],
            [
              108.897112,
              34.246569
            ],
            [
              108.897112,
              34.246251
            ],
            [
              108.896724,
              34.246251
            ],
            [
              108.896724,
              34.246569
            ]
          ]
        ]
      }
    },
    {
      "type": "Feature",
      "properties": {
        "css": [
          "ward-gate",
          "market-gate"
        ],
        "name": "西市 坊门",
        "description": "西市 | 坊门 | 市场外围坊门，东侧。",
        "_elementType": "rect"
      },
      "geometry": {
        "type": "Polygon",
        "coordinates": [
          [
            [
              108.906618,
              34.246569
            ],
            [
              108.907006,
              34.246569
            ],
            [
              108.907006,
              34.246251
            ],
            [
              108.906618,
              34.246251
            ],
            [
              108.906618,
              34.246569
            ]
          ]
        ]
      }
    },
    {
      "type": "Feature",
      "properties": {
        "css": [
          "ward-gate",
          "market-gate"
        ],
        "name": "西市 坊门",
        "description": "西市 | 坊门 | 市场外围坊门，西侧。",
        "_elementType": "rect"
      },
      "geometry": {
        "type": "Polygon",
        "coordinates": [
          [
            [
              108.896724,
              34.249319
            ],
            [
              108.897112,
              34.249319
            ],
            [
              108.897112,
              34.249001
            ],
            [
              108.896724,
              34.249001
            ],
            [
              108.896724,
              34.249319
            ]
          ]
        ]
      }
    },
    {
      "type": "Feature",
      "properties": {
        "css": [
          "ward-gate",
          "market-gate"
        ],
        "name": "西市 坊门",
        "description": "西市 | 坊门 | 市场外围坊门，东侧。",
        "_elementType": "rect"
      },
      "geometry": {
        "type": "Polygon",
        "coordinates": [
          [
            [
              108.906618,
              34.249319
            ],
            [
              108.907006,
              34.249319
            ],
            [
              108.907006,
              34.249001
            ],
            [
              108.906618,
              34.249001
            ],
            [
              108.906618,
              34.249319
            ]
          ]
        ]
      }
    },
    {
      "type": "Feature",
      "properties": {
        "css": [
          "ward-gate",
          "market-gate"
        ],
        "name": "东市 坊门",
        "description": "东市 | 坊门 | 市场外围坊门，南侧。",
        "_elementType": "rect"
      },
      "geometry": {
        "type": "Polygon",
        "coordinates": [
          [
            [
              108.967505,
              34.243819
            ],
            [
              108.967893,
              34.243819
            ],
            [
              108.967893,
              34.243501
            ],
            [
              108.967505,
              34.243501
            ],
            [
              108.967505,
              34.243819
            ]
          ]
        ]
      }
    },
    {
      "type": "Feature",
      "properties": {
        "css": [
          "ward-gate",
          "market-gate"
        ],
        "name": "东市 坊门",
        "description": "东市 | 坊门 | 市场外围坊门，北侧。",
        "_elementType": "rect"
      },
      "geometry": {
        "type": "Polygon",
        "coordinates": [
          [
            [
              108.967505,
              34.252069
            ],
            [
              108.967893,
              34.252069
            ],
            [
              108.967893,
              34.251751
            ],
            [
              108.967505,
              34.251751
            ],
            [
              108.967505,
              34.252069
            ]
          ]
        ]
      }
    },
    {
      "type": "Feature",
      "properties": {
        "css": [
          "ward-gate",
          "market-gate"
        ],
        "name": "东市 坊门",
        "description": "东市 | 坊门 | 市场外围坊门，南侧。",
        "_elementType": "rect"
      },
      "geometry": {
        "type": "Polygon",
        "coordinates": [
          [
            [
              108.970809,
              34.243819
            ],
            [
              108.971197,
              34.243819
            ],
            [
              108.971197,
              34.243501
            ],
            [
              108.970809,
              34.243501
            ],
            [
              108.970809,
              34.243819
            ]
          ]
        ]
      }
    },
    {
      "type": "Feature",
      "properties": {
        "css": [
          "ward-gate",
          "market-gate"
        ],
        "name": "东市 坊门",
        "description": "东市 | 坊门 | 市场外围坊门，北侧。",
        "_elementType": "rect"
      },
      "geometry": {
        "type": "Polygon",
        "coordinates": [
          [
            [
              108.970809,
              34.252069
            ],
            [
              108.971197,
              34.252069
            ],
            [
              108.971197,
              34.251751
            ],
            [
              108.970809,
              34.251751
            ],
            [
              108.970809,
              34.252069
            ]
          ]
        ]
      }
    },
    {
      "type": "Feature",
      "properties": {
        "css": [
          "ward-gate",
          "market-gate"
        ],
        "name": "东市 坊门",
        "description": "东市 | 坊门 | 市场外围坊门，西侧。",
        "_elementType": "rect"
      },
      "geometry": {
        "type": "Polygon",
        "coordinates": [
          [
            [
              108.9642,
              34.246569
            ],
            [
              108.964588,
              34.246569
            ],
            [
              108.964588,
              34.246251
            ],
            [
              108.9642,
              34.246251
            ],
            [
              108.9642,
              34.246569
            ]
          ]
        ]
      }
    },
    {
      "type": "Feature",
      "properties": {
        "css": [
          "ward-gate",
          "market-gate"
        ],
        "name": "东市 坊门",
        "description": "东市 | 坊门 | 市场外围坊门，东侧。",
        "_elementType": "rect"
      },
      "geometry": {
        "type": "Polygon",
        "coordinates": [
          [
            [
              108.974115,
              34.246569
            ],
            [
              108.974503,
              34.246569
            ],
            [
              108.974503,
              34.246251
            ],
            [
              108.974115,
              34.246251
            ],
            [
              108.974115,
              34.246569
            ]
          ]
        ]
      }
    },
    {
      "type": "Feature",
      "properties": {
        "css": [
          "ward-gate",
          "market-gate"
        ],
        "name": "东市 坊门",
        "description": "东市 | 坊门 | 市场外围坊门，西侧。",
        "_elementType": "rect"
      },
      "geometry": {
        "type": "Polygon",
        "coordinates": [
          [
            [
              108.9642,
              34.249319
            ],
            [
              108.964588,
              34.249319
            ],
            [
              108.964588,
              34.249001
            ],
            [
              108.9642,
              34.249001
            ],
            [
              108.9642,
              34.249319
            ]
          ]
        ]
      }
    },
    {
      "type": "Feature",
      "properties": {
        "css": [
          "ward-gate",
          "market-gate"
        ],
        "name": "东市 坊门",
        "description": "东市 | 坊门 | 市场外围坊门，东侧。",
        "_elementType": "rect"
      },
      "geometry": {
        "type": "Polygon",
        "coordinates": [
          [
            [
              108.974115,
              34.249319
            ],
            [
              108.974503,
              34.249319
            ],
            [
              108.974503,
              34.249001
            ],
            [
              108.974115,
              34.249001
            ],
            [
              108.974115,
              34.249319
            ]
          ]
        ]
      }
    }
  ]
}