{
  "type": "FeatureCollection",
  "features": [
    {
      "type": "Feature",
      "properties": {
        "from": 0,
        "to": 1,
        "distance_m": 30.0,
        "name": "西侧居民环城街",
        "type": "street",
        "class": "public_inner_wall_street"
      },
      "geometry": {
        "type": "LineString",
        "coordinates": [
          [
            108.883404,
            34.206292
          ],
          [
            108.883404,
            34.206557
          ]
        ]
      }
    },
    {
      "type": "Feature",
      "properties": {
        "from": 1,
        "to": 2,
        "distance_m": 605.0,
        "name": "西侧居民环城街",
        "type": "street",
        "class": "public_inner_wall_street"
      },
      "geometry": {
        "type": "LineString",
        "coordinates": [
          [
            108.883404,
            34.206557
          ],
          [
            108.883404,
            34.211901
          ]
        ]
      }
    },
    {
      "type": "Feature",
      "properties": {
        "from": 2,
        "to": 3,
        "distance_m": 560.0,
        "name": "西侧居民环城街",
        "type": "street",
        "class": "public_inner_wall_street"
      },
      "geometry": {
        "type": "LineString",
        "coordinates": [
          [
            108.883404,
            34.211901
          ],
          [
            108.883404,
            34.216848
          ]
        ]
      }
    },
    {
      "type": "Feature",
      "properties": {
        "from": 3,
        "to": 4,
        "distance_m": 577.5,
        "name": "西侧居民环城街",
        "type": "street",
        "class": "public_inner_wall_street"
      },
      "geometry": {
        "type": "LineString",
        "coordinates": [
          [
            108.883404,
            34.216848
          ],
          [
            108.883404,
            34.22195
          ]
        ]
      }
    },
    {
      "type": "Feature",
      "properties": {
        "from": 4,
        "to": 5,
        "distance_m": 585.0,
        "name": "西侧居民环城街",
        "type": "street",
        "class": "public_inner_wall_street"
      },
      "geometry": {
        "type": "LineString",
        "coordinates": [
          [
            108.883404,
            34.22195
          ],
          [
            108.883404,
            34.227118
          ]
        ]
      }
    },
    {
      "type": "Feature",
      "properties": {
        "from": 5,
        "to": 6,
        "distance_m": 590.0,
        "name": "西侧居民环城街",
        "type": "street",
        "class": "public_inner_wall_street"
      },
      "geometry": {
        "type": "LineString",
        "coordinates": [
          [
            108.883404,
            34.227118
          ],
          [
            108.883404,
            34.23233
          ]
        ]
      }
    },
    {
      "type": "Feature",
      "properties": {
        "from": 6,
        "to": 7,
        "distance_m": 600.0,
        "name": "西侧居民环城街",
        "type": "street",
        "class": "public_inner_wall_street"
      },
      "geometry": {
        "type": "LineString",
        "coordinates": [
          [
            108.883404,
            34.23233
          ],
          [
            108.883404,
            34.23763
          ]
        ]
      }
    },
    {
      "type": "Feature",
      "properties": {
        "from": 7,
        "to": 8,
        "distance_m": 582.5,
        "name": "西侧居民环城街",
        "type": "street",
        "class": "public_inner_wall_street"
      },
      "geometry": {
        "type": "LineString",
        "coordinates": [
          [
            108.883404,
            34.23763
          ],
          [
            108.883404,
            34.242776
          ]
        ]
      }
    },
    {
      "type": "Feature",
      "properties": {
        "from": 8,
        "to": 9,
        "distance_m": 572.0,
        "name": "西侧居民环城街",
        "type": "street",
        "class": "public_inner_wall_street"
      },
      "geometry": {
        "type": "LineString",
        "coordinates": [
          [
            108.883404,
            34.242776
          ],
          [
            108.883404,
            34.247829
          ]
        ]
      }
    },
    {
      "type": "Feature",
      "properties": {
        "from": 9,
        "to": 10,
        "distance_m": 602.0,
        "name": "西侧居民环城街",
        "type": "street",
        "class": "public_inner_wall_street"
      },
      "geometry": {
        "type": "LineString",
        "coordinates": [
          [
            108.883404,
            34.247829
          ],
          [
            108.883404,
            34.253147
          ]
        ]
      }
    },
    {
      "type": "Feature",
      "properties": {
        "from": 10,
        "to": 11,
        "distance_m": 936.0,
        "name": "西侧居民环城街",
        "type": "street",
        "class": "public_inner_wall_street"
      },
      "geometry": {
        "type": "LineString",
        "coordinates": [
          [
            108.883404,
            34.253147
          ],
          [
            108.883404,
            34.261416
          ]
        ]
      }
    },
    {
      "type": "Feature",
      "properties": {
        "from": 11,
        "to": 12,
        "distance_m": 869.0,
        "name": "西侧居民环城街",
        "type": "street",
        "class": "public_inner_wall_street"
      },
      "geometry": {
        "type": "LineString",
        "coordinates": [
          [
            108.883404,
            34.261416
          ],
          [
            108.883404,
            34.269093
          ]
        ]
      }
    },
    {
      "type": "Feature",
      "properties": {
        "from": 12,
        "to": 13,
        "distance_m": 702.0,
        "name": "西侧居民环城街",
        "type": "street",
        "class": "public_inner_wall_street"
      },
      "geometry": {
        "type": "LineString",
        "coordinates": [
          [
            108.883404,
            34.269093
          ],
          [
            108.883404,
            34.275294
          ]
        ]
      }
    },
    {
      "type": "Feature",
      "properties": {
        "from": 13,
        "to": 14,
        "distance_m": 656.0,
        "name": "西侧居民环城街",
        "type": "street",
        "class": "public_inner_wall_street"
      },
      "geometry": {
        "type": "LineString",
        "coordinates": [
          [
            108.883404,
            34.275294
          ],
          [
            108.883404,
            34.281089
          ]
        ]
      }
    },
    {
      "type": "Feature",
      "properties": {
        "from": 14,
        "to": 15,
        "distance_m": 170.0,
        "name": "西侧居民环城街",
        "type": "street",
        "class": "public_inner_wall_street"
      },
      "geometry": {
        "type": "LineString",
        "coordinates": [
          [
            108.883404,
            34.281089
          ],
          [
            108.883404,
            34.282591
          ]
        ]
      }
    },
    {
      "type": "Feature",
      "properties": {
        "from": 16,
        "to": 1,
        "distance_m": 30.0,
        "name": "南侧居民环城街",
        "type": "street",
        "class": "public_inner_wall_street"
      },
      "geometry": {
        "type": "LineString",
        "coordinates": [
          [
            108.88308,
            34.206557
          ],
          [
            108.883404,
            34.206557
          ]
        ]
      }
    },
    {
      "type": "Feature",
      "properties": {
        "from": 1,
        "to": 17,
        "distance_m": 1163.0,
        "name": "南侧居民环城街",
        "type": "street",
        "class": "public_inner_wall_street"
      },
      "geometry": {
        "type": "LineString",
        "coordinates": [
          [
            108.883404,
            34.206557
          ],
          [
            108.895938,
            34.206557
          ]
        ]
      }
    },
    {
      "type": "Feature",
      "properties": {
        "from": 17,
        "to": 18,
        "distance_m": 1110.5,
        "name": "南侧居民环城街",
        "type": "street",
        "class": "public_inner_wall_street"
      },
      "geometry": {
        "type": "LineString",
        "coordinates": [
          [
            108.895938,
            34.206557
          ],
          [
            108.907906,
            34.206557
          ]
        ]
      }
    },
    {
      "type": "Feature",
      "properties": {
        "from": 18,
        "to": 19,
        "distance_m": 1105.5,
        "name": "南侧居民环城街",
        "type": "street",
        "class": "public_inner_wall_street"
      },
      "geometry": {
        "type": "LineString",
        "coordinates": [
          [
            108.907906,
            34.206557
          ],
          [
            108.91982,
            34.206557
          ]
        ]
      }
    },
    {
      "type": "Feature",
      "properties": {
        "from": 19,
        "to": 20,
        "distance_m": 768.5,
        "name": "南侧居民环城街",
        "type": "street",
        "class": "public_inner_wall_street"
      },
      "geometry": {
        "type": "LineString",
        "coordinates": [
          [
            108.91982,
            34.206557
          ],
          [
            108.928102,
            34.206557
          ]
        ]
      }
    },
    {
      "type": "Feature",
      "properties": {
        "from": 20,
        "to": 21,
        "distance_m": 667.0,
        "name": "南侧居民环城街",
        "type": "street",
        "class": "public_inner_wall_street"
      },
      "geometry": {
        "type": "LineString",
        "coordinates": [
          [
            108.928102,
            34.206557
          ],
          [
            108.93529,
            34.206557
          ]
        ]
      }
    },
    {
      "type": "Feature",
      "properties": {
        "from": 21,
        "to": 22,
        "distance_m": 673.0,
        "name": "南侧居民环城街",
        "type": "street",
        "class": "public_inner_wall_street"
      },
      "geometry": {
        "type": "LineString",
        "coordinates": [
          [
            108.93529,
            34.206557
          ],
          [
            108.942543,
            34.206557
          ]
        ]
      }
    },
    {
      "type": "Feature",
      "properties": {
        "from": 22,
        "to": 23,
        "distance_m": 800.5,
        "name": "南侧居民环城街",
        "type": "street",
        "class": "public_inner_wall_street"
      },
      "geometry": {
        "type": "LineString",
        "coordinates": [
          [
            108.942543,
            34.206557
          ],
          [
            108.95117,
            34.206557
          ]
        ]
      }
    },
    {
      "type": "Feature",
      "properties": {
        "from": 23,
        "to": 24,
        "distance_m": 1123.0,
        "name": "南侧居民环城街",
        "type": "street",
        "class": "public_inner_wall_street"
      },
      "geometry": {
        "type": "LineString",
        "coordinates": [
          [
            108.95117,
            34.206557
          ],
          [
            108.963273,
            34.206557
          ]
        ]
      }
    },
    {
      "type": "Feature",
      "properties": {
        "from": 24,
        "to": 25,
        "distance_m": 1128.0,
        "name": "南侧居民环城街",
        "type": "street",
        "class": "public_inner_wall_street"
      },
      "geometry": {
        "type": "LineString",
        "coordinates": [
          [
            108.963273,
            34.206557
          ],
          [
            108.97543,
            34.206557
          ]
        ]
      }
    },
    {
      "type": "Feature",
      "properties": {
        "from": 25,
        "to": 26,
        "distance_m": 1349.0,
        "name": "南侧居民环城街",
        "type": "street",
        "class": "public_inner_wall_street"
      },
      "geometry": {
        "type": "LineString",
        "coordinates": [
          [
            108.97543,
            34.206557
          ],
          [
            108.989968,
            34.206557
          ]
        ]
      }
    },
    {
      "type": "Feature",
      "properties": {
        "from": 27,
        "to": 14,
        "distance_m": 30.0,
        "name": "北侧居民环城街",
        "type": "street",
        "class": "public_inner_wall_street"
      },
      "geometry": {
        "type": "LineString",
        "coordinates": [
          [
            108.88308,
            34.281089
          ],
          [
            108.883404,
            34.281089
          ]
        ]
      }
    },
    {
      "type": "Feature",
      "properties": {
        "from": 14,
        "to": 28,
        "distance_m": 1163.0,
        "name": "北侧居民环城街",
        "type": "street",
        "class": "public_inner_wall_street"
      },
      "geometry": {
        "type": "LineString",
        "coordinates": [
          [
            108.883404,
            34.281089
          ],
          [
            108.895938,
            34.281089
          ]
        ]
      }
    },
    {
      "type": "Feature",
      "properties": {
        "from": 28,
        "to": 29,
        "distance_m": 1110.5,
        "name": "北侧居民环城街",
        "type": "street",
        "class": "public_inner_wall_street"
      },
      "geometry": {
        "type": "LineString",
        "coordinates": [
          [
            108.895938,
            34.281089
          ],
          [
            108.907906,
            34.281089
          ]
        ]
      }
    },
    {
      "type": "Feature",
      "properties": {
        "from": 29,
        "to": 30,
        "distance_m": 1105.5,
        "name": "北侧居民环城街",
        "type": "street",
        "class": "public_inner_wall_street"
      },
      "geometry": {
        "type": "LineString",
        "coordinates": [
          [
            108.907906,
            34.281089
          ],
          [
            108.91982,
            34.281089
          ]
        ]
      }
    },
    {
      "type": "Feature",
      "properties": {
        "from": 30,
        "to": 31,
        "distance_m": 2909.0,
        "name": "北侧居民环城街",
        "type": "street",
        "class": "public_inner_wall_street"
      },
      "geometry": {
        "type": "LineString",
        "coordinates": [
          [
            108.91982,
            34.281089
          ],
          [
            108.95117,
            34.281089
          ]
        ]
      }
    },
    {
      "type": "Feature",
      "properties": {
        "from": 31,
        "to": 32,
        "distance_m": 784.5,
        "name": "北侧居民环城街",
        "type": "street",
        "class": "public_inner_wall_street"
      },
      "geometry": {
        "type": "LineString",
        "coordinates": [
          [
            108.95117,
            34.281089
          ],
          [
            108.959625,
            34.281089
          ]
        ]
      }
    },
    {
      "type": "Feature",
      "properties": {
        "from": 32,
        "to": 33,
        "distance_m": 338.5,
        "name": "北侧居民环城街",
        "type": "street",
        "class": "public_inner_wall_street"
      },
      "geometry": {
        "type": "LineString",
        "coordinates": [
          [
            108.959625,
            34.281089
          ],
          [
            108.963273,
            34.281089
          ]
        ]
      }
    },
    {
      "type": "Feature",
      "properties": {
        "from": 33,
        "to": 34,
        "distance_m": 1128.0,
        "name": "北侧居民环城街",
        "type": "street",
        "class": "public_inner_wall_street"
      },
      "geometry": {
        "type": "LineString",
        "coordinates": [
          [
            108.963273,
            34.281089
          ],
          [
            108.97543,
            34.281089
          ]
        ]
      }
    },
    {
      "type": "Feature",
      "properties": {
        "from": 34,
        "to": 35,
        "distance_m": 1149.0,
        "name": "北侧居民环城街",
        "type": "street",
        "class": "public_inner_wall_street"
      },
      "geometry": {
        "type": "LineString",
        "coordinates": [
          [
            108.97543,
            34.281089
          ],
          [
            108.987813,
            34.281089
          ]
        ]
      }
    },
    {
      "type": "Feature",
      "properties": {
        "from": 35,
        "to": 36,
        "distance_m": 30.0,
        "name": "北侧居民环城街",
        "type": "street",
        "class": "public_inner_wall_street"
      },
      "geometry": {
        "type": "LineString",
        "coordinates": [
          [
            108.987813,
            34.281089
          ],
          [
            108.988136,
            34.281089
          ]
        ]
      }
    },
    {
      "type": "Feature",
      "properties": {
        "from": 37,
        "to": 38,
        "distance_m": 15.0,
        "name": "东侧居民环城街",
        "type": "street",
        "class": "public_inner_wall_street"
      },
      "geometry": {
        "type": "LineString",
        "coordinates": [
          [
            108.988136,
            34.211901
          ],
          [
            108.988136,
            34.212034
          ]
        ]
      }
    },
    {
      "type": "Feature",
      "properties": {
        "from": 38,
        "to": 39,
        "distance_m": 545.0,
        "name": "东侧居民环城街",
        "type": "street",
        "class": "public_inner_wall_street"
      },
      "geometry": {
        "type": "LineString",
        "coordinates": [
          [
            108.988136,
            34.212034
          ],
          [
            108.988136,
            34.216848
          ]
        ]
      }
    },
    {
      "type": "Feature",
      "properties": {
        "from": 39,
        "to": 40,
        "distance_m": 577.5,
        "name": "东侧居民环城街",
        "type": "street",
        "class": "public_inner_wall_street"
      },
      "geometry": {
        "type": "LineString",
        "coordinates": [
          [
            108.988136,
            34.216848
          ],
          [
            108.988136,
            34.22195
          ]
        ]
      }
    },
    {
      "type": "Feature",
      "properties": {
        "from": 40,
        "to": 41,
        "distance_m": 585.0,
        "name": "东侧居民环城街",
        "type": "street",
        "class": "public_inner_wall_street"
      },
      "geometry": {
        "type": "LineString",
        "coordinates": [
          [
            108.988136,
            34.22195
          ],
          [
            108.988136,
            34.227118
          ]
        ]
      }
    },
    {
      "type": "Feature",
      "properties": {
        "from": 41,
        "to": 42,
        "distance_m": 590.0,
        "name": "东侧居民环城街",
        "type": "street",
        "class": "public_inner_wall_street"
      },
      "geometry": {
        "type": "LineString",
        "coordinates": [
          [
            108.988136,
            34.227118
          ],
          [
            108.988136,
            34.23233
          ]
        ]
      }
    },
    {
      "type": "Feature",
      "properties": {
        "from": 42,
        "to": 43,
        "distance_m": 600.0,
        "name": "东侧居民环城街",
        "type": "street",
        "class": "public_inner_wall_street"
      },
      "geometry": {
        "type": "LineString",
        "coordinates": [
          [
            108.988136,
            34.23233
          ],
          [
            108.988136,
            34.23763
          ]
        ]
      }
    },
    {
      "type": "Feature",
      "properties": {
        "from": 43,
        "to": 44,
        "distance_m": 582.5,
        "name": "东侧居民环城街",
        "type": "street",
        "class": "public_inner_wall_street"
      },
      "geometry": {
        "type": "LineString",
        "coordinates": [
          [
            108.988136,
            34.23763
          ],
          [
            108.988136,
            34.242776
          ]
        ]
      }
    },
    {
      "type": "Feature",
      "properties": {
        "from": 44,
        "to": 45,
        "distance_m": 572.0,
        "name": "东侧居民环城街",
        "type": "street",
        "class": "public_inner_wall_street"
      },
      "geometry": {
        "type": "LineString",
        "coordinates": [
          [
            108.988136,
            34.242776
          ],
          [
            108.988136,
            34.247829
          ]
        ]
      }
    },
    {
      "type": "Feature",
      "properties": {
        "from": 45,
        "to": 46,
        "distance_m": 602.0,
        "name": "东侧居民环城街",
        "type": "street",
        "class": "public_inner_wall_street"
      },
      "geometry": {
        "type": "LineString",
        "coordinates": [
          [
            108.988136,
            34.247829
          ],
          [
            108.988136,
            34.253147
          ]
        ]
      }
    },
    {
      "type": "Feature",
      "properties": {
        "from": 46,
        "to": 47,
        "distance_m": 936.0,
        "name": "东侧居民环城街",
        "type": "street",
        "class": "public_inner_wall_street"
      },
      "geometry": {
        "type": "LineString",
        "coordinates": [
          [
            108.988136,
            34.253147
          ],
          [
            108.988136,
            34.261416
          ]
        ]
      }
    },
    {
      "type": "Feature",
      "properties": {
        "from": 47,
        "to": 48,
        "distance_m": 251.0,
        "name": "东侧居民环城街",
        "type": "street",
        "class": "public_inner_wall_street"
      },
      "geometry": {
        "type": "LineString",
        "coordinates": [
          [
            108.988136,
            34.261416
          ],
          [
            108.988136,
            34.263633
          ]
        ]
      }
    },
    {
      "type": "Feature",
      "properties": {
        "from": 48,
        "to": 49,
        "distance_m": 618.0,
        "name": "东侧居民环城街",
        "type": "street",
        "class": "public_inner_wall_street"
      },
      "geometry": {
        "type": "LineString",
        "coordinates": [
          [
            108.988136,
            34.263633
          ],
          [
            108.988136,
            34.269093
          ]
        ]
      }
    },
    {
      "type": "Feature",
      "properties": {
        "from": 49,
        "to": 50,
        "distance_m": 702.0,
        "name": "东侧居民环城街",
        "type": "street",
        "class": "public_inner_wall_street"
      },
      "geometry": {
        "type": "LineString",
        "coordinates": [
          [
            108.988136,
            34.269093
          ],
          [
            108.988136,
            34.275294
          ]
        ]
      }
    },
    {
      "type": "Feature",
      "properties": {
        "from": 50,
        "to": 36,
        "distance_m": 656.0,
        "name": "东侧居民环城街",
        "type": "street",
        "class": "public_inner_wall_street"
      },
      "geometry": {
        "type": "LineString",
        "coordinates": [
          [
            108.988136,
            34.275294
          ],
          [
            108.988136,
            34.281089
          ]
        ]
      }
    },
    {
      "type": "Feature",
      "properties": {
        "from": 36,
        "to": 51,
        "distance_m": 170.0,
        "name": "东侧居民环城街",
        "type": "street",
        "class": "public_inner_wall_street"
      },
      "geometry": {
        "type": "LineString",
        "coordinates": [
          [
            108.988136,
            34.281089
          ],
          [
            108.988136,
            34.282591
          ]
        ]
      }
    },
    {
      "type": "Feature",
      "properties": {
        "from": 52,
        "to": 17,
        "distance_m": 30.0,
        "name": "光化门街（朱雀街西第四街）",
        "type": "street",
        "class": "ordinary_public_street"
      },
      "geometry": {
        "type": "LineString",
        "coordinates": [
          [
            108.895938,
            34.206292
          ],
          [
            108.895938,
            34.206557
          ]
        ]
      }
    },
    {
      "type": "Feature",
      "properties": {
        "from": 17,
        "to": 53,
        "distance_m": 605.0,
        "name": "光化门街（朱雀街西第四街）",
        "type": "street",
        "class": "ordinary_public_street"
      },
      "geometry": {
        "type": "LineString",
        "coordinates": [
          [
            108.895938,
            34.206557
          ],
          [
            108.895938,
            34.211901
          ]
        ]
      }
    },
    {
      "type": "Feature",
      "properties": {
        "from": 53,
        "to": 54,
        "distance_m": 560.0,
        "name": "光化门街（朱雀街西第四街）",
        "type": "street",
        "class": "ordinary_public_street"
      },
      "geometry": {
        "type": "LineString",
        "coordinates": [
          [
            108.895938,
            34.211901
          ],
          [
            108.895938,
            34.216848
          ]
        ]
      }
    },
    {
      "type": "Feature",
      "properties": {
        "from": 54,
        "to": 55,
        "distance_m": 577.5,
        "name": "光化门街（朱雀街西第四街）",
        "type": "street",
        "class": "ordinary_public_street"
      },
      "geometry": {
        "type": "LineString",
        "coordinates": [
          [
            108.895938,
            34.216848
          ],
          [
            108.895938,
            34.22195
          ]
        ]
      }
    },
    {
      "type": "Feature",
      "properties": {
        "from": 55,
        "to": 56,
        "distance_m": 585.0,
        "name": "光化门街（朱雀街西第四街）",
        "type": "street",
        "class": "ordinary_public_street"
      },
      "geometry": {
        "type": "LineString",
        "coordinates": [
          [
            108.895938,
            34.22195
          ],
          [
            108.895938,
            34.227118
          ]
        ]
      }
    },
    {
      "type": "Feature",
      "properties": {
        "from": 56,
        "to": 57,
        "distance_m": 590.0,
        "name": "光化门街（朱雀街西第四街）",
        "type": "street",
        "class": "ordinary_public_street"
      },
      "geometry": {
        "type": "LineString",
        "coordinates": [
          [
            108.895938,
            34.227118
          ],
          [
            108.895938,
            34.23233
          ]
        ]
      }
    },
    {
      "type": "Feature",
      "properties": {
        "from": 57,
        "to": 58,
        "distance_m": 600.0,
        "name": "光化门街（朱雀街西第四街）",
        "type": "street",
        "class": "ordinary_public_street"
      },
      "geometry": {
        "type": "LineString",
        "coordinates": [
          [
            108.895938,
            34.23233
          ],
          [
            108.895938,
            34.23763
          ]
        ]
      }
    },
    {
      "type": "Feature",
      "properties": {
        "from": 58,
        "to": 59,
        "distance_m": 582.5,
        "name": "光化门街（朱雀街西第四街）",
        "type": "street",
        "class": "ordinary_public_street"
      },
      "geometry": {
        "type": "LineString",
        "coordinates": [
          [
            108.895938,
            34.23763
          ],
          [
            108.895938,
            34.242776
          ]
        ]
      }
    },
    {
      "type": "Feature",
      "properties": {
        "from": 59,
        "to": 60,
        "distance_m": 60.0,
        "name": "光化门街（朱雀街西第四街）",
        "type": "street",
        "class": "ordinary_public_street"
      },
      "geometry": {
        "type": "LineString",
        "coordinates": [
          [
            108.895938,
            34.242776
          ],
          [
            108.895938,
            34.243306
          ]
        ]
      }
    },
    {
      "type": "Feature",
      "properties": {
        "from": 60,
        "to": 61,
        "distance_m": 512.0,
        "name": "光化门街（朱雀街西第四街）",
        "type": "street",
        "class": "ordinary_public_street"
      },
      "geometry": {
        "type": "LineString",
        "coordinates": [
          [
            108.895938,
            34.243306
          ],
          [
            108.895938,
            34.247829
          ]
        ]
      }
    },
    {
      "type": "Feature",
      "properties": {
        "from": 61,
        "to": 62,
        "distance_m": 502.0,
        "name": "光化门街（朱雀街西第四街）",
        "type": "street",
        "class": "ordinary_public_street"
      },
      "geometry": {
        "type": "LineString",
        "coordinates": [
          [
            108.895938,
            34.247829
          ],
          [
            108.895938,
            34.252264
          ]
        ]
      }
    },
    {
      "type": "Feature",
      "properties": {
        "from": 62,
        "to": 63,
        "distance_m": 100.0,
        "name": "光化门街（朱雀街西第四街）",
        "type": "street",
        "class": "ordinary_public_street"
      },
      "geometry": {
        "type": "LineString",
        "coordinates": [
          [
            108.895938,
            34.252264
          ],
          [
            108.895938,
            34.253147
          ]
        ]
      }
    },
    {
      "type": "Feature",
      "properties": {
        "from": 63,
        "to": 64,
        "distance_m": 936.0,
        "name": "光化门街（朱雀街西第四街）",
        "type": "street",
        "class": "ordinary_public_street"
      },
      "geometry": {
        "type": "LineString",
        "coordinates": [
          [
            108.895938,
            34.253147
          ],
          [
            108.895938,
            34.261416
          ]
        ]
      }
    },
    {
      "type": "Feature",
      "properties": {
        "from": 64,
        "to": 65,
        "distance_m": 869.0,
        "name": "光化门街（朱雀街西第四街）",
        "type": "street",
        "class": "ordinary_public_street"
      },
      "geometry": {
        "type": "LineString",
        "coordinates": [
          [
            108.895938,
            34.261416
          ],
          [
            108.895938,
            34.269093
          ]
        ]
      }
    },
    {
      "type": "Feature",
      "properties": {
        "from": 65,
        "to": 66,
        "distance_m": 702.0,
        "name": "光化门街（朱雀街西第四街）",
        "type": "street",
        "class": "ordinary_public_street"
      },
      "geometry": {
        "type": "LineString",
        "coordinates": [
          [
            108.895938,
            34.269093
          ],
          [
            108.895938,
            34.275294
          ]
        ]
      }
    },
    {
      "type": "Feature",
      "properties": {
        "from": 66,
        "to": 67,
        "distance_m": 626.0,
        "name": "光化门街（朱雀街西第四街）",
        "type": "street",
        "class": "ordinary_public_street"
      },
      "geometry": {
        "type": "LineString",
        "coordinates": [
          [
            108.895938,
            34.275294
          ],
          [
            108.895938,
            34.280824
          ]
        ]
      }
    },
    {
      "type": "Feature",
      "properties": {
        "from": 67,
        "to": 28,
        "distance_m": 30.0,
        "name": "光化门街（朱雀街西第四街）",
        "type": "street",
        "class": "ordinary_public_street"
      },
      "geometry": {
        "type": "LineString",
        "coordinates": [
          [
            108.895938,
            34.280824
          ],
          [
            108.895938,
            34.281089
          ]
        ]
      }
    },
    {
      "type": "Feature",
      "properties": {
        "from": 68,
        "to": 18,
        "distance_m": 30.0,
        "name": "景耀门街（朱雀街西第三街）",
        "type": "street",
        "class": "ordinary_public_street"
      },
      "geometry": {
        "type": "LineString",
        "coordinates": [
          [
            108.907906,
            34.206292
          ],
          [
            108.907906,
            34.206557
          ]
        ]
      }
    },
    {
      "type": "Feature",
      "properties": {
        "from": 18,
        "to": 69,
        "distance_m": 605.0,
        "name": "景耀门街（朱雀街西第三街）",
        "type": "street",
        "class": "ordinary_public_street"
      },
      "geometry": {
        "type": "LineString",
        "coordinates": [
          [
            108.907906,
            34.206557
          ],
          [
            108.907906,
            34.211901
          ]
        ]
      }
    },
    {
      "type": "Feature",
      "properties": {
        "from": 69,
        "to": 70,
        "distance_m": 560.0,
        "name": "景耀门街（朱雀街西第三街）",
        "type": "street",
        "class": "ordinary_public_street"
      },
      "geometry": {
        "type": "LineString",
        "coordinates": [
          [
            108.907906,
            34.211901
          ],
          [
            108.907906,
            34.216848
          ]
        ]
      }
    },
    {
      "type": "Feature",
      "properties": {
        "from": 70,
        "to": 71,
        "distance_m": 577.5,
        "name": "景耀门街（朱雀街西第三街）",
        "type": "street",
        "class": "ordinary_public_street"
      },
      "geometry": {
        "type": "LineString",
        "coordinates": [
          [
            108.907906,
            34.216848
          ],
          [
            108.907906,
            34.22195
          ]
        ]
      }
    },
    {
      "type": "Feature",
      "properties": {
        "from": 71,
        "to": 72,
        "distance_m": 585.0,
        "name": "景耀门街（朱雀街西第三街）",
        "type": "street",
        "class": "ordinary_public_street"
      },
      "geometry": {
        "type": "LineString",
        "coordinates": [
          [
            108.907906,
            34.22195
          ],
          [
            108.907906,
            34.227118
          ]
        ]
      }
    },
    {
      "type": "Feature",
      "properties": {
        "from": 72,
        "to": 73,
        "distance_m": 590.0,
        "name": "景耀门街（朱雀街西第三街）",
        "type": "street",
        "class": "ordinary_public_street"
      },
      "geometry": {
        "type": "LineString",
        "coordinates": [
          [
            108.907906,
            34.227118
          ],
          [
            108.907906,
            34.23233
          ]
        ]
      }
    },
    {
      "type": "Feature",
      "properties": {
        "from": 73,
        "to": 74,
        "distance_m": 600.0,
        "name": "景耀门街（朱雀街西第三街）",
        "type": "street",
        "class": "ordinary_public_street"
      },
      "geometry": {
        "type": "LineString",
        "coordinates": [
          [
            108.907906,
            34.23233
          ],
          [
            108.907906,
            34.23763
          ]
        ]
      }
    },
    {
      "type": "Feature",
      "properties": {
        "from": 74,
        "to": 75,
        "distance_m": 582.5,
        "name": "景耀门街（朱雀街西第三街）",
        "type": "street",
        "class": "ordinary_public_street"
      },
      "geometry": {
        "type": "LineString",
        "coordinates": [
          [
            108.907906,
            34.23763
          ],
          [
            108.907906,
            34.242776
          ]
        ]
      }
    },
    {
      "type": "Feature",
      "properties": {
        "from": 75,
        "to": 76,
        "distance_m": 60.0,
        "name": "景耀门街（朱雀街西第三街）",
        "type": "street",
        "class": "ordinary_public_street"
      },
      "geometry": {
        "type": "LineString",
        "coordinates": [
          [
            108.907906,
            34.242776
          ],
          [
            108.907906,
            34.243306
          ]
        ]
      }
    },
    {
      "type": "Feature",
      "properties": {
        "from": 76,
        "to": 77,
        "distance_m": 512.0,
        "name": "景耀门街（朱雀街西第三街）",
        "type": "street",
        "class": "ordinary_public_street"
      },
      "geometry": {
        "type": "LineString",
        "coordinates": [
          [
            108.907906,
            34.243306
          ],
          [
            108.907906,
            34.247829
          ]
        ]
      }
    },
    {
      "type": "Feature",
      "properties": {
        "from": 77,
        "to": 78,
        "distance_m": 502.0,
        "name": "景耀门街（朱雀街西第三街）",
        "type": "street",
        "class": "ordinary_public_street"
      },
      "geometry": {
        "type": "LineString",
        "coordinates": [
          [
            108.907906,
            34.247829
          ],
          [
            108.907906,
            34.252264
          ]
        ]
      }
    },
    {
      "type": "Feature",
      "properties": {
        "from": 78,
        "to": 79,
        "distance_m": 100.0,
        "name": "景耀门街（朱雀街西第三街）",
        "type": "street",
        "class": "ordinary_public_street"
      },
      "geometry": {
        "type": "LineString",
        "coordinates": [
          [
            108.907906,
            34.252264
          ],
          [
            108.907906,
            34.253147
          ]
        ]
      }
    },
    {
      "type": "Feature",
      "properties": {
        "from": 79,
        "to": 80,
        "distance_m": 936.0,
        "name": "景耀门街（朱雀街西第三街）",
        "type": "street",
        "class": "ordinary_public_street"
      },
      "geometry": {
        "type": "LineString",
        "coordinates": [
          [
            108.907906,
            34.253147
          ],
          [
            108.907906,
            34.261416
          ]
        ]
      }
    },
    {
      "type": "Feature",
      "properties": {
        "from": 80,
        "to": 81,
        "distance_m": 869.0,
        "name": "景耀门街（朱雀街西第三街）",
        "type": "street",
        "class": "ordinary_public_street"
      },
      "geometry": {
        "type": "LineString",
        "coordinates": [
          [
            108.907906,
            34.261416
          ],
          [
            108.907906,
            34.269093
          ]
        ]
      }
    },
    {
      "type": "Feature",
      "properties": {
        "from": 81,
        "to": 82,
        "distance_m": 702.0,
        "name": "景耀门街（朱雀街西第三街）",
        "type": "street",
        "class": "ordinary_public_street"
      },
      "geometry": {
        "type": "LineString",
        "coordinates": [
          [
            108.907906,
            34.269093
          ],
          [
            108.907906,
            34.275294
          ]
        ]
      }
    },
    {
      "type": "Feature",
      "properties": {
        "from": 82,
        "to": 83,
        "distance_m": 626.0,
        "name": "景耀门街（朱雀街西第三街）",
        "type": "street",
        "class": "ordinary_public_street"
      },
      "geometry": {
        "type": "LineString",
        "coordinates": [
          [
            108.907906,
            34.275294
          ],
          [
            108.907906,
            34.280824
          ]
        ]
      }
    },
    {
      "type": "Feature",
      "properties": {
        "from": 83,
        "to": 29,
        "distance_m": 30.0,
        "name": "景耀门街（朱雀街西第三街）",
        "type": "street",
        "class": "ordinary_public_street"
      },
      "geometry": {
        "type": "LineString",
        "coordinates": [
          [
            108.907906,
            34.280824
          ],
          [
            108.907906,
            34.281089
          ]
        ]
      }
    },
    {
      "type": "Feature",
      "properties": {
        "from": 84,
        "to": 19,
        "distance_m": 30.0,
        "name": "安化门—芳林门街（皇城西街）",
        "type": "street",
        "class": "primary_public_street"
      },
      "geometry": {
        "type": "LineString",
        "coordinates": [
          [
            108.91982,
            34.206292
          ],
          [
            108.91982,
            34.206557
          ]
        ]
      }
    },
    {
      "type": "Feature",
      "properties": {
        "from": 19,
        "to": 85,
        "distance_m": 605.0,
        "name": "安化门—芳林门街（皇城西街）",
        "type": "street",
        "class": "primary_public_street"
      },
      "geometry": {
        "type": "LineString",
        "coordinates": [
          [
            108.91982,
            34.206557
          ],
          [
            108.91982,
            34.211901
          ]
        ]
      }
    },
    {
      "type": "Feature",
      "properties": {
        "from": 85,
        "to": 86,
        "distance_m": 560.0,
        "name": "安化门—芳林门街（皇城西街）",
        "type": "street",
        "class": "primary_public_street"
      },
      "geometry": {
        "type": "LineString",
        "coordinates": [
          [
            108.91982,
            34.211901
          ],
          [
            108.91982,
            34.216848
          ]
        ]
      }
    },
    {
      "type": "Feature",
      "properties": {
        "from": 86,
        "to": 87,
        "distance_m": 577.5,
        "name": "安化门—芳林门街（皇城西街）",
        "type": "street",
        "class": "primary_public_street"
      },
      "geometry": {
        "type": "LineString",
        "coordinates": [
          [
            108.91982,
            34.216848
          ],
          [
            108.91982,
            34.22195
          ]
        ]
      }
    },
    {
      "type": "Feature",
      "properties": {
        "from": 87,
        "to": 88,
        "distance_m": 585.0,
        "name": "安化门—芳林门街（皇城西街）",
        "type": "street",
        "class": "primary_public_street"
      },
      "geometry": {
        "type": "LineString",
        "coordinates": [
          [
            108.91982,
            34.22195
          ],
          [
            108.91982,
            34.227118
          ]
        ]
      }
    },
    {
      "type": "Feature",
      "properties": {
        "from": 88,
        "to": 89,
        "distance_m": 590.0,
        "name": "安化门—芳林门街（皇城西街）",
        "type": "street",
        "class": "primary_public_street"
      },
      "geometry": {
        "type": "LineString",
        "coordinates": [
          [
            108.91982,
            34.227118
          ],
          [
            108.91982,
            34.23233
          ]
        ]
      }
    },
    {
      "type": "Feature",
      "properties": {
        "from": 89,
        "to": 90,
        "distance_m": 600.0,
        "name": "安化门—芳林门街（皇城西街）",
        "type": "street",
        "class": "primary_public_street"
      },
      "geometry": {
        "type": "LineString",
        "coordinates": [
          [
            108.91982,
            34.23233
          ],
          [
            108.91982,
            34.23763
          ]
        ]
      }
    },
    {
      "type": "Feature",
      "properties": {
        "from": 90,
        "to": 91,
        "distance_m": 582.5,
        "name": "安化门—芳林门街（皇城西街）",
        "type": "street",
        "class": "primary_public_street"
      },
      "geometry": {
        "type": "LineString",
        "coordinates": [
          [
            108.91982,
            34.23763
          ],
          [
            108.91982,
            34.242776
          ]
        ]
      }
    },
    {
      "type": "Feature",
      "properties": {
        "from": 91,
        "to": 92,
        "distance_m": 572.0,
        "name": "安化门—芳林门街（皇城西街）",
        "type": "street",
        "class": "primary_public_street"
      },
      "geometry": {
        "type": "LineString",
        "coordinates": [
          [
            108.91982,
            34.242776
          ],
          [
            108.91982,
            34.247829
          ]
        ]
      }
    },
    {
      "type": "Feature",
      "properties": {
        "from": 92,
        "to": 93,
        "distance_m": 602.0,
        "name": "安化门—芳林门街（皇城西街）",
        "type": "street",
        "class": "primary_public_street"
      },
      "geometry": {
        "type": "LineString",
        "coordinates": [
          [
            108.91982,
            34.247829
          ],
          [
            108.91982,
            34.253147
          ]
        ]
      }
    },
    {
      "type": "Feature",
      "properties": {
        "from": 93,
        "to": 94,
        "distance_m": 936.0,
        "name": "安化门—芳林门街（皇城西街）",
        "type": "street",
        "class": "primary_public_street"
      },
      "geometry": {
        "type": "LineString",
        "coordinates": [
          [
            108.91982,
            34.253147
          ],
          [
            108.91982,
            34.261416
          ]
        ]
      }
    },
    {
      "type": "Feature",
      "properties": {
        "from": 94,
        "to": 95,
        "distance_m": 869.0,
        "name": "安化门—芳林门街（皇城西街）",
        "type": "street",
        "class": "primary_public_street"
      },
      "geometry": {
        "type": "LineString",
        "coordinates": [
          [
            108.91982,
            34.261416
          ],
          [
            108.91982,
            34.269093
          ]
        ]
      }
    },
    {
      "type": "Feature",
      "properties": {
        "from": 95,
        "to": 96,
        "distance_m": 702.0,
        "name": "安化门—芳林门街（皇城西街）",
        "type": "street",
        "class": "primary_public_street"
      },
      "geometry": {
        "type": "LineString",
        "coordinates": [
          [
            108.91982,
            34.269093
          ],
          [
            108.91982,
            34.275294
          ]
        ]
      }
    },
    {
      "type": "Feature",
      "properties": {
        "from": 96,
        "to": 97,
        "distance_m": 626.0,
        "name": "安化门—芳林门街（皇城西街）",
        "type": "street",
        "class": "primary_public_street"
      },
      "geometry": {
        "type": "LineString",
        "coordinates": [
          [
            108.91982,
            34.275294
          ],
          [
            108.91982,
            34.280824
          ]
        ]
      }
    },
    {
      "type": "Feature",
      "properties": {
        "from": 97,
        "to": 30,
        "distance_m": 30.0,
        "name": "安化门—芳林门街（皇城西街）",
        "type": "street",
        "class": "primary_public_street"
      },
      "geometry": {
        "type": "LineString",
        "coordinates": [
          [
            108.91982,
            34.280824
          ],
          [
            108.91982,
            34.281089
          ]
        ]
      }
    },
    {
      "type": "Feature",
      "properties": {
        "from": 98,
        "to": 20,
        "distance_m": 30.0,
        "name": "含光门街（朱雀街西第一街）",
        "type": "street",
        "class": "ordinary_public_street"
      },
      "geometry": {
        "type": "LineString",
        "coordinates": [
          [
            108.928102,
            34.206292
          ],
          [
            108.928102,
            34.206557
          ]
        ]
      }
    },
    {
      "type": "Feature",
      "properties": {
        "from": 20,
        "to": 99,
        "distance_m": 605.0,
        "name": "含光门街（朱雀街西第一街）",
        "type": "street",
        "class": "ordinary_public_street"
      },
      "geometry": {
        "type": "LineString",
        "coordinates": [
          [
            108.928102,
            34.206557
          ],
          [
            108.928102,
            34.211901
          ]
        ]
      }
    },
    {
      "type": "Feature",
      "properties": {
        "from": 99,
        "to": 100,
        "distance_m": 560.0,
        "name": "含光门街（朱雀街西第一街）",
        "type": "street",
        "class": "ordinary_public_street"
      },
      "geometry": {
        "type": "LineString",
        "coordinates": [
          [
            108.928102,
            34.211901
          ],
          [
            108.928102,
            34.216848
          ]
        ]
      }
    },
    {
      "type": "Feature",
      "properties": {
        "from": 100,
        "to": 101,
        "distance_m": 577.5,
        "name": "含光门街（朱雀街西第一街）",
        "type": "street",
        "class": "ordinary_public_street"
      },
      "geometry": {
        "type": "LineString",
        "coordinates": [
          [
            108.928102,
            34.216848
          ],
          [
            108.928102,
            34.22195
          ]
        ]
      }
    },
    {
      "type": "Feature",
      "properties": {
        "from": 101,
        "to": 102,
        "distance_m": 585.0,
        "name": "含光门街（朱雀街西第一街）",
        "type": "street",
        "class": "ordinary_public_street"
      },
      "geometry": {
        "type": "LineString",
        "coordinates": [
          [
            108.928102,
            34.22195
          ],
          [
            108.928102,
            34.227118
          ]
        ]
      }
    },
    {
      "type": "Feature",
      "properties": {
        "from": 102,
        "to": 103,
        "distance_m": 590.0,
        "name": "含光门街（朱雀街西第一街）",
        "type": "street",
        "class": "ordinary_public_street"
      },
      "geometry": {
        "type": "LineString",
        "coordinates": [
          [
            108.928102,
            34.227118
          ],
          [
            108.928102,
            34.23233
          ]
        ]
      }
    },
    {
      "type": "Feature",
      "properties": {
        "from": 103,
        "to": 104,
        "distance_m": 600.0,
        "name": "含光门街（朱雀街西第一街）",
        "type": "street",
        "class": "ordinary_public_street"
      },
      "geometry": {
        "type": "LineString",
        "coordinates": [
          [
            108.928102,
            34.23233
          ],
          [
            108.928102,
            34.23763
          ]
        ]
      }
    },
    {
      "type": "Feature",
      "properties": {
        "from": 104,
        "to": 105,
        "distance_m": 582.5,
        "name": "含光门街（朱雀街西第一街）",
        "type": "street",
        "class": "ordinary_public_street"
      },
      "geometry": {
        "type": "LineString",
        "coordinates": [
          [
            108.928102,
            34.23763
          ],
          [
            108.928102,
            34.242776
          ]
        ]
      }
    },
    {
      "type": "Feature",
      "properties": {
        "from": 105,
        "to": 106,
        "distance_m": 572.0,
        "name": "含光门街（朱雀街西第一街）",
        "type": "street",
        "class": "ordinary_public_street"
      },
      "geometry": {
        "type": "LineString",
        "coordinates": [
          [
            108.928102,
            34.242776
          ],
          [
            108.928102,
            34.247829
          ]
        ]
      }
    },
    {
      "type": "Feature",
      "properties": {
        "from": 106,
        "to": 107,
        "distance_m": 602.0,
        "name": "含光门街（朱雀街西第一街）",
        "type": "street",
        "class": "ordinary_public_street"
      },
      "geometry": {
        "type": "LineString",
        "coordinates": [
          [
            108.928102,
            34.247829
          ],
          [
            108.928102,
            34.253147
          ]
        ]
      }
    },
    {
      "type": "Feature",
      "properties": {
        "from": 107,
        "to": 108,
        "distance_m": 60.0,
        "name": "含光门街（朱雀街西第一街）",
        "type": "street",
        "class": "ordinary_public_street"
      },
      "geometry": {
        "type": "LineString",
        "coordinates": [
          [
            108.928102,
            34.253147
          ],
          [
            108.928102,
            34.253677
          ]
        ]
      }
    },
    {
      "type": "Feature",
      "properties": {
        "from": 109,
        "to": 21,
        "distance_m": 30.0,
        "name": "朱雀大街（明德门—朱雀门街）",
        "type": "street",
        "class": "primary_public_street"
      },
      "geometry": {
        "type": "LineString",
        "coordinates": [
          [
            108.93529,
            34.206292
          ],
          [
            108.93529,
            34.206557
          ]
        ]
      }
    },
    {
      "type": "Feature",
      "properties": {
        "from": 21,
        "to": 110,
        "distance_m": 605.0,
        "name": "朱雀大街（明德门—朱雀门街）",
        "type": "street",
        "class": "primary_public_street"
      },
      "geometry": {
        "type": "LineString",
        "coordinates": [
          [
            108.93529,
            34.206557
          ],
          [
            108.93529,
            34.211901
          ]
        ]
      }
    },
    {
      "type": "Feature",
      "properties": {
        "from": 110,
        "to": 111,
        "distance_m": 560.0,
        "name": "朱雀大街（明德门—朱雀门街）",
        "type": "street",
        "class": "primary_public_street"
      },
      "geometry": {
        "type": "LineString",
        "coordinates": [
          [
            108.93529,
            34.211901
          ],
          [
            108.93529,
            34.216848
          ]
        ]
      }
    },
    {
      "type": "Feature",
      "properties": {
        "from": 111,
        "to": 112,
        "distance_m": 577.5,
        "name": "朱雀大街（明德门—朱雀门街）",
        "type": "street",
        "class": "primary_public_street"
      },
      "geometry": {
        "type": "LineString",
        "coordinates": [
          [
            108.93529,
            34.216848
          ],
          [
            108.93529,
            34.22195
          ]
        ]
      }
    },
    {
      "type": "Feature",
      "properties": {
        "from": 112,
        "to": 113,
        "distance_m": 585.0,
        "name": "朱雀大街（明德门—朱雀门街）",
        "type": "street",
        "class": "primary_public_street"
      },
      "geometry": {
        "type": "LineString",
        "coordinates": [
          [
            108.93529,
            34.22195
          ],
          [
            108.93529,
            34.227118
          ]
        ]
      }
    },
    {
      "type": "Feature",
      "properties": {
        "from": 113,
        "to": 114,
        "distance_m": 590.0,
        "name": "朱雀大街（明德门—朱雀门街）",
        "type": "street",
        "class": "primary_public_street"
      },
      "geometry": {
        "type": "LineString",
        "coordinates": [
          [
            108.93529,
            34.227118
          ],
          [
            108.93529,
            34.23233
          ]
        ]
      }
    },
    {
      "type": "Feature",
      "properties": {
        "from": 114,
        "to": 115,
        "distance_m": 600.0,
        "name": "朱雀大街（明德门—朱雀门街）",
        "type": "street",
        "class": "primary_public_street"
      },
      "geometry": {
        "type": "LineString",
        "coordinates": [
          [
            108.93529,
            34.23233
          ],
          [
            108.93529,
            34.23763
          ]
        ]
      }
    },
    {
      "type": "Feature",
      "properties": {
        "from": 115,
        "to": 116,
        "distance_m": 582.5,
        "name": "朱雀大街（明德门—朱雀门街）",
        "type": "street",
        "class": "primary_public_street"
      },
      "geometry": {
        "type": "LineString",
        "coordinates": [
          [
            108.93529,
            34.23763
          ],
          [
            108.93529,
            34.242776
          ]
        ]
      }
    },
    {
      "type": "Feature",
      "properties": {
        "from": 116,
        "to": 117,
        "distance_m": 572.0,
        "name": "朱雀大街（明德门—朱雀门街）",
        "type": "street",
        "class": "primary_public_street"
      },
      "geometry": {
        "type": "LineString",
        "coordinates": [
          [
            108.93529,
            34.242776
          ],
          [
            108.93529,
            34.247829
          ]
        ]
      }
    },
    {
      "type": "Feature",
      "properties": {
        "from": 117,
        "to": 118,
        "distance_m": 602.0,
        "name": "朱雀大街（明德门—朱雀门街）",
        "type": "street",
        "class": "primary_public_street"
      },
      "geometry": {
        "type": "LineString",
        "coordinates": [
          [
            108.93529,
            34.247829
          ],
          [
            108.93529,
            34.253147
          ]
        ]
      }
    },
    {
      "type": "Feature",
      "properties": {
        "from": 118,
        "to": 119,
        "distance_m": 60.0,
        "name": "朱雀大街（明德门—朱雀门街）",
        "type": "street",
        "class": "primary_public_street"
      },
      "geometry": {
        "type": "LineString",
        "coordinates": [
          [
            108.93529,
            34.253147
          ],
          [
            108.93529,
            34.253677
          ]
        ]
      }
    },
    {
      "type": "Feature",
      "properties": {
        "from": 120,
        "to": 22,
        "distance_m": 30.0,
        "name": "安上门街（朱雀街东第一街）",
        "type": "street",
        "class": "ordinary_public_street"
      },
      "geometry": {
        "type": "LineString",
        "coordinates": [
          [
            108.942543,
            34.206292
          ],
          [
            108.942543,
            34.206557
          ]
        ]
      }
    },
    {
      "type": "Feature",
      "properties": {
        "from": 22,
        "to": 121,
        "distance_m": 605.0,
        "name": "安上门街（朱雀街东第一街）",
        "type": "street",
        "class": "ordinary_public_street"
      },
      "geometry": {
        "type": "LineString",
        "coordinates": [
          [
            108.942543,
            34.206557
          ],
          [
            108.942543,
            34.211901
          ]
        ]
      }
    },
    {
      "type": "Feature",
      "properties": {
        "from": 121,
        "to": 122,
        "distance_m": 560.0,
        "name": "安上门街（朱雀街东第一街）",
        "type": "street",
        "class": "ordinary_public_street"
      },
      "geometry": {
        "type": "LineString",
        "coordinates": [
          [
            108.942543,
            34.211901
          ],
          [
            108.942543,
            34.216848
          ]
        ]
      }
    },
    {
      "type": "Feature",
      "properties": {
        "from": 122,
        "to": 123,
        "distance_m": 577.5,
        "name": "安上门街（朱雀街东第一街）",
        "type": "street",
        "class": "ordinary_public_street"
      },
      "geometry": {
        "type": "LineString",
        "coordinates": [
          [
            108.942543,
            34.216848
          ],
          [
            108.942543,
            34.22195
          ]
        ]
      }
    },
    {
      "type": "Feature",
      "properties": {
        "from": 123,
        "to": 124,
        "distance_m": 585.0,
        "name": "安上门街（朱雀街东第一街）",
        "type": "street",
        "class": "ordinary_public_street"
      },
      "geometry": {
        "type": "LineString",
        "coordinates": [
          [
            108.942543,
            34.22195
          ],
          [
            108.942543,
            34.227118
          ]
        ]
      }
    },
    {
      "type": "Feature",
      "properties": {
        "from": 124,
        "to": 125,
        "distance_m": 590.0,
        "name": "安上门街（朱雀街东第一街）",
        "type": "street",
        "class": "ordinary_public_street"
      },
      "geometry": {
        "type": "LineString",
        "coordinates": [
          [
            108.942543,
            34.227118
          ],
          [
            108.942543,
            34.23233
          ]
        ]
      }
    },
    {
      "type": "Feature",
      "properties": {
        "from": 125,
        "to": 126,
        "distance_m": 600.0,
        "name": "安上门街（朱雀街东第一街）",
        "type": "street",
        "class": "ordinary_public_street"
      },
      "geometry": {
        "type": "LineString",
        "coordinates": [
          [
            108.942543,
            34.23233
          ],
          [
            108.942543,
            34.23763
          ]
        ]
      }
    },
    {
      "type": "Feature",
      "properties": {
        "from": 126,
        "to": 127,
        "distance_m": 582.5,
        "name": "安上门街（朱雀街东第一街）",
        "type": "street",
        "class": "ordinary_public_street"
      },
      "geometry": {
        "type": "LineString",
        "coordinates": [
          [
            108.942543,
            34.23763
          ],
          [
            108.942543,
            34.242776
          ]
        ]
      }
    },
    {
      "type": "Feature",
      "properties": {
        "from": 127,
        "to": 128,
        "distance_m": 572.0,
        "name": "安上门街（朱雀街东第一街）",
        "type": "street",
        "class": "ordinary_public_street"
      },
      "geometry": {
        "type": "LineString",
        "coordinates": [
          [
            108.942543,
            34.242776
          ],
          [
            108.942543,
            34.247829
          ]
        ]
      }
    },
    {
      "type": "Feature",
      "properties": {
        "from": 128,
        "to": 129,
        "distance_m": 602.0,
        "name": "安上门街（朱雀街东第一街）",
        "type": "street",
        "class": "ordinary_public_street"
      },
      "geometry": {
        "type": "LineString",
        "coordinates": [
          [
            108.942543,
            34.247829
          ],
          [
            108.942543,
            34.253147
          ]
        ]
      }
    },
    {
      "type": "Feature",
      "properties": {
        "from": 129,
        "to": 130,
        "distance_m": 60.0,
        "name": "安上门街（朱雀街东第一街）",
        "type": "street",
        "class": "ordinary_public_street"
      },
      "geometry": {
        "type": "LineString",
        "coordinates": [
          [
            108.942543,
            34.253147
          ],
          [
            108.942543,
            34.253677
          ]
        ]
      }
    },
    {
      "type": "Feature",
      "properties": {
        "from": 131,
        "to": 23,
        "distance_m": 30.0,
        "name": "启夏门—兴安门街（皇城东街）",
        "type": "street",
        "class": "primary_public_street"
      },
      "geometry": {
        "type": "LineString",
        "coordinates": [
          [
            108.95117,
            34.206292
          ],
          [
            108.95117,
            34.206557
          ]
        ]
      }
    },
    {
      "type": "Feature",
      "properties": {
        "from": 23,
        "to": 132,
        "distance_m": 605.0,
        "name": "启夏门—兴安门街（皇城东街）",
        "type": "street",
        "class": "primary_public_street"
      },
      "geometry": {
        "type": "LineString",
        "coordinates": [
          [
            108.95117,
            34.206557
          ],
          [
            108.95117,
            34.211901
          ]
        ]
      }
    },
    {
      "type": "Feature",
      "properties": {
        "from": 132,
        "to": 133,
        "distance_m": 560.0,
        "name": "启夏门—兴安门街（皇城东街）",
        "type": "street",
        "class": "primary_public_street"
      },
      "geometry": {
        "type": "LineString",
        "coordinates": [
          [
            108.95117,
            34.211901
          ],
          [
            108.95117,
            34.216848
          ]
        ]
      }
    },
    {
      "type": "Feature",
      "properties": {
        "from": 133,
        "to": 134,
        "distance_m": 577.5,
        "name": "启夏门—兴安门街（皇城东街）",
        "type": "street",
        "class": "primary_public_street"
      },
      "geometry": {
        "type": "LineString",
        "coordinates": [
          [
            108.95117,
            34.216848
          ],
          [
            108.95117,
            34.22195
          ]
        ]
      }
    },
    {
      "type": "Feature",
      "properties": {
        "from": 134,
        "to": 135,
        "distance_m": 585.0,
        "name": "启夏门—兴安门街（皇城东街）",
        "type": "street",
        "class": "primary_public_street"
      },
      "geometry": {
        "type": "LineString",
        "coordinates": [
          [
            108.95117,
            34.22195
          ],
          [
            108.95117,
            34.227118
          ]
        ]
      }
    },
    {
      "type": "Feature",
      "properties": {
        "from": 135,
        "to": 136,
        "distance_m": 590.0,
        "name": "启夏门—兴安门街（皇城东街）",
        "type": "street",
        "class": "primary_public_street"
      },
      "geometry": {
        "type": "LineString",
        "coordinates": [
          [
            108.95117,
            34.227118
          ],
          [
            108.95117,
            34.23233
          ]
        ]
      }
    },
    {
      "type": "Feature",
      "properties": {
        "from": 136,
        "to": 137,
        "distance_m": 600.0,
        "name": "启夏门—兴安门街（皇城东街）",
        "type": "street",
        "class": "primary_public_street"
      },
      "geometry": {
        "type": "LineString",
        "coordinates": [
          [
            108.95117,
            34.23233
          ],
          [
            108.95117,
            34.23763
          ]
        ]
      }
    },
    {
      "type": "Feature",
      "properties": {
        "from": 137,
        "to": 138,
        "distance_m": 582.5,
        "name": "启夏门—兴安门街（皇城东街）",
        "type": "street",
        "class": "primary_public_street"
      },
      "geometry": {
        "type": "LineString",
        "coordinates": [
          [
            108.95117,
            34.23763
          ],
          [
            108.95117,
            34.242776
          ]
        ]
      }
    },
    {
      "type": "Feature",
      "properties": {
        "from": 138,
        "to": 139,
        "distance_m": 572.0,
        "name": "启夏门—兴安门街（皇城东街）",
        "type": "street",
        "class": "primary_public_street"
      },
      "geometry": {
        "type": "LineString",
        "coordinates": [
          [
            108.95117,
            34.242776
          ],
          [
            108.95117,
            34.247829
          ]
        ]
      }
    },
    {
      "type": "Feature",
      "properties": {
        "from": 139,
        "to": 140,
        "distance_m": 602.0,
        "name": "启夏门—兴安门街（皇城东街）",
        "type": "street",
        "class": "primary_public_street"
      },
      "geometry": {
        "type": "LineString",
        "coordinates": [
          [
            108.95117,
            34.247829
          ],
          [
            108.95117,
            34.253147
          ]
        ]
      }
    },
    {
      "type": "Feature",
      "properties": {
        "from": 140,
        "to": 141,
        "distance_m": 936.0,
        "name": "启夏门—兴安门街（皇城东街）",
        "type": "street",
        "class": "primary_public_street"
      },
      "geometry": {
        "type": "LineString",
        "coordinates": [
          [
            108.95117,
            34.253147
          ],
          [
            108.95117,
            34.261416
          ]
        ]
      }
    },
    {
      "type": "Feature",
      "properties": {
        "from": 141,
        "to": 142,
        "distance_m": 869.0,
        "name": "启夏门—兴安门街（皇城东街）",
        "type": "street",
        "class": "primary_public_street"
      },
      "geometry": {
        "type": "LineString",
        "coordinates": [
          [
            108.95117,
            34.261416
          ],
          [
            108.95117,
            34.269093
          ]
        ]
      }
    },
    {
      "type": "Feature",
      "properties": {
        "from": 142,
        "to": 143,
        "distance_m": 702.0,
        "name": "启夏门—兴安门街（皇城东街）",
        "type": "street",
        "class": "primary_public_street"
      },
      "geometry": {
        "type": "LineString",
        "coordinates": [
          [
            108.95117,
            34.269093
          ],
          [
            108.95117,
            34.275294
          ]
        ]
      }
    },
    {
      "type": "Feature",
      "properties": {
        "from": 143,
        "to": 144,
        "distance_m": 626.0,
        "name": "启夏门—兴安门街（皇城东街）",
        "type": "street",
        "class": "primary_public_street"
      },
      "geometry": {
        "type": "LineString",
        "coordinates": [
          [
            108.95117,
            34.275294
          ],
          [
            108.95117,
            34.280824
          ]
        ]
      }
    },
    {
      "type": "Feature",
      "properties": {
        "from": 144,
        "to": 31,
        "distance_m": 30.0,
        "name": "启夏门—兴安门街（皇城东街）",
        "type": "street",
        "class": "primary_public_street"
      },
      "geometry": {
        "type": "LineString",
        "coordinates": [
          [
            108.95117,
            34.280824
          ],
          [
            108.95117,
            34.281089
          ]
        ]
      }
    },
    {
      "type": "Feature",
      "properties": {
        "from": 145,
        "to": 24,
        "distance_m": 30.0,
        "name": "朱雀街东第三街",
        "type": "street",
        "class": "ordinary_public_street"
      },
      "geometry": {
        "type": "LineString",
        "coordinates": [
          [
            108.963273,
            34.206292
          ],
          [
            108.963273,
            34.206557
          ]
        ]
      }
    },
    {
      "type": "Feature",
      "properties": {
        "from": 24,
        "to": 146,
        "distance_m": 605.0,
        "name": "朱雀街东第三街",
        "type": "street",
        "class": "ordinary_public_street"
      },
      "geometry": {
        "type": "LineString",
        "coordinates": [
          [
            108.963273,
            34.206557
          ],
          [
            108.963273,
            34.211901
          ]
        ]
      }
    },
    {
      "type": "Feature",
      "properties": {
        "from": 146,
        "to": 147,
        "distance_m": 560.0,
        "name": "朱雀街东第三街",
        "type": "street",
        "class": "ordinary_public_street"
      },
      "geometry": {
        "type": "LineString",
        "coordinates": [
          [
            108.963273,
            34.211901
          ],
          [
            108.963273,
            34.216848
          ]
        ]
      }
    },
    {
      "type": "Feature",
      "properties": {
        "from": 147,
        "to": 148,
        "distance_m": 577.5,
        "name": "朱雀街东第三街",
        "type": "street",
        "class": "ordinary_public_street"
      },
      "geometry": {
        "type": "LineString",
        "coordinates": [
          [
            108.963273,
            34.216848
          ],
          [
            108.963273,
            34.22195
          ]
        ]
      }
    },
    {
      "type": "Feature",
      "properties": {
        "from": 148,
        "to": 149,
        "distance_m": 585.0,
        "name": "朱雀街东第三街",
        "type": "street",
        "class": "ordinary_public_street"
      },
      "geometry": {
        "type": "LineString",
        "coordinates": [
          [
            108.963273,
            34.22195
          ],
          [
            108.963273,
            34.227118
          ]
        ]
      }
    },
    {
      "type": "Feature",
      "properties": {
        "from": 149,
        "to": 150,
        "distance_m": 590.0,
        "name": "朱雀街东第三街",
        "type": "street",
        "class": "ordinary_public_street"
      },
      "geometry": {
        "type": "LineString",
        "coordinates": [
          [
            108.963273,
            34.227118
          ],
          [
            108.963273,
            34.23233
          ]
        ]
      }
    },
    {
      "type": "Feature",
      "properties": {
        "from": 150,
        "to": 151,
        "distance_m": 600.0,
        "name": "朱雀街东第三街",
        "type": "street",
        "class": "ordinary_public_street"
      },
      "geometry": {
        "type": "LineString",
        "coordinates": [
          [
            108.963273,
            34.23233
          ],
          [
            108.963273,
            34.23763
          ]
        ]
      }
    },
    {
      "type": "Feature",
      "properties": {
        "from": 151,
        "to": 152,
        "distance_m": 582.5,
        "name": "朱雀街东第三街",
        "type": "street",
        "class": "ordinary_public_street"
      },
      "geometry": {
        "type": "LineString",
        "coordinates": [
          [
            108.963273,
            34.23763
          ],
          [
            108.963273,
            34.242776
          ]
        ]
      }
    },
    {
      "type": "Feature",
      "properties": {
        "from": 152,
        "to": 153,
        "distance_m": 60.0,
        "name": "朱雀街东第三街",
        "type": "street",
        "class": "ordinary_public_street"
      },
      "geometry": {
        "type": "LineString",
        "coordinates": [
          [
            108.963273,
            34.242776
          ],
          [
            108.963273,
            34.243306
          ]
        ]
      }
    },
    {
      "type": "Feature",
      "properties": {
        "from": 153,
        "to": 154,
        "distance_m": 512.0,
        "name": "朱雀街东第三街",
        "type": "street",
        "class": "ordinary_public_street"
      },
      "geometry": {
        "type": "LineString",
        "coordinates": [
          [
            108.963273,
            34.243306
          ],
          [
            108.963273,
            34.247829
          ]
        ]
      }
    },
    {
      "type": "Feature",
      "properties": {
        "from": 154,
        "to": 155,
        "distance_m": 502.0,
        "name": "朱雀街东第三街",
        "type": "street",
        "class": "ordinary_public_street"
      },
      "geometry": {
        "type": "LineString",
        "coordinates": [
          [
            108.963273,
            34.247829
          ],
          [
            108.963273,
            34.252264
          ]
        ]
      }
    },
    {
      "type": "Feature",
      "properties": {
        "from": 155,
        "to": 156,
        "distance_m": 100.0,
        "name": "朱雀街东第三街",
        "type": "street",
        "class": "ordinary_public_street"
      },
      "geometry": {
        "type": "LineString",
        "coordinates": [
          [
            108.963273,
            34.252264
          ],
          [
            108.963273,
            34.253147
          ]
        ]
      }
    },
    {
      "type": "Feature",
      "properties": {
        "from": 156,
        "to": 157,
        "distance_m": 936.0,
        "name": "朱雀街东第三街",
        "type": "street",
        "class": "ordinary_public_street"
      },
      "geometry": {
        "type": "LineString",
        "coordinates": [
          [
            108.963273,
            34.253147
          ],
          [
            108.963273,
            34.261416
          ]
        ]
      }
    },
    {
      "type": "Feature",
      "properties": {
        "from": 157,
        "to": 158,
        "distance_m": 869.0,
        "name": "朱雀街东第三街",
        "type": "street",
        "class": "ordinary_public_street"
      },
      "geometry": {
        "type": "LineString",
        "coordinates": [
          [
            108.963273,
            34.261416
          ],
          [
            108.963273,
            34.269093
          ]
        ]
      }
    },
    {
      "type": "Feature",
      "properties": {
        "from": 158,
        "to": 159,
        "distance_m": 702.0,
        "name": "朱雀街东第三街",
        "type": "street",
        "class": "ordinary_public_street"
      },
      "geometry": {
        "type": "LineString",
        "coordinates": [
          [
            108.963273,
            34.269093
          ],
          [
            108.963273,
            34.275294
          ]
        ]
      }
    },
    {
      "type": "Feature",
      "properties": {
        "from": 159,
        "to": 160,
        "distance_m": 626.0,
        "name": "朱雀街东第三街",
        "type": "street",
        "class": "ordinary_public_street"
      },
      "geometry": {
        "type": "LineString",
        "coordinates": [
          [
            108.963273,
            34.275294
          ],
          [
            108.963273,
            34.280824
          ]
        ]
      }
    },
    {
      "type": "Feature",
      "properties": {
        "from": 160,
        "to": 33,
        "distance_m": 30.0,
        "name": "朱雀街东第三街",
        "type": "street",
        "class": "ordinary_public_street"
      },
      "geometry": {
        "type": "LineString",
        "coordinates": [
          [
            108.963273,
            34.280824
          ],
          [
            108.963273,
            34.281089
          ]
        ]
      }
    },
    {
      "type": "Feature",
      "properties": {
        "from": 161,
        "to": 25,
        "distance_m": 30.0,
        "name": "朱雀街东第四街",
        "type": "street",
        "class": "ordinary_public_street"
      },
      "geometry": {
        "type": "LineString",
        "coordinates": [
          [
            108.97543,
            34.206292
          ],
          [
            108.97543,
            34.206557
          ]
        ]
      }
    },
    {
      "type": "Feature",
      "properties": {
        "from": 25,
        "to": 162,
        "distance_m": 605.0,
        "name": "朱雀街东第四街",
        "type": "street",
        "class": "ordinary_public_street"
      },
      "geometry": {
        "type": "LineString",
        "coordinates": [
          [
            108.97543,
            34.206557
          ],
          [
            108.97543,
            34.211901
          ]
        ]
      }
    },
    {
      "type": "Feature",
      "properties": {
        "from": 162,
        "to": 163,
        "distance_m": 560.0,
        "name": "朱雀街东第四街",
        "type": "street",
        "class": "ordinary_public_street"
      },
      "geometry": {
        "type": "LineString",
        "coordinates": [
          [
            108.97543,
            34.211901
          ],
          [
            108.97543,
            34.216848
          ]
        ]
      }
    },
    {
      "type": "Feature",
      "properties": {
        "from": 163,
        "to": 164,
        "distance_m": 577.5,
        "name": "朱雀街东第四街",
        "type": "street",
        "class": "ordinary_public_street"
      },
      "geometry": {
        "type": "LineString",
        "coordinates": [
          [
            108.97543,
            34.216848
          ],
          [
            108.97543,
            34.22195
          ]
        ]
      }
    },
    {
      "type": "Feature",
      "properties": {
        "from": 164,
        "to": 165,
        "distance_m": 585.0,
        "name": "朱雀街东第四街",
        "type": "street",
        "class": "ordinary_public_street"
      },
      "geometry": {
        "type": "LineString",
        "coordinates": [
          [
            108.97543,
            34.22195
          ],
          [
            108.97543,
            34.227118
          ]
        ]
      }
    },
    {
      "type": "Feature",
      "properties": {
        "from": 165,
        "to": 166,
        "distance_m": 590.0,
        "name": "朱雀街东第四街",
        "type": "street",
        "class": "ordinary_public_street"
      },
      "geometry": {
        "type": "LineString",
        "coordinates": [
          [
            108.97543,
            34.227118
          ],
          [
            108.97543,
            34.23233
          ]
        ]
      }
    },
    {
      "type": "Feature",
      "properties": {
        "from": 166,
        "to": 167,
        "distance_m": 600.0,
        "name": "朱雀街东第四街",
        "type": "street",
        "class": "ordinary_public_street"
      },
      "geometry": {
        "type": "LineString",
        "coordinates": [
          [
            108.97543,
            34.23233
          ],
          [
            108.97543,
            34.23763
          ]
        ]
      }
    },
    {
      "type": "Feature",
      "properties": {
        "from": 167,
        "to": 168,
        "distance_m": 582.5,
        "name": "朱雀街东第四街",
        "type": "street",
        "class": "ordinary_public_street"
      },
      "geometry": {
        "type": "LineString",
        "coordinates": [
          [
            108.97543,
            34.23763
          ],
          [
            108.97543,
            34.242776
          ]
        ]
      }
    },
    {
      "type": "Feature",
      "properties": {
        "from": 168,
        "to": 169,
        "distance_m": 60.0,
        "name": "朱雀街东第四街",
        "type": "street",
        "class": "ordinary_public_street"
      },
      "geometry": {
        "type": "LineString",
        "coordinates": [
          [
            108.97543,
            34.242776
          ],
          [
            108.97543,
            34.243306
          ]
        ]
      }
    },
    {
      "type": "Feature",
      "properties": {
        "from": 169,
        "to": 170,
        "distance_m": 512.0,
        "name": "朱雀街东第四街",
        "type": "street",
        "class": "ordinary_public_street"
      },
      "geometry": {
        "type": "LineString",
        "coordinates": [
          [
            108.97543,
            34.243306
          ],
          [
            108.97543,
            34.247829
          ]
        ]
      }
    },
    {
      "type": "Feature",
      "properties": {
        "from": 170,
        "to": 171,
        "distance_m": 502.0,
        "name": "朱雀街东第四街",
        "type": "street",
        "class": "ordinary_public_street"
      },
      "geometry": {
        "type": "LineString",
        "coordinates": [
          [
            108.97543,
            34.247829
          ],
          [
            108.97543,
            34.252264
          ]
        ]
      }
    },
    {
      "type": "Feature",
      "properties": {
        "from": 171,
        "to": 172,
        "distance_m": 100.0,
        "name": "朱雀街东第四街",
        "type": "street",
        "class": "ordinary_public_street"
      },
      "geometry": {
        "type": "LineString",
        "coordinates": [
          [
            108.97543,
            34.252264
          ],
          [
            108.97543,
            34.253147
          ]
        ]
      }
    },
    {
      "type": "Feature",
      "properties": {
        "from": 172,
        "to": 173,
        "distance_m": 936.0,
        "name": "朱雀街东第四街",
        "type": "street",
        "class": "ordinary_public_street"
      },
      "geometry": {
        "type": "LineString",
        "coordinates": [
          [
            108.97543,
            34.253147
          ],
          [
            108.97543,
            34.261416
          ]
        ]
      }
    },
    {
      "type": "Feature",
      "properties": {
        "from": 173,
        "to": 174,
        "distance_m": 251.0,
        "name": "朱雀街东第四街",
        "type": "street",
        "class": "ordinary_public_street"
      },
      "geometry": {
        "type": "LineString",
        "coordinates": [
          [
            108.97543,
            34.261416
          ],
          [
            108.97543,
            34.263633
          ]
        ]
      }
    },
    {
      "type": "Feature",
      "properties": {
        "from": 174,
        "to": 175,
        "distance_m": 618.0,
        "name": "朱雀街东第四街",
        "type": "street",
        "class": "ordinary_public_street"
      },
      "geometry": {
        "type": "LineString",
        "coordinates": [
          [
            108.97543,
            34.263633
          ],
          [
            108.97543,
            34.269093
          ]
        ]
      }
    },
    {
      "type": "Feature",
      "properties": {
        "from": 175,
        "to": 176,
        "distance_m": 702.0,
        "name": "朱雀街东第四街",
        "type": "street",
        "class": "ordinary_public_street"
      },
      "geometry": {
        "type": "LineString",
        "coordinates": [
          [
            108.97543,
            34.269093
          ],
          [
            108.97543,
            34.275294
          ]
        ]
      }
    },
    {
      "type": "Feature",
      "properties": {
        "from": 176,
        "to": 177,
        "distance_m": 626.0,
        "name": "朱雀街东第四街",
        "type": "street",
        "class": "ordinary_public_street"
      },
      "geometry": {
        "type": "LineString",
        "coordinates": [
          [
            108.97543,
            34.275294
          ],
          [
            108.97543,
            34.280824
          ]
        ]
      }
    },
    {
      "type": "Feature",
      "properties": {
        "from": 177,
        "to": 34,
        "distance_m": 30.0,
        "name": "朱雀街东第四街",
        "type": "street",
        "class": "ordinary_public_street"
      },
      "geometry": {
        "type": "LineString",
        "coordinates": [
          [
            108.97543,
            34.280824
          ],
          [
            108.97543,
            34.281089
          ]
        ]
      }
    },
    {
      "type": "Feature",
      "properties": {
        "from": 178,
        "to": 179,
        "distance_m": 76.0,
        "name": "丹凤门大街",
        "type": "street",
        "class": "ordinary_public_street"
      },
      "geometry": {
        "type": "LineString",
        "coordinates": [
          [
            108.959625,
            34.269093
          ],
          [
            108.959625,
            34.269764
          ]
        ]
      }
    },
    {
      "type": "Feature",
      "properties": {
        "from": 179,
        "to": 180,
        "distance_m": 626.0,
        "name": "丹凤门大街",
        "type": "street",
        "class": "ordinary_public_street"
      },
      "geometry": {
        "type": "LineString",
        "coordinates": [
          [
            108.959625,
            34.269764
          ],
          [
            108.959625,
            34.275294
          ]
        ]
      }
    },
    {
      "type": "Feature",
      "properties": {
        "from": 180,
        "to": 181,
        "distance_m": 626.0,
        "name": "丹凤门大街",
        "type": "street",
        "class": "ordinary_public_street"
      },
      "geometry": {
        "type": "LineString",
        "coordinates": [
          [
            108.959625,
            34.275294
          ],
          [
            108.959625,
            34.280824
          ]
        ]
      }
    },
    {
      "type": "Feature",
      "properties": {
        "from": 181,
        "to": 32,
        "distance_m": 30.0,
        "name": "丹凤门大街",
        "type": "street",
        "class": "ordinary_public_street"
      },
      "geometry": {
        "type": "LineString",
        "coordinates": [
          [
            108.959625,
            34.280824
          ],
          [
            108.959625,
            34.281089
          ]
        ]
      }
    },
    {
      "type": "Feature",
      "properties": {
        "from": 182,
        "to": 183,
        "distance_m": 60.0,
        "name": "兴庆宫西侧街",
        "type": "street",
        "class": "ordinary_public_street"
      },
      "geometry": {
        "type": "LineString",
        "coordinates": [
          [
            108.975171,
            34.253147
          ],
          [
            108.975171,
            34.253677
          ]
        ]
      }
    },
    {
      "type": "Feature",
      "properties": {
        "from": 183,
        "to": 184,
        "distance_m": 876.0,
        "name": "兴庆宫西侧街",
        "type": "street",
        "class": "ordinary_public_street"
      },
      "geometry": {
        "type": "LineString",
        "coordinates": [
          [
            108.975171,
            34.253677
          ],
          [
            108.975171,
            34.261416
          ]
        ]
      }
    },
    {
      "type": "Feature",
      "properties": {
        "from": 184,
        "to": 185,
        "distance_m": 224.0,
        "name": "兴庆宫西侧街",
        "type": "street",
        "class": "ordinary_public_street"
      },
      "geometry": {
        "type": "LineString",
        "coordinates": [
          [
            108.975171,
            34.261416
          ],
          [
            108.975171,
            34.263395
          ]
        ]
      }
    },
    {
      "type": "Feature",
      "properties": {
        "from": 185,
        "to": 186,
        "distance_m": 27.0,
        "name": "兴庆宫西侧街",
        "type": "street",
        "class": "ordinary_public_street"
      },
      "geometry": {
        "type": "LineString",
        "coordinates": [
          [
            108.975171,
            34.263395
          ],
          [
            108.975171,
            34.263633
          ]
        ]
      }
    },
    {
      "type": "Feature",
      "properties": {
        "from": 187,
        "to": 10,
        "distance_m": 30.0,
        "name": "金光门—春明门街",
        "type": "street",
        "class": "primary_public_street"
      },
      "geometry": {
        "type": "LineString",
        "coordinates": [
          [
            108.88308,
            34.253147
          ],
          [
            108.883404,
            34.253147
          ]
        ]
      }
    },
    {
      "type": "Feature",
      "properties": {
        "from": 10,
        "to": 63,
        "distance_m": 1163.0,
        "name": "金光门—春明门街",
        "type": "street",
        "class": "primary_public_street"
      },
      "geometry": {
        "type": "LineString",
        "coordinates": [
          [
            108.883404,
            34.253147
          ],
          [
            108.895938,
            34.253147
          ]
        ]
      }
    },
    {
      "type": "Feature",
      "properties": {
        "from": 63,
        "to": 188,
        "distance_m": 56.0,
        "name": "金光门—春明门街",
        "type": "street",
        "class": "primary_public_street"
      },
      "geometry": {
        "type": "LineString",
        "coordinates": [
          [
            108.895938,
            34.253147
          ],
          [
            108.896541,
            34.253147
          ]
        ]
      }
    },
    {
      "type": "Feature",
      "properties": {
        "from": 188,
        "to": 189,
        "distance_m": 988.0,
        "name": "金光门—春明门街",
        "type": "street",
        "class": "primary_public_street"
      },
      "geometry": {
        "type": "LineString",
        "coordinates": [
          [
            108.896541,
            34.253147
          ],
          [
            108.907189,
            34.253147
          ]
        ]
      }
    },
    {
      "type": "Feature",
      "properties": {
        "from": 189,
        "to": 79,
        "distance_m": 66.5,
        "name": "金光门—春明门街",
        "type": "street",
        "class": "primary_public_street"
      },
      "geometry": {
        "type": "LineString",
        "coordinates": [
          [
            108.907189,
            34.253147
          ],
          [
            108.907906,
            34.253147
          ]
        ]
      }
    },
    {
      "type": "Feature",
      "properties": {
        "from": 79,
        "to": 93,
        "distance_m": 1105.5,
        "name": "金光门—春明门街",
        "type": "street",
        "class": "primary_public_street"
      },
      "geometry": {
        "type": "LineString",
        "coordinates": [
          [
            108.907906,
            34.253147
          ],
          [
            108.91982,
            34.253147
          ]
        ]
      }
    },
    {
      "type": "Feature",
      "properties": {
        "from": 93,
        "to": 107,
        "distance_m": 768.5,
        "name": "金光门—春明门街",
        "type": "street",
        "class": "primary_public_street"
      },
      "geometry": {
        "type": "LineString",
        "coordinates": [
          [
            108.91982,
            34.253147
          ],
          [
            108.928102,
            34.253147
          ]
        ]
      }
    },
    {
      "type": "Feature",
      "properties": {
        "from": 107,
        "to": 118,
        "distance_m": 667.0,
        "name": "金光门—春明门街",
        "type": "street",
        "class": "primary_public_street"
      },
      "geometry": {
        "type": "LineString",
        "coordinates": [
          [
            108.928102,
            34.253147
          ],
          [
            108.93529,
            34.253147
          ]
        ]
      }
    },
    {
      "type": "Feature",
      "properties": {
        "from": 118,
        "to": 129,
        "distance_m": 673.0,
        "name": "金光门—春明门街",
        "type": "street",
        "class": "primary_public_street"
      },
      "geometry": {
        "type": "LineString",
        "coordinates": [
          [
            108.93529,
            34.253147
          ],
          [
            108.942543,
            34.253147
          ]
        ]
      }
    },
    {
      "type": "Feature",
      "properties": {
        "from": 129,
        "to": 140,
        "distance_m": 800.5,
        "name": "金光门—春明门街",
        "type": "street",
        "class": "primary_public_street"
      },
      "geometry": {
        "type": "LineString",
        "coordinates": [
          [
            108.942543,
            34.253147
          ],
          [
            108.95117,
            34.253147
          ]
        ]
      }
    },
    {
      "type": "Feature",
      "properties": {
        "from": 140,
        "to": 156,
        "distance_m": 1123.0,
        "name": "金光门—春明门街",
        "type": "street",
        "class": "primary_public_street"
      },
      "geometry": {
        "type": "LineString",
        "coordinates": [
          [
            108.95117,
            34.253147
          ],
          [
            108.963273,
            34.253147
          ]
        ]
      }
    },
    {
      "type": "Feature",
      "properties": {
        "from": 156,
        "to": 190,
        "distance_m": 69.0,
        "name": "金光门—春明门街",
        "type": "street",
        "class": "primary_public_street"
      },
      "geometry": {
        "type": "LineString",
        "coordinates": [
          [
            108.963273,
            34.253147
          ],
          [
            108.964017,
            34.253147
          ]
        ]
      }
    },
    {
      "type": "Feature",
      "properties": {
        "from": 190,
        "to": 191,
        "distance_m": 990.0,
        "name": "金光门—春明门街",
        "type": "street",
        "class": "primary_public_street"
      },
      "geometry": {
        "type": "LineString",
        "coordinates": [
          [
            108.964017,
            34.253147
          ],
          [
            108.974686,
            34.253147
          ]
        ]
      }
    },
    {
      "type": "Feature",
      "properties": {
        "from": 191,
        "to": 182,
        "distance_m": 45.0,
        "name": "金光门—春明门街",
        "type": "street",
        "class": "primary_public_street"
      },
      "geometry": {
        "type": "LineString",
        "coordinates": [
          [
            108.974686,
            34.253147
          ],
          [
            108.975171,
            34.253147
          ]
        ]
      }
    },
    {
      "type": "Feature",
      "properties": {
        "from": 182,
        "to": 172,
        "distance_m": 24.0,
        "name": "金光门—春明门街",
        "type": "street",
        "class": "primary_public_street"
      },
      "geometry": {
        "type": "LineString",
        "coordinates": [
          [
            108.975171,
            34.253147
          ],
          [
            108.97543,
            34.253147
          ]
        ]
      }
    },
    {
      "type": "Feature",
      "properties": {
        "from": 172,
        "to": 46,
        "distance_m": 1179.0,
        "name": "金光门—春明门街",
        "type": "street",
        "class": "primary_public_street"
      },
      "geometry": {
        "type": "LineString",
        "coordinates": [
          [
            108.97543,
            34.253147
          ],
          [
            108.988136,
            34.253147
          ]
        ]
      }
    },
    {
      "type": "Feature",
      "properties": {
        "from": 46,
        "to": 192,
        "distance_m": 170.0,
        "name": "金光门—春明门街",
        "type": "street",
        "class": "primary_public_street"
      },
      "geometry": {
        "type": "LineString",
        "coordinates": [
          [
            108.988136,
            34.253147
          ],
          [
            108.989968,
            34.253147
          ]
        ]
      }
    },
    {
      "type": "Feature",
      "properties": {
        "from": 193,
        "to": 9,
        "distance_m": 30.0,
        "name": "皇城南第二横街",
        "type": "street",
        "class": "ordinary_public_street"
      },
      "geometry": {
        "type": "LineString",
        "coordinates": [
          [
            108.88308,
            34.247829
          ],
          [
            108.883404,
            34.247829
          ]
        ]
      }
    },
    {
      "type": "Feature",
      "properties": {
        "from": 9,
        "to": 61,
        "distance_m": 1163.0,
        "name": "皇城南第二横街",
        "type": "street",
        "class": "ordinary_public_street"
      },
      "geometry": {
        "type": "LineString",
        "coordinates": [
          [
            108.883404,
            34.247829
          ],
          [
            108.895938,
            34.247829
          ]
        ]
      }
    },
    {
      "type": "Feature",
      "properties": {
        "from": 61,
        "to": 194,
        "distance_m": 21.0,
        "name": "皇城南第二横街",
        "type": "street",
        "class": "ordinary_public_street"
      },
      "geometry": {
        "type": "LineString",
        "coordinates": [
          [
            108.895938,
            34.247829
          ],
          [
            108.896164,
            34.247829
          ]
        ]
      }
    },
    {
      "type": "Feature",
      "properties": {
        "from": 194,
        "to": 195,
        "distance_m": 35.0,
        "name": "皇城南第二横街",
        "type": "street",
        "class": "ordinary_public_street"
      },
      "geometry": {
        "type": "LineString",
        "coordinates": [
          [
            108.896164,
            34.247829
          ],
          [
            108.896541,
            34.247829
          ]
        ]
      }
    },
    {
      "type": "Feature",
      "properties": {
        "from": 196,
        "to": 197,
        "distance_m": 35.0,
        "name": "皇城南第二横街",
        "type": "street",
        "class": "ordinary_public_street"
      },
      "geometry": {
        "type": "LineString",
        "coordinates": [
          [
            108.907189,
            34.247829
          ],
          [
            108.907566,
            34.247829
          ]
        ]
      }
    },
    {
      "type": "Feature",
      "properties": {
        "from": 197,
        "to": 77,
        "distance_m": 31.5,
        "name": "皇城南第二横街",
        "type": "street",
        "class": "ordinary_public_street"
      },
      "geometry": {
        "type": "LineString",
        "coordinates": [
          [
            108.907566,
            34.247829
          ],
          [
            108.907906,
            34.247829
          ]
        ]
      }
    },
    {
      "type": "Feature",
      "properties": {
        "from": 77,
        "to": 92,
        "distance_m": 1105.5,
        "name": "皇城南第二横街",
        "type": "street",
        "class": "ordinary_public_street"
      },
      "geometry": {
        "type": "LineString",
        "coordinates": [
          [
            108.907906,
            34.247829
          ],
          [
            108.91982,
            34.247829
          ]
        ]
      }
    },
    {
      "type": "Feature",
      "properties": {
        "from": 92,
        "to": 106,
        "distance_m": 768.5,
        "name": "皇城南第二横街",
        "type": "street",
        "class": "ordinary_public_street"
      },
      "geometry": {
        "type": "LineString",
        "coordinates": [
          [
            108.91982,
            34.247829
          ],
          [
            108.928102,
            34.247829
          ]
        ]
      }
    },
    {
      "type": "Feature",
      "properties": {
        "from": 106,
        "to": 117,
        "distance_m": 667.0,
        "name": "皇城南第二横街",
        "type": "street",
        "class": "ordinary_public_street"
      },
      "geometry": {
        "type": "LineString",
        "coordinates": [
          [
            108.928102,
            34.247829
          ],
          [
            108.93529,
            34.247829
          ]
        ]
      }
    },
    {
      "type": "Feature",
      "properties": {
        "from": 117,
        "to": 128,
        "distance_m": 673.0,
        "name": "皇城南第二横街",
        "type": "street",
        "class": "ordinary_public_street"
      },
      "geometry": {
        "type": "LineString",
        "coordinates": [
          [
            108.93529,
            34.247829
          ],
          [
            108.942543,
            34.247829
          ]
        ]
      }
    },
    {
      "type": "Feature",
      "properties": {
        "from": 128,
        "to": 139,
        "distance_m": 800.5,
        "name": "皇城南第二横街",
        "type": "street",
        "class": "ordinary_public_street"
      },
      "geometry": {
        "type": "LineString",
        "coordinates": [
          [
            108.942543,
            34.247829
          ],
          [
            108.95117,
            34.247829
          ]
        ]
      }
    },
    {
      "type": "Feature",
      "properties": {
        "from": 139,
        "to": 154,
        "distance_m": 1123.0,
        "name": "皇城南第二横街",
        "type": "street",
        "class": "ordinary_public_street"
      },
      "geometry": {
        "type": "LineString",
        "coordinates": [
          [
            108.95117,
            34.247829
          ],
          [
            108.963273,
            34.247829
          ]
        ]
      }
    },
    {
      "type": "Feature",
      "properties": {
        "from": 154,
        "to": 198,
        "distance_m": 34.0,
        "name": "皇城南第二横街",
        "type": "street",
        "class": "ordinary_public_street"
      },
      "geometry": {
        "type": "LineString",
        "coordinates": [
          [
            108.963273,
            34.247829
          ],
          [
            108.963639,
            34.247829
          ]
        ]
      }
    },
    {
      "type": "Feature",
      "properties": {
        "from": 198,
        "to": 199,
        "distance_m": 35.0,
        "name": "皇城南第二横街",
        "type": "street",
        "class": "ordinary_public_street"
      },
      "geometry": {
        "type": "LineString",
        "coordinates": [
          [
            108.963639,
            34.247829
          ],
          [
            108.964017,
            34.247829
          ]
        ]
      }
    },
    {
      "type": "Feature",
      "properties": {
        "from": 200,
        "to": 201,
        "distance_m": 35.0,
        "name": "皇城南第二横街",
        "type": "street",
        "class": "ordinary_public_street"
      },
      "geometry": {
        "type": "LineString",
        "coordinates": [
          [
            108.974686,
            34.247829
          ],
          [
            108.975063,
            34.247829
          ]
        ]
      }
    },
    {
      "type": "Feature",
      "properties": {
        "from": 201,
        "to": 170,
        "distance_m": 34.0,
        "name": "皇城南第二横街",
        "type": "street",
        "class": "ordinary_public_street"
      },
      "geometry": {
        "type": "LineString",
        "coordinates": [
          [
            108.975063,
            34.247829
          ],
          [
            108.97543,
            34.247829
          ]
        ]
      }
    },
    {
      "type": "Feature",
      "properties": {
        "from": 170,
        "to": 45,
        "distance_m": 1179.0,
        "name": "皇城南第二横街",
        "type": "street",
        "class": "ordinary_public_street"
      },
      "geometry": {
        "type": "LineString",
        "coordinates": [
          [
            108.97543,
            34.247829
          ],
          [
            108.988136,
            34.247829
          ]
        ]
      }
    },
    {
      "type": "Feature",
      "properties": {
        "from": 45,
        "to": 202,
        "distance_m": 170.0,
        "name": "皇城南第二横街",
        "type": "street",
        "class": "ordinary_public_street"
      },
      "geometry": {
        "type": "LineString",
        "coordinates": [
          [
            108.988136,
            34.247829
          ],
          [
            108.989968,
            34.247829
          ]
        ]
      }
    },
    {
      "type": "Feature",
      "properties": {
        "from": 203,
        "to": 8,
        "distance_m": 30.0,
        "name": "皇城南第三横街",
        "type": "street",
        "class": "ordinary_public_street"
      },
      "geometry": {
        "type": "LineString",
        "coordinates": [
          [
            108.88308,
            34.242776
          ],
          [
            108.883404,
            34.242776
          ]
        ]
      }
    },
    {
      "type": "Feature",
      "properties": {
        "from": 8,
        "to": 59,
        "distance_m": 1163.0,
        "name": "皇城南第三横街",
        "type": "street",
        "class": "ordinary_public_street"
      },
      "geometry": {
        "type": "LineString",
        "coordinates": [
          [
            108.883404,
            34.242776
          ],
          [
            108.895938,
            34.242776
          ]
        ]
      }
    },
    {
      "type": "Feature",
      "properties": {
        "from": 59,
        "to": 204,
        "distance_m": 56.0,
        "name": "皇城南第三横街",
        "type": "street",
        "class": "ordinary_public_street"
      },
      "geometry": {
        "type": "LineString",
        "coordinates": [
          [
            108.895938,
            34.242776
          ],
          [
            108.896541,
            34.242776
          ]
        ]
      }
    },
    {
      "type": "Feature",
      "properties": {
        "from": 204,
        "to": 205,
        "distance_m": 988.0,
        "name": "皇城南第三横街",
        "type": "street",
        "class": "ordinary_public_street"
      },
      "geometry": {
        "type": "LineString",
        "coordinates": [
          [
            108.896541,
            34.242776
          ],
          [
            108.907189,
            34.242776
          ]
        ]
      }
    },
    {
      "type": "Feature",
      "properties": {
        "from": 205,
        "to": 75,
        "distance_m": 66.5,
        "name": "皇城南第三横街",
        "type": "street",
        "class": "ordinary_public_street"
      },
      "geometry": {
        "type": "LineString",
        "coordinates": [
          [
            108.907189,
            34.242776
          ],
          [
            108.907906,
            34.242776
          ]
        ]
      }
    },
    {
      "type": "Feature",
      "properties": {
        "from": 75,
        "to": 91,
        "distance_m": 1105.5,
        "name": "皇城南第三横街",
        "type": "street",
        "class": "ordinary_public_street"
      },
      "geometry": {
        "type": "LineString",
        "coordinates": [
          [
            108.907906,
            34.242776
          ],
          [
            108.91982,
            34.242776
          ]
        ]
      }
    },
    {
      "type": "Feature",
      "properties": {
        "from": 91,
        "to": 105,
        "distance_m": 768.5,
        "name": "皇城南第三横街",
        "type": "street",
        "class": "ordinary_public_street"
      },
      "geometry": {
        "type": "LineString",
        "coordinates": [
          [
            108.91982,
            34.242776
          ],
          [
            108.928102,
            34.242776
          ]
        ]
      }
    },
    {
      "type": "Feature",
      "properties": {
        "from": 105,
        "to": 116,
        "distance_m": 667.0,
        "name": "皇城南第三横街",
        "type": "street",
        "class": "ordinary_public_street"
      },
      "geometry": {
        "type": "LineString",
        "coordinates": [
          [
            108.928102,
            34.242776
          ],
          [
            108.93529,
            34.242776
          ]
        ]
      }
    },
    {
      "type": "Feature",
      "properties": {
        "from": 116,
        "to": 127,
        "distance_m": 673.0,
        "name": "皇城南第三横街",
        "type": "street",
        "class": "ordinary_public_street"
      },
      "geometry": {
        "type": "LineString",
        "coordinates": [
          [
            108.93529,
            34.242776
          ],
          [
            108.942543,
            34.242776
          ]
        ]
      }
    },
    {
      "type": "Feature",
      "properties": {
        "from": 127,
        "to": 138,
        "distance_m": 800.5,
        "name": "皇城南第三横街",
        "type": "street",
        "class": "ordinary_public_street"
      },
      "geometry": {
        "type": "LineString",
        "coordinates": [
          [
            108.942543,
            34.242776
          ],
          [
            108.95117,
            34.242776
          ]
        ]
      }
    },
    {
      "type": "Feature",
      "properties": {
        "from": 138,
        "to": 152,
        "distance_m": 1123.0,
        "name": "皇城南第三横街",
        "type": "street",
        "class": "ordinary_public_street"
      },
      "geometry": {
        "type": "LineString",
        "coordinates": [
          [
            108.95117,
            34.242776
          ],
          [
            108.963273,
            34.242776
          ]
        ]
      }
    },
    {
      "type": "Feature",
      "properties": {
        "from": 152,
        "to": 206,
        "distance_m": 69.0,
        "name": "皇城南第三横街",
        "type": "street",
        "class": "ordinary_public_street"
      },
      "geometry": {
        "type": "LineString",
        "coordinates": [
          [
            108.963273,
            34.242776
          ],
          [
            108.964017,
            34.242776
          ]
        ]
      }
    },
    {
      "type": "Feature",
      "properties": {
        "from": 206,
        "to": 207,
        "distance_m": 990.0,
        "name": "皇城南第三横街",
        "type": "street",
        "class": "ordinary_public_street"
      },
      "geometry": {
        "type": "LineString",
        "coordinates": [
          [
            108.964017,
            34.242776
          ],
          [
            108.974686,
            34.242776
          ]
        ]
      }
    },
    {
      "type": "Feature",
      "properties": {
        "from": 207,
        "to": 168,
        "distance_m": 69.0,
        "name": "皇城南第三横街",
        "type": "street",
        "class": "ordinary_public_street"
      },
      "geometry": {
        "type": "LineString",
        "coordinates": [
          [
            108.974686,
            34.242776
          ],
          [
            108.97543,
            34.242776
          ]
        ]
      }
    },
    {
      "type": "Feature",
      "properties": {
        "from": 168,
        "to": 44,
        "distance_m": 1179.0,
        "name": "皇城南第三横街",
        "type": "street",
        "class": "ordinary_public_street"
      },
      "geometry": {
        "type": "LineString",
        "coordinates": [
          [
            108.97543,
            34.242776
          ],
          [
            108.988136,
            34.242776
          ]
        ]
      }
    },
    {
      "type": "Feature",
      "properties": {
        "from": 44,
        "to": 208,
        "distance_m": 170.0,
        "name": "皇城南第三横街",
        "type": "street",
        "class": "ordinary_public_street"
      },
      "geometry": {
        "type": "LineString",
        "coordinates": [
          [
            108.988136,
            34.242776
          ],
          [
            108.989968,
            34.242776
          ]
        ]
      }
    },
    {
      "type": "Feature",
      "properties": {
        "from": 209,
        "to": 7,
        "distance_m": 30.0,
        "name": "皇城南第四横街",
        "type": "street",
        "class": "ordinary_public_street"
      },
      "geometry": {
        "type": "LineString",
        "coordinates": [
          [
            108.88308,
            34.23763
          ],
          [
            108.883404,
            34.23763
          ]
        ]
      }
    },
    {
      "type": "Feature",
      "properties": {
        "from": 7,
        "to": 58,
        "distance_m": 1163.0,
        "name": "皇城南第四横街",
        "type": "street",
        "class": "ordinary_public_street"
      },
      "geometry": {
        "type": "LineString",
        "coordinates": [
          [
            108.883404,
            34.23763
          ],
          [
            108.895938,
            34.23763
          ]
        ]
      }
    },
    {
      "type": "Feature",
      "properties": {
        "from": 58,
        "to": 74,
        "distance_m": 1110.5,
        "name": "皇城南第四横街",
        "type": "street",
        "class": "ordinary_public_street"
      },
      "geometry": {
        "type": "LineString",
        "coordinates": [
          [
            108.895938,
            34.23763
          ],
          [
            108.907906,
            34.23763
          ]
        ]
      }
    },
    {
      "type": "Feature",
      "properties": {
        "from": 74,
        "to": 90,
        "distance_m": 1105.5,
        "name": "皇城南第四横街",
        "type": "street",
        "class": "ordinary_public_street"
      },
      "geometry": {
        "type": "LineString",
        "coordinates": [
          [
            108.907906,
            34.23763
          ],
          [
            108.91982,
            34.23763
          ]
        ]
      }
    },
    {
      "type": "Feature",
      "properties": {
        "from": 90,
        "to": 104,
        "distance_m": 768.5,
        "name": "皇城南第四横街",
        "type": "street",
        "class": "ordinary_public_street"
      },
      "geometry": {
        "type": "LineString",
        "coordinates": [
          [
            108.91982,
            34.23763
          ],
          [
            108.928102,
            34.23763
          ]
        ]
      }
    },
    {
      "type": "Feature",
      "properties": {
        "from": 104,
        "to": 115,
        "distance_m": 667.0,
        "name": "皇城南第四横街",
        "type": "street",
        "class": "ordinary_public_street"
      },
      "geometry": {
        "type": "LineString",
        "coordinates": [
          [
            108.928102,
            34.23763
          ],
          [
            108.93529,
            34.23763
          ]
        ]
      }
    },
    {
      "type": "Feature",
      "properties": {
        "from": 115,
        "to": 126,
        "distance_m": 673.0,
        "name": "皇城南第四横街",
        "type": "street",
        "class": "ordinary_public_street"
      },
      "geometry": {
        "type": "LineString",
        "coordinates": [
          [
            108.93529,
            34.23763
          ],
          [
            108.942543,
            34.23763
          ]
        ]
      }
    },
    {
      "type": "Feature",
      "properties": {
        "from": 126,
        "to": 137,
        "distance_m": 800.5,
        "name": "皇城南第四横街",
        "type": "street",
        "class": "ordinary_public_street"
      },
      "geometry": {
        "type": "LineString",
        "coordinates": [
          [
            108.942543,
            34.23763
          ],
          [
            108.95117,
            34.23763
          ]
        ]
      }
    },
    {
      "type": "Feature",
      "properties": {
        "from": 137,
        "to": 151,
        "distance_m": 1123.0,
        "name": "皇城南第四横街",
        "type": "street",
        "class": "ordinary_public_street"
      },
      "geometry": {
        "type": "LineString",
        "coordinates": [
          [
            108.95117,
            34.23763
          ],
          [
            108.963273,
            34.23763
          ]
        ]
      }
    },
    {
      "type": "Feature",
      "properties": {
        "from": 151,
        "to": 167,
        "distance_m": 1128.0,
        "name": "皇城南第四横街",
        "type": "street",
        "class": "ordinary_public_street"
      },
      "geometry": {
        "type": "LineString",
        "coordinates": [
          [
            108.963273,
            34.23763
          ],
          [
            108.97543,
            34.23763
          ]
        ]
      }
    },
    {
      "type": "Feature",
      "properties": {
        "from": 167,
        "to": 43,
        "distance_m": 1179.0,
        "name": "皇城南第四横街",
        "type": "street",
        "class": "ordinary_public_street"
      },
      "geometry": {
        "type": "LineString",
        "coordinates": [
          [
            108.97543,
            34.23763
          ],
          [
            108.988136,
            34.23763
          ]
        ]
      }
    },
    {
      "type": "Feature",
      "properties": {
        "from": 43,
        "to": 210,
        "distance_m": 170.0,
        "name": "皇城南第四横街",
        "type": "street",
        "class": "ordinary_public_street"
      },
      "geometry": {
        "type": "LineString",
        "coordinates": [
          [
            108.988136,
            34.23763
          ],
          [
            108.989968,
            34.23763
          ]
        ]
      }
    },
    {
      "type": "Feature",
      "properties": {
        "from": 211,
        "to": 6,
        "distance_m": 30.0,
        "name": "延平门—延兴门街",
        "type": "street",
        "class": "primary_public_street"
      },
      "geometry": {
        "type": "LineString",
        "coordinates": [
          [
            108.88308,
            34.23233
          ],
          [
            108.883404,
            34.23233
          ]
        ]
      }
    },
    {
      "type": "Feature",
      "properties": {
        "from": 6,
        "to": 57,
        "distance_m": 1163.0,
        "name": "延平门—延兴门街",
        "type": "street",
        "class": "primary_public_street"
      },
      "geometry": {
        "type": "LineString",
        "coordinates": [
          [
            108.883404,
            34.23233
          ],
          [
            108.895938,
            34.23233
          ]
        ]
      }
    },
    {
      "type": "Feature",
      "properties": {
        "from": 57,
        "to": 73,
        "distance_m": 1110.5,
        "name": "延平门—延兴门街",
        "type": "street",
        "class": "primary_public_street"
      },
      "geometry": {
        "type": "LineString",
        "coordinates": [
          [
            108.895938,
            34.23233
          ],
          [
            108.907906,
            34.23233
          ]
        ]
      }
    },
    {
      "type": "Feature",
      "properties": {
        "from": 73,
        "to": 89,
        "distance_m": 1105.5,
        "name": "延平门—延兴门街",
        "type": "street",
        "class": "primary_public_street"
      },
      "geometry": {
        "type": "LineString",
        "coordinates": [
          [
            108.907906,
            34.23233
          ],
          [
            108.91982,
            34.23233
          ]
        ]
      }
    },
    {
      "type": "Feature",
      "properties": {
        "from": 89,
        "to": 103,
        "distance_m": 768.5,
        "name": "延平门—延兴门街",
        "type": "street",
        "class": "primary_public_street"
      },
      "geometry": {
        "type": "LineString",
        "coordinates": [
          [
            108.91982,
            34.23233
          ],
          [
            108.928102,
            34.23233
          ]
        ]
      }
    },
    {
      "type": "Feature",
      "properties": {
        "from": 103,
        "to": 114,
        "distance_m": 667.0,
        "name": "延平门—延兴门街",
        "type": "street",
        "class": "primary_public_street"
      },
      "geometry": {
        "type": "LineString",
        "coordinates": [
          [
            108.928102,
            34.23233
          ],
          [
            108.93529,
            34.23233
          ]
        ]
      }
    },
    {
      "type": "Feature",
      "properties": {
        "from": 114,
        "to": 125,
        "distance_m": 673.0,
        "name": "延平门—延兴门街",
        "type": "street",
        "class": "primary_public_street"
      },
      "geometry": {
        "type": "LineString",
        "coordinates": [
          [
            108.93529,
            34.23233
          ],
          [
            108.942543,
            34.23233
          ]
        ]
      }
    },
    {
      "type": "Feature",
      "properties": {
        "from": 125,
        "to": 136,
        "distance_m": 800.5,
        "name": "延平门—延兴门街",
        "type": "street",
        "class": "primary_public_street"
      },
      "geometry": {
        "type": "LineString",
        "coordinates": [
          [
            108.942543,
            34.23233
          ],
          [
            108.95117,
            34.23233
          ]
        ]
      }
    },
    {
      "type": "Feature",
      "properties": {
        "from": 136,
        "to": 150,
        "distance_m": 1123.0,
        "name": "延平门—延兴门街",
        "type": "street",
        "class": "primary_public_street"
      },
      "geometry": {
        "type": "LineString",
        "coordinates": [
          [
            108.95117,
            34.23233
          ],
          [
            108.963273,
            34.23233
          ]
        ]
      }
    },
    {
      "type": "Feature",
      "properties": {
        "from": 150,
        "to": 166,
        "distance_m": 1128.0,
        "name": "延平门—延兴门街",
        "type": "street",
        "class": "primary_public_street"
      },
      "geometry": {
        "type": "LineString",
        "coordinates": [
          [
            108.963273,
            34.23233
          ],
          [
            108.97543,
            34.23233
          ]
        ]
      }
    },
    {
      "type": "Feature",
      "properties": {
        "from": 166,
        "to": 42,
        "distance_m": 1179.0,
        "name": "延平门—延兴门街",
        "type": "street",
        "class": "primary_public_street"
      },
      "geometry": {
        "type": "LineString",
        "coordinates": [
          [
            108.97543,
            34.23233
          ],
          [
            108.988136,
            34.23233
          ]
        ]
      }
    },
    {
      "type": "Feature",
      "properties": {
        "from": 42,
        "to": 212,
        "distance_m": 170.0,
        "name": "延平门—延兴门街",
        "type": "street",
        "class": "primary_public_street"
      },
      "geometry": {
        "type": "LineString",
        "coordinates": [
          [
            108.988136,
            34.23233
          ],
          [
            108.989968,
            34.23233
          ]
        ]
      }
    },
    {
      "type": "Feature",
      "properties": {
        "from": 213,
        "to": 5,
        "distance_m": 30.0,
        "name": "皇城南第六横街",
        "type": "street",
        "class": "ordinary_public_street"
      },
      "geometry": {
        "type": "LineString",
        "coordinates": [
          [
            108.88308,
            34.227118
          ],
          [
            108.883404,
            34.227118
          ]
        ]
      }
    },
    {
      "type": "Feature",
      "properties": {
        "from": 5,
        "to": 56,
        "distance_m": 1163.0,
        "name": "皇城南第六横街",
        "type": "street",
        "class": "ordinary_public_street"
      },
      "geometry": {
        "type": "LineString",
        "coordinates": [
          [
            108.883404,
            34.227118
          ],
          [
            108.895938,
            34.227118
          ]
        ]
      }
    },
    {
      "type": "Feature",
      "properties": {
        "from": 56,
        "to": 72,
        "distance_m": 1110.5,
        "name": "皇城南第六横街",
        "type": "street",
        "class": "ordinary_public_street"
      },
      "geometry": {
        "type": "LineString",
        "coordinates": [
          [
            108.895938,
            34.227118
          ],
          [
            108.907906,
            34.227118
          ]
        ]
      }
    },
    {
      "type": "Feature",
      "properties": {
        "from": 72,
        "to": 88,
        "distance_m": 1105.5,
        "name": "皇城南第六横街",
        "type": "street",
        "class": "ordinary_public_street"
      },
      "geometry": {
        "type": "LineString",
        "coordinates": [
          [
            108.907906,
            34.227118
          ],
          [
            108.91982,
            34.227118
          ]
        ]
      }
    },
    {
      "type": "Feature",
      "properties": {
        "from": 88,
        "to": 102,
        "distance_m": 768.5,
        "name": "皇城南第六横街",
        "type": "street",
        "class": "ordinary_public_street"
      },
      "geometry": {
        "type": "LineString",
        "coordinates": [
          [
            108.91982,
            34.227118
          ],
          [
            108.928102,
            34.227118
          ]
        ]
      }
    },
    {
      "type": "Feature",
      "properties": {
        "from": 102,
        "to": 113,
        "distance_m": 667.0,
        "name": "皇城南第六横街",
        "type": "street",
        "class": "ordinary_public_street"
      },
      "geometry": {
        "type": "LineString",
        "coordinates": [
          [
            108.928102,
            34.227118
          ],
          [
            108.93529,
            34.227118
          ]
        ]
      }
    },
    {
      "type": "Feature",
      "properties": {
        "from": 113,
        "to": 124,
        "distance_m": 673.0,
        "name": "皇城南第六横街",
        "type": "street",
        "class": "ordinary_public_street"
      },
      "geometry": {
        "type": "LineString",
        "coordinates": [
          [
            108.93529,
            34.227118
          ],
          [
            108.942543,
            34.227118
          ]
        ]
      }
    },
    {
      "type": "Feature",
      "properties": {
        "from": 124,
        "to": 135,
        "distance_m": 800.5,
        "name": "皇城南第六横街",
        "type": "street",
        "class": "ordinary_public_street"
      },
      "geometry": {
        "type": "LineString",
        "coordinates": [
          [
            108.942543,
            34.227118
          ],
          [
            108.95117,
            34.227118
          ]
        ]
      }
    },
    {
      "type": "Feature",
      "properties": {
        "from": 135,
        "to": 149,
        "distance_m": 1123.0,
        "name": "皇城南第六横街",
        "type": "street",
        "class": "ordinary_public_street"
      },
      "geometry": {
        "type": "LineString",
        "coordinates": [
          [
            108.95117,
            34.227118
          ],
          [
            108.963273,
            34.227118
          ]
        ]
      }
    },
    {
      "type": "Feature",
      "properties": {
        "from": 149,
        "to": 165,
        "distance_m": 1128.0,
        "name": "皇城南第六横街",
        "type": "street",
        "class": "ordinary_public_street"
      },
      "geometry": {
        "type": "LineString",
        "coordinates": [
          [
            108.963273,
            34.227118
          ],
          [
            108.97543,
            34.227118
          ]
        ]
      }
    },
    {
      "type": "Feature",
      "properties": {
        "from": 165,
        "to": 41,
        "distance_m": 1179.0,
        "name": "皇城南第六横街",
        "type": "street",
        "class": "ordinary_public_street"
      },
      "geometry": {
        "type": "LineString",
        "coordinates": [
          [
            108.97543,
            34.227118
          ],
          [
            108.988136,
            34.227118
          ]
        ]
      }
    },
    {
      "type": "Feature",
      "properties": {
        "from": 41,
        "to": 214,
        "distance_m": 170.0,
        "name": "皇城南第六横街",
        "type": "street",
        "class": "ordinary_public_street"
      },
      "geometry": {
        "type": "LineString",
        "coordinates": [
          [
            108.988136,
            34.227118
          ],
          [
            108.989968,
            34.227118
          ]
        ]
      }
    },
    {
      "type": "Feature",
      "properties": {
        "from": 215,
        "to": 4,
        "distance_m": 30.0,
        "name": "皇城南第七横街",
        "type": "street",
        "class": "ordinary_public_street"
      },
      "geometry": {
        "type": "LineString",
        "coordinates": [
          [
            108.88308,
            34.22195
          ],
          [
            108.883404,
            34.22195
          ]
        ]
      }
    },
    {
      "type": "Feature",
      "properties": {
        "from": 4,
        "to": 55,
        "distance_m": 1163.0,
        "name": "皇城南第七横街",
        "type": "street",
        "class": "ordinary_public_street"
      },
      "geometry": {
        "type": "LineString",
        "coordinates": [
          [
            108.883404,
            34.22195
          ],
          [
            108.895938,
            34.22195
          ]
        ]
      }
    },
    {
      "type": "Feature",
      "properties": {
        "from": 55,
        "to": 71,
        "distance_m": 1110.5,
        "name": "皇城南第七横街",
        "type": "street",
        "class": "ordinary_public_street"
      },
      "geometry": {
        "type": "LineString",
        "coordinates": [
          [
            108.895938,
            34.22195
          ],
          [
            108.907906,
            34.22195
          ]
        ]
      }
    },
    {
      "type": "Feature",
      "properties": {
        "from": 71,
        "to": 87,
        "distance_m": 1105.5,
        "name": "皇城南第七横街",
        "type": "street",
        "class": "ordinary_public_street"
      },
      "geometry": {
        "type": "LineString",
        "coordinates": [
          [
            108.907906,
            34.22195
          ],
          [
            108.91982,
            34.22195
          ]
        ]
      }
    },
    {
      "type": "Feature",
      "properties": {
        "from": 87,
        "to": 101,
        "distance_m": 768.5,
        "name": "皇城南第七横街",
        "type": "street",
        "class": "ordinary_public_street"
      },
      "geometry": {
        "type": "LineString",
        "coordinates": [
          [
            108.91982,
            34.22195
          ],
          [
            108.928102,
            34.22195
          ]
        ]
      }
    },
    {
      "type": "Feature",
      "properties": {
        "from": 101,
        "to": 112,
        "distance_m": 667.0,
        "name": "皇城南第七横街",
        "type": "street",
        "class": "ordinary_public_street"
      },
      "geometry": {
        "type": "LineString",
        "coordinates": [
          [
            108.928102,
            34.22195
          ],
          [
            108.93529,
            34.22195
          ]
        ]
      }
    },
    {
      "type": "Feature",
      "properties": {
        "from": 112,
        "to": 123,
        "distance_m": 673.0,
        "name": "皇城南第七横街",
        "type": "street",
        "class": "ordinary_public_street"
      },
      "geometry": {
        "type": "LineString",
        "coordinates": [
          [
            108.93529,
            34.22195
          ],
          [
            108.942543,
            34.22195
          ]
        ]
      }
    },
    {
      "type": "Feature",
      "properties": {
        "from": 123,
        "to": 134,
        "distance_m": 800.5,
        "name": "皇城南第七横街",
        "type": "street",
        "class": "ordinary_public_street"
      },
      "geometry": {
        "type": "LineString",
        "coordinates": [
          [
            108.942543,
            34.22195
          ],
          [
            108.95117,
            34.22195
          ]
        ]
      }
    },
    {
      "type": "Feature",
      "properties": {
        "from": 134,
        "to": 148,
        "distance_m": 1123.0,
        "name": "皇城南第七横街",
        "type": "street",
        "class": "ordinary_public_street"
      },
      "geometry": {
        "type": "LineString",
        "coordinates": [
          [
            108.95117,
            34.22195
          ],
          [
            108.963273,
            34.22195
          ]
        ]
      }
    },
    {
      "type": "Feature",
      "properties": {
        "from": 148,
        "to": 164,
        "distance_m": 1128.0,
        "name": "皇城南第七横街",
        "type": "street",
        "class": "ordinary_public_street"
      },
      "geometry": {
        "type": "LineString",
        "coordinates": [
          [
            108.963273,
            34.22195
          ],
          [
            108.97543,
            34.22195
          ]
        ]
      }
    },
    {
      "type": "Feature",
      "properties": {
        "from": 164,
        "to": 40,
        "distance_m": 1179.0,
        "name": "皇城南第七横街",
        "type": "street",
        "class": "ordinary_public_street"
      },
      "geometry": {
        "type": "LineString",
        "coordinates": [
          [
            108.97543,
            34.22195
          ],
          [
            108.988136,
            34.22195
          ]
        ]
      }
    },
    {
      "type": "Feature",
      "properties": {
        "from": 40,
        "to": 216,
        "distance_m": 170.0,
        "name": "皇城南第七横街",
        "type": "street",
        "class": "ordinary_public_street"
      },
      "geometry": {
        "type": "LineString",
        "coordinates": [
          [
            108.988136,
            34.22195
          ],
          [
            108.989968,
            34.22195
          ]
        ]
      }
    },
    {
      "type": "Feature",
      "properties": {
        "from": 217,
        "to": 3,
        "distance_m": 30.0,
        "name": "皇城南第八横街",
        "type": "street",
        "class": "ordinary_public_street"
      },
      "geometry": {
        "type": "LineString",
        "coordinates": [
          [
            108.88308,
            34.216848
          ],
          [
            108.883404,
            34.216848
          ]
        ]
      }
    },
    {
      "type": "Feature",
      "properties": {
        "from": 3,
        "to": 54,
        "distance_m": 1163.0,
        "name": "皇城南第八横街",
        "type": "street",
        "class": "ordinary_public_street"
      },
      "geometry": {
        "type": "LineString",
        "coordinates": [
          [
            108.883404,
            34.216848
          ],
          [
            108.895938,
            34.216848
          ]
        ]
      }
    },
    {
      "type": "Feature",
      "properties": {
        "from": 54,
        "to": 70,
        "distance_m": 1110.5,
        "name": "皇城南第八横街",
        "type": "street",
        "class": "ordinary_public_street"
      },
      "geometry": {
        "type": "LineString",
        "coordinates": [
          [
            108.895938,
            34.216848
          ],
          [
            108.907906,
            34.216848
          ]
        ]
      }
    },
    {
      "type": "Feature",
      "properties": {
        "from": 70,
        "to": 86,
        "distance_m": 1105.5,
        "name": "皇城南第八横街",
        "type": "street",
        "class": "ordinary_public_street"
      },
      "geometry": {
        "type": "LineString",
        "coordinates": [
          [
            108.907906,
            34.216848
          ],
          [
            108.91982,
            34.216848
          ]
        ]
      }
    },
    {
      "type": "Feature",
      "properties": {
        "from": 86,
        "to": 100,
        "distance_m": 768.5,
        "name": "皇城南第八横街",
        "type": "street",
        "class": "ordinary_public_street"
      },
      "geometry": {
        "type": "LineString",
        "coordinates": [
          [
            108.91982,
            34.216848
          ],
          [
            108.928102,
            34.216848
          ]
        ]
      }
    },
    {
      "type": "Feature",
      "properties": {
        "from": 100,
        "to": 111,
        "distance_m": 667.0,
        "name": "皇城南第八横街",
        "type": "street",
        "class": "ordinary_public_street"
      },
      "geometry": {
        "type": "LineString",
        "coordinates": [
          [
            108.928102,
            34.216848
          ],
          [
            108.93529,
            34.216848
          ]
        ]
      }
    },
    {
      "type": "Feature",
      "properties": {
        "from": 111,
        "to": 122,
        "distance_m": 673.0,
        "name": "皇城南第八横街",
        "type": "street",
        "class": "ordinary_public_street"
      },
      "geometry": {
        "type": "LineString",
        "coordinates": [
          [
            108.93529,
            34.216848
          ],
          [
            108.942543,
            34.216848
          ]
        ]
      }
    },
    {
      "type": "Feature",
      "properties": {
        "from": 122,
        "to": 133,
        "distance_m": 800.5,
        "name": "皇城南第八横街",
        "type": "street",
        "class": "ordinary_public_street"
      },
      "geometry": {
        "type": "LineString",
        "coordinates": [
          [
            108.942543,
            34.216848
          ],
          [
            108.95117,
            34.216848
          ]
        ]
      }
    },
    {
      "type": "Feature",
      "properties": {
        "from": 133,
        "to": 147,
        "distance_m": 1123.0,
        "name": "皇城南第八横街",
        "type": "street",
        "class": "ordinary_public_street"
      },
      "geometry": {
        "type": "LineString",
        "coordinates": [
          [
            108.95117,
            34.216848
          ],
          [
            108.963273,
            34.216848
          ]
        ]
      }
    },
    {
      "type": "Feature",
      "properties": {
        "from": 147,
        "to": 163,
        "distance_m": 1128.0,
        "name": "皇城南第八横街",
        "type": "street",
        "class": "ordinary_public_street"
      },
      "geometry": {
        "type": "LineString",
        "coordinates": [
          [
            108.963273,
            34.216848
          ],
          [
            108.97543,
            34.216848
          ]
        ]
      }
    },
    {
      "type": "Feature",
      "properties": {
        "from": 163,
        "to": 39,
        "distance_m": 1179.0,
        "name": "皇城南第八横街",
        "type": "street",
        "class": "ordinary_public_street"
      },
      "geometry": {
        "type": "LineString",
        "coordinates": [
          [
            108.97543,
            34.216848
          ],
          [
            108.988136,
            34.216848
          ]
        ]
      }
    },
    {
      "type": "Feature",
      "properties": {
        "from": 39,
        "to": 218,
        "distance_m": 170.0,
        "name": "皇城南第八横街",
        "type": "street",
        "class": "ordinary_public_street"
      },
      "geometry": {
        "type": "LineString",
        "coordinates": [
          [
            108.988136,
            34.216848
          ],
          [
            108.989968,
            34.216848
          ]
        ]
      }
    },
    {
      "type": "Feature",
      "properties": {
        "from": 219,
        "to": 2,
        "distance_m": 30.0,
        "name": "皇城南第九横街",
        "type": "street",
        "class": "ordinary_public_street"
      },
      "geometry": {
        "type": "LineString",
        "coordinates": [
          [
            108.88308,
            34.211901
          ],
          [
            108.883404,
            34.211901
          ]
        ]
      }
    },
    {
      "type": "Feature",
      "properties": {
        "from": 2,
        "to": 53,
        "distance_m": 1163.0,
        "name": "皇城南第九横街",
        "type": "street",
        "class": "ordinary_public_street"
      },
      "geometry": {
        "type": "LineString",
        "coordinates": [
          [
            108.883404,
            34.211901
          ],
          [
            108.895938,
            34.211901
          ]
        ]
      }
    },
    {
      "type": "Feature",
      "properties": {
        "from": 53,
        "to": 69,
        "distance_m": 1110.5,
        "name": "皇城南第九横街",
        "type": "street",
        "class": "ordinary_public_street"
      },
      "geometry": {
        "type": "LineString",
        "coordinates": [
          [
            108.895938,
            34.211901
          ],
          [
            108.907906,
            34.211901
          ]
        ]
      }
    },
    {
      "type": "Feature",
      "properties": {
        "from": 69,
        "to": 85,
        "distance_m": 1105.5,
        "name": "皇城南第九横街",
        "type": "street",
        "class": "ordinary_public_street"
      },
      "geometry": {
        "type": "LineString",
        "coordinates": [
          [
            108.907906,
            34.211901
          ],
          [
            108.91982,
            34.211901
          ]
        ]
      }
    },
    {
      "type": "Feature",
      "properties": {
        "from": 85,
        "to": 99,
        "distance_m": 768.5,
        "name": "皇城南第九横街",
        "type": "street",
        "class": "ordinary_public_street"
      },
      "geometry": {
        "type": "LineString",
        "coordinates": [
          [
            108.91982,
            34.211901
          ],
          [
            108.928102,
            34.211901
          ]
        ]
      }
    },
    {
      "type": "Feature",
      "properties": {
        "from": 99,
        "to": 110,
        "distance_m": 667.0,
        "name": "皇城南第九横街",
        "type": "street",
        "class": "ordinary_public_street"
      },
      "geometry": {
        "type": "LineString",
        "coordinates": [
          [
            108.928102,
            34.211901
          ],
          [
            108.93529,
            34.211901
          ]
        ]
      }
    },
    {
      "type": "Feature",
      "properties": {
        "from": 110,
        "to": 121,
        "distance_m": 673.0,
        "name": "皇城南第九横街",
        "type": "street",
        "class": "ordinary_public_street"
      },
      "geometry": {
        "type": "LineString",
        "coordinates": [
          [
            108.93529,
            34.211901
          ],
          [
            108.942543,
            34.211901
          ]
        ]
      }
    },
    {
      "type": "Feature",
      "properties": {
        "from": 121,
        "to": 132,
        "distance_m": 800.5,
        "name": "皇城南第九横街",
        "type": "street",
        "class": "ordinary_public_street"
      },
      "geometry": {
        "type": "LineString",
        "coordinates": [
          [
            108.942543,
            34.211901
          ],
          [
            108.95117,
            34.211901
          ]
        ]
      }
    },
    {
      "type": "Feature",
      "properties": {
        "from": 132,
        "to": 146,
        "distance_m": 1123.0,
        "name": "皇城南第九横街",
        "type": "street",
        "class": "ordinary_public_street"
      },
      "geometry": {
        "type": "LineString",
        "coordinates": [
          [
            108.95117,
            34.211901
          ],
          [
            108.963273,
            34.211901
          ]
        ]
      }
    },
    {
      "type": "Feature",
      "properties": {
        "from": 146,
        "to": 162,
        "distance_m": 1128.0,
        "name": "皇城南第九横街",
        "type": "street",
        "class": "ordinary_public_street"
      },
      "geometry": {
        "type": "LineString",
        "coordinates": [
          [
            108.963273,
            34.211901
          ],
          [
            108.97543,
            34.211901
          ]
        ]
      }
    },
    {
      "type": "Feature",
      "properties": {
        "from": 162,
        "to": 37,
        "distance_m": 1179.0,
        "name": "皇城南第九横街",
        "type": "street",
        "class": "ordinary_public_street"
      },
      "geometry": {
        "type": "LineString",
        "coordinates": [
          [
            108.97543,
            34.211901
          ],
          [
            108.988136,
            34.211901
          ]
        ]
      }
    },
    {
      "type": "Feature",
      "properties": {
        "from": 37,
        "to": 220,
        "distance_m": 170.0,
        "name": "皇城南第九横街",
        "type": "street",
        "class": "ordinary_public_street"
      },
      "geometry": {
        "type": "LineString",
        "coordinates": [
          [
            108.988136,
            34.211901
          ],
          [
            108.989968,
            34.211901
          ]
        ]
      }
    },
    {
      "type": "Feature",
      "properties": {
        "from": 221,
        "to": 11,
        "distance_m": 30.0,
        "name": "北三横街",
        "type": "street",
        "class": "ordinary_public_street"
      },
      "geometry": {
        "type": "LineString",
        "coordinates": [
          [
            108.88308,
            34.261416
          ],
          [
            108.883404,
            34.261416
          ]
        ]
      }
    },
    {
      "type": "Feature",
      "properties": {
        "from": 11,
        "to": 64,
        "distance_m": 1163.0,
        "name": "北三横街",
        "type": "street",
        "class": "ordinary_public_street"
      },
      "geometry": {
        "type": "LineString",
        "coordinates": [
          [
            108.883404,
            34.261416
          ],
          [
            108.895938,
            34.261416
          ]
        ]
      }
    },
    {
      "type": "Feature",
      "properties": {
        "from": 64,
        "to": 80,
        "distance_m": 1110.5,
        "name": "北三横街",
        "type": "street",
        "class": "ordinary_public_street"
      },
      "geometry": {
        "type": "LineString",
        "coordinates": [
          [
            108.895938,
            34.261416
          ],
          [
            108.907906,
            34.261416
          ]
        ]
      }
    },
    {
      "type": "Feature",
      "properties": {
        "from": 80,
        "to": 94,
        "distance_m": 1105.5,
        "name": "北三横街",
        "type": "street",
        "class": "ordinary_public_street"
      },
      "geometry": {
        "type": "LineString",
        "coordinates": [
          [
            108.907906,
            34.261416
          ],
          [
            108.91982,
            34.261416
          ]
        ]
      }
    },
    {
      "type": "Feature",
      "properties": {
        "from": 94,
        "to": 222,
        "distance_m": 54.0,
        "name": "北三横街",
        "type": "street",
        "class": "ordinary_public_street"
      },
      "geometry": {
        "type": "LineString",
        "coordinates": [
          [
            108.91982,
            34.261416
          ],
          [
            108.920402,
            34.261416
          ]
        ]
      }
    },
    {
      "type": "Feature",
      "properties": {
        "from": 223,
        "to": 141,
        "distance_m": 67.0,
        "name": "北三横街",
        "type": "street",
        "class": "ordinary_public_street"
      },
      "geometry": {
        "type": "LineString",
        "coordinates": [
          [
            108.950448,
            34.261416
          ],
          [
            108.95117,
            34.261416
          ]
        ]
      }
    },
    {
      "type": "Feature",
      "properties": {
        "from": 141,
        "to": 157,
        "distance_m": 1123.0,
        "name": "北三横街",
        "type": "street",
        "class": "ordinary_public_street"
      },
      "geometry": {
        "type": "LineString",
        "coordinates": [
          [
            108.95117,
            34.261416
          ],
          [
            108.963273,
            34.261416
          ]
        ]
      }
    },
    {
      "type": "Feature",
      "properties": {
        "from": 157,
        "to": 184,
        "distance_m": 1104.0,
        "name": "北三横街",
        "type": "street",
        "class": "ordinary_public_street"
      },
      "geometry": {
        "type": "LineString",
        "coordinates": [
          [
            108.963273,
            34.261416
          ],
          [
            108.975171,
            34.261416
          ]
        ]
      }
    },
    {
      "type": "Feature",
      "properties": {
        "from": 184,
        "to": 173,
        "distance_m": 24.0,
        "name": "北三横街",
        "type": "street",
        "class": "ordinary_public_street"
      },
      "geometry": {
        "type": "LineString",
        "coordinates": [
          [
            108.975171,
            34.261416
          ],
          [
            108.97543,
            34.261416
          ]
        ]
      }
    },
    {
      "type": "Feature",
      "properties": {
        "from": 173,
        "to": 47,
        "distance_m": 1179.0,
        "name": "北三横街",
        "type": "street",
        "class": "ordinary_public_street"
      },
      "geometry": {
        "type": "LineString",
        "coordinates": [
          [
            108.97543,
            34.261416
          ],
          [
            108.988136,
            34.261416
          ]
        ]
      }
    },
    {
      "type": "Feature",
      "properties": {
        "from": 47,
        "to": 224,
        "distance_m": 170.0,
        "name": "北三横街",
        "type": "street",
        "class": "ordinary_public_street"
      },
      "geometry": {
        "type": "LineString",
        "coordinates": [
          [
            108.988136,
            34.261416
          ],
          [
            108.989968,
            34.261416
          ]
        ]
      }
    },
    {
      "type": "Feature",
      "properties": {
        "from": 225,
        "to": 12,
        "distance_m": 30.0,
        "name": "开远门—通化门街",
        "type": "street",
        "class": "primary_public_street"
      },
      "geometry": {
        "type": "LineString",
        "coordinates": [
          [
            108.88308,
            34.269093
          ],
          [
            108.883404,
            34.269093
          ]
        ]
      }
    },
    {
      "type": "Feature",
      "properties": {
        "from": 12,
        "to": 65,
        "distance_m": 1163.0,
        "name": "开远门—通化门街",
        "type": "street",
        "class": "primary_public_street"
      },
      "geometry": {
        "type": "LineString",
        "coordinates": [
          [
            108.883404,
            34.269093
          ],
          [
            108.895938,
            34.269093
          ]
        ]
      }
    },
    {
      "type": "Feature",
      "properties": {
        "from": 65,
        "to": 81,
        "distance_m": 1110.5,
        "name": "开远门—通化门街",
        "type": "street",
        "class": "primary_public_street"
      },
      "geometry": {
        "type": "LineString",
        "coordinates": [
          [
            108.895938,
            34.269093
          ],
          [
            108.907906,
            34.269093
          ]
        ]
      }
    },
    {
      "type": "Feature",
      "properties": {
        "from": 81,
        "to": 95,
        "distance_m": 1105.5,
        "name": "开远门—通化门街",
        "type": "street",
        "class": "primary_public_street"
      },
      "geometry": {
        "type": "LineString",
        "coordinates": [
          [
            108.907906,
            34.269093
          ],
          [
            108.91982,
            34.269093
          ]
        ]
      }
    },
    {
      "type": "Feature",
      "properties": {
        "from": 95,
        "to": 226,
        "distance_m": 54.0,
        "name": "开远门—通化门街",
        "type": "street",
        "class": "primary_public_street"
      },
      "geometry": {
        "type": "LineString",
        "coordinates": [
          [
            108.91982,
            34.269093
          ],
          [
            108.920402,
            34.269093
          ]
        ]
      }
    },
    {
      "type": "Feature",
      "properties": {
        "from": 227,
        "to": 142,
        "distance_m": 67.0,
        "name": "开远门—通化门街",
        "type": "street",
        "class": "primary_public_street"
      },
      "geometry": {
        "type": "LineString",
        "coordinates": [
          [
            108.950448,
            34.269093
          ],
          [
            108.95117,
            34.269093
          ]
        ]
      }
    },
    {
      "type": "Feature",
      "properties": {
        "from": 142,
        "to": 178,
        "distance_m": 784.5,
        "name": "开远门—通化门街",
        "type": "street",
        "class": "primary_public_street"
      },
      "geometry": {
        "type": "LineString",
        "coordinates": [
          [
            108.95117,
            34.269093
          ],
          [
            108.959625,
            34.269093
          ]
        ]
      }
    },
    {
      "type": "Feature",
      "properties": {
        "from": 178,
        "to": 158,
        "distance_m": 338.5,
        "name": "开远门—通化门街",
        "type": "street",
        "class": "primary_public_street"
      },
      "geometry": {
        "type": "LineString",
        "coordinates": [
          [
            108.959625,
            34.269093
          ],
          [
            108.963273,
            34.269093
          ]
        ]
      }
    },
    {
      "type": "Feature",
      "properties": {
        "from": 158,
        "to": 175,
        "distance_m": 1128.0,
        "name": "开远门—通化门街",
        "type": "street",
        "class": "primary_public_street"
      },
      "geometry": {
        "type": "LineString",
        "coordinates": [
          [
            108.963273,
            34.269093
          ],
          [
            108.97543,
            34.269093
          ]
        ]
      }
    },
    {
      "type": "Feature",
      "properties": {
        "from": 175,
        "to": 49,
        "distance_m": 1179.0,
        "name": "开远门—通化门街",
        "type": "street",
        "class": "primary_public_street"
      },
      "geometry": {
        "type": "LineString",
        "coordinates": [
          [
            108.97543,
            34.269093
          ],
          [
            108.988136,
            34.269093
          ]
        ]
      }
    },
    {
      "type": "Feature",
      "properties": {
        "from": 49,
        "to": 228,
        "distance_m": 170.0,
        "name": "开远门—通化门街",
        "type": "street",
        "class": "primary_public_street"
      },
      "geometry": {
        "type": "LineString",
        "coordinates": [
          [
            108.988136,
            34.269093
          ],
          [
            108.989968,
            34.269093
          ]
        ]
      }
    },
    {
      "type": "Feature",
      "properties": {
        "from": 229,
        "to": 13,
        "distance_m": 30.0,
        "name": "北一横街",
        "type": "street",
        "class": "ordinary_public_street"
      },
      "geometry": {
        "type": "LineString",
        "coordinates": [
          [
            108.88308,
            34.275294
          ],
          [
            108.883404,
            34.275294
          ]
        ]
      }
    },
    {
      "type": "Feature",
      "properties": {
        "from": 13,
        "to": 66,
        "distance_m": 1163.0,
        "name": "北一横街",
        "type": "street",
        "class": "ordinary_public_street"
      },
      "geometry": {
        "type": "LineString",
        "coordinates": [
          [
            108.883404,
            34.275294
          ],
          [
            108.895938,
            34.275294
          ]
        ]
      }
    },
    {
      "type": "Feature",
      "properties": {
        "from": 66,
        "to": 82,
        "distance_m": 1110.5,
        "name": "北一横街",
        "type": "street",
        "class": "ordinary_public_street"
      },
      "geometry": {
        "type": "LineString",
        "coordinates": [
          [
            108.895938,
            34.275294
          ],
          [
            108.907906,
            34.275294
          ]
        ]
      }
    },
    {
      "type": "Feature",
      "properties": {
        "from": 82,
        "to": 96,
        "distance_m": 1105.5,
        "name": "北一横街",
        "type": "street",
        "class": "ordinary_public_street"
      },
      "geometry": {
        "type": "LineString",
        "coordinates": [
          [
            108.907906,
            34.275294
          ],
          [
            108.91982,
            34.275294
          ]
        ]
      }
    },
    {
      "type": "Feature",
      "properties": {
        "from": 96,
        "to": 230,
        "distance_m": 54.0,
        "name": "北一横街",
        "type": "street",
        "class": "ordinary_public_street"
      },
      "geometry": {
        "type": "LineString",
        "coordinates": [
          [
            108.91982,
            34.275294
          ],
          [
            108.920402,
            34.275294
          ]
        ]
      }
    },
    {
      "type": "Feature",
      "properties": {
        "from": 231,
        "to": 143,
        "distance_m": 67.0,
        "name": "北一横街",
        "type": "street",
        "class": "ordinary_public_street"
      },
      "geometry": {
        "type": "LineString",
        "coordinates": [
          [
            108.950448,
            34.275294
          ],
          [
            108.95117,
            34.275294
          ]
        ]
      }
    },
    {
      "type": "Feature",
      "properties": {
        "from": 143,
        "to": 180,
        "distance_m": 784.5,
        "name": "北一横街",
        "type": "street",
        "class": "ordinary_public_street"
      },
      "geometry": {
        "type": "LineString",
        "coordinates": [
          [
            108.95117,
            34.275294
          ],
          [
            108.959625,
            34.275294
          ]
        ]
      }
    },
    {
      "type": "Feature",
      "properties": {
        "from": 180,
        "to": 159,
        "distance_m": 338.5,
        "name": "北一横街",
        "type": "street",
        "class": "ordinary_public_street"
      },
      "geometry": {
        "type": "LineString",
        "coordinates": [
          [
            108.959625,
            34.275294
          ],
          [
            108.963273,
            34.275294
          ]
        ]
      }
    },
    {
      "type": "Feature",
      "properties": {
        "from": 159,
        "to": 176,
        "distance_m": 1128.0,
        "name": "北一横街",
        "type": "street",
        "class": "ordinary_public_street"
      },
      "geometry": {
        "type": "LineString",
        "coordinates": [
          [
            108.963273,
            34.275294
          ],
          [
            108.97543,
            34.275294
          ]
        ]
      }
    },
    {
      "type": "Feature",
      "properties": {
        "from": 176,
        "to": 50,
        "distance_m": 1179.0,
        "name": "北一横街",
        "type": "street",
        "class": "ordinary_public_street"
      },
      "geometry": {
        "type": "LineString",
        "coordinates": [
          [
            108.97543,
            34.275294
          ],
          [
            108.988136,
            34.275294
          ]
        ]
      }
    },
    {
      "type": "Feature",
      "properties": {
        "from": 50,
        "to": 232,
        "distance_m": 170.0,
        "name": "北一横街",
        "type": "street",
        "class": "ordinary_public_street"
      },
      "geometry": {
        "type": "LineString",
        "coordinates": [
          [
            108.988136,
            34.275294
          ],
          [
            108.989968,
            34.275294
          ]
        ]
      }
    },
    {
      "type": "Feature",
      "properties": {
        "from": 186,
        "to": 174,
        "distance_m": 24.0,
        "name": "兴庆宫北街",
        "type": "street",
        "class": "ordinary_public_street"
      },
      "geometry": {
        "type": "LineString",
        "coordinates": [
          [
            108.975171,
            34.263633
          ],
          [
            108.97543,
            34.263633
          ]
        ]
      }
    },
    {
      "type": "Feature",
      "properties": {
        "from": 174,
        "to": 233,
        "distance_m": 34.0,
        "name": "兴庆宫北街",
        "type": "street",
        "class": "ordinary_public_street"
      },
      "geometry": {
        "type": "LineString",
        "coordinates": [
          [
            108.97543,
            34.263633
          ],
          [
            108.975796,
            34.263633
          ]
        ]
      }
    },
    {
      "type": "Feature",
      "properties": {
        "from": 233,
        "to": 234,
        "distance_m": 1115.0,
        "name": "兴庆宫北街",
        "type": "street",
        "class": "ordinary_public_street"
      },
      "geometry": {
        "type": "LineString",
        "coordinates": [
          [
            108.975796,
            34.263633
          ],
          [
            108.987813,
            34.263633
          ]
        ]
      }
    },
    {
      "type": "Feature",
      "properties": {
        "from": 234,
        "to": 48,
        "distance_m": 30.0,
        "name": "兴庆宫北街",
        "type": "street",
        "class": "ordinary_public_street"
      },
      "geometry": {
        "type": "LineString",
        "coordinates": [
          [
            108.987813,
            34.263633
          ],
          [
            108.988136,
            34.263633
          ]
        ]
      }
    },
    {
      "type": "Feature",
      "properties": {
        "from": 204,
        "to": 235,
        "distance_m": 20.0,
        "name": "西市西侧周街",
        "type": "street",
        "class": "market_perimeter_public"
      },
      "geometry": {
        "type": "LineString",
        "coordinates": [
          [
            108.896541,
            34.242776
          ],
          [
            108.896541,
            34.242953
          ]
        ]
      }
    },
    {
      "type": "Feature",
      "properties": {
        "from": 235,
        "to": 236,
        "distance_m": 40.0,
        "name": "西市西侧周街",
        "type": "street",
        "class": "market_perimeter_public"
      },
      "geometry": {
        "type": "LineString",
        "coordinates": [
          [
            108.896541,
            34.242953
          ],
          [
            108.896541,
            34.243306
          ]
        ]
      }
    },
    {
      "type": "Feature",
      "properties": {
        "from": 236,
        "to": 195,
        "distance_m": 512.0,
        "name": "西市西侧周街",
        "type": "street",
        "class": "market_perimeter_public"
      },
      "geometry": {
        "type": "LineString",
        "coordinates": [
          [
            108.896541,
            34.243306
          ],
          [
            108.896541,
            34.247829
          ]
        ]
      }
    },
    {
      "type": "Feature",
      "properties": {
        "from": 195,
        "to": 237,
        "distance_m": 502.0,
        "name": "西市西侧周街",
        "type": "street",
        "class": "market_perimeter_public"
      },
      "geometry": {
        "type": "LineString",
        "coordinates": [
          [
            108.896541,
            34.247829
          ],
          [
            108.896541,
            34.252264
          ]
        ]
      }
    },
    {
      "type": "Feature",
      "properties": {
        "from": 237,
        "to": 238,
        "distance_m": 40.0,
        "name": "西市西侧周街",
        "type": "street",
        "class": "market_perimeter_public"
      },
      "geometry": {
        "type": "LineString",
        "coordinates": [
          [
            108.896541,
            34.252264
          ],
          [
            108.896541,
            34.252617
          ]
        ]
      }
    },
    {
      "type": "Feature",
      "properties": {
        "from": 238,
        "to": 188,
        "distance_m": 60.0,
        "name": "西市西侧周街",
        "type": "street",
        "class": "market_perimeter_public"
      },
      "geometry": {
        "type": "LineString",
        "coordinates": [
          [
            108.896541,
            34.252617
          ],
          [
            108.896541,
            34.253147
          ]
        ]
      }
    },
    {
      "type": "Feature",
      "properties": {
        "from": 205,
        "to": 239,
        "distance_m": 20.0,
        "name": "西市东侧周街",
        "type": "street",
        "class": "market_perimeter_public"
      },
      "geometry": {
        "type": "LineString",
        "coordinates": [
          [
            108.907189,
            34.242776
          ],
          [
            108.907189,
            34.242953
          ]
        ]
      }
    },
    {
      "type": "Feature",
      "properties": {
        "from": 239,
        "to": 240,
        "distance_m": 40.0,
        "name": "西市东侧周街",
        "type": "street",
        "class": "market_perimeter_public"
      },
      "geometry": {
        "type": "LineString",
        "coordinates": [
          [
            108.907189,
            34.242953
          ],
          [
            108.907189,
            34.243306
          ]
        ]
      }
    },
    {
      "type": "Feature",
      "properties": {
        "from": 240,
        "to": 196,
        "distance_m": 512.0,
        "name": "西市东侧周街",
        "type": "street",
        "class": "market_perimeter_public"
      },
      "geometry": {
        "type": "LineString",
        "coordinates": [
          [
            108.907189,
            34.243306
          ],
          [
            108.907189,
            34.247829
          ]
        ]
      }
    },
    {
      "type": "Feature",
      "properties": {
        "from": 196,
        "to": 241,
        "distance_m": 502.0,
        "name": "西市东侧周街",
        "type": "street",
        "class": "market_perimeter_public"
      },
      "geometry": {
        "type": "LineString",
        "coordinates": [
          [
            108.907189,
            34.247829
          ],
          [
            108.907189,
            34.252264
          ]
        ]
      }
    },
    {
      "type": "Feature",
      "properties": {
        "from": 241,
        "to": 242,
        "distance_m": 40.0,
        "name": "西市东侧周街",
        "type": "street",
        "class": "market_perimeter_public"
      },
      "geometry": {
        "type": "LineString",
        "coordinates": [
          [
            108.907189,
            34.252264
          ],
          [
            108.907189,
            34.252617
          ]
        ]
      }
    },
    {
      "type": "Feature",
      "properties": {
        "from": 242,
        "to": 189,
        "distance_m": 60.0,
        "name": "西市东侧周街",
        "type": "street",
        "class": "market_perimeter_public"
      },
      "geometry": {
        "type": "LineString",
        "coordinates": [
          [
            108.907189,
            34.252617
          ],
          [
            108.907189,
            34.253147
          ]
        ]
      }
    },
    {
      "type": "Feature",
      "properties": {
        "from": 60,
        "to": 243,
        "distance_m": 21.0,
        "name": "西市南侧周街",
        "type": "street",
        "class": "market_perimeter_public"
      },
      "geometry": {
        "type": "LineString",
        "coordinates": [
          [
            108.895938,
            34.243306
          ],
          [
            108.896164,
            34.243306
          ]
        ]
      }
    },
    {
      "type": "Feature",
      "properties": {
        "from": 243,
        "to": 236,
        "distance_m": 35.0,
        "name": "西市南侧周街",
        "type": "street",
        "class": "market_perimeter_public"
      },
      "geometry": {
        "type": "LineString",
        "coordinates": [
          [
            108.896164,
            34.243306
          ],
          [
            108.896541,
            34.243306
          ]
        ]
      }
    },
    {
      "type": "Feature",
      "properties": {
        "from": 236,
        "to": 240,
        "distance_m": 988.0,
        "name": "西市南侧周街",
        "type": "street",
        "class": "market_perimeter_public"
      },
      "geometry": {
        "type": "LineString",
        "coordinates": [
          [
            108.896541,
            34.243306
          ],
          [
            108.907189,
            34.243306
          ]
        ]
      }
    },
    {
      "type": "Feature",
      "properties": {
        "from": 240,
        "to": 244,
        "distance_m": 35.0,
        "name": "西市南侧周街",
        "type": "street",
        "class": "market_perimeter_public"
      },
      "geometry": {
        "type": "LineString",
        "coordinates": [
          [
            108.907189,
            34.243306
          ],
          [
            108.907566,
            34.243306
          ]
        ]
      }
    },
    {
      "type": "Feature",
      "properties": {
        "from": 244,
        "to": 76,
        "distance_m": 31.5,
        "name": "西市南侧周街",
        "type": "street",
        "class": "market_perimeter_public"
      },
      "geometry": {
        "type": "LineString",
        "coordinates": [
          [
            108.907566,
            34.243306
          ],
          [
            108.907906,
            34.243306
          ]
        ]
      }
    },
    {
      "type": "Feature",
      "properties": {
        "from": 62,
        "to": 245,
        "distance_m": 21.0,
        "name": "西市北侧周街",
        "type": "street",
        "class": "market_perimeter_public"
      },
      "geometry": {
        "type": "LineString",
        "coordinates": [
          [
            108.895938,
            34.252264
          ],
          [
            108.896164,
            34.252264
          ]
        ]
      }
    },
    {
      "type": "Feature",
      "properties": {
        "from": 245,
        "to": 237,
        "distance_m": 35.0,
        "name": "西市北侧周街",
        "type": "street",
        "class": "market_perimeter_public"
      },
      "geometry": {
        "type": "LineString",
        "coordinates": [
          [
            108.896164,
            34.252264
          ],
          [
            108.896541,
            34.252264
          ]
        ]
      }
    },
    {
      "type": "Feature",
      "properties": {
        "from": 237,
        "to": 241,
        "distance_m": 988.0,
        "name": "西市北侧周街",
        "type": "street",
        "class": "market_perimeter_public"
      },
      "geometry": {
        "type": "LineString",
        "coordinates": [
          [
            108.896541,
            34.252264
          ],
          [
            108.907189,
            34.252264
          ]
        ]
      }
    },
    {
      "type": "Feature",
      "properties": {
        "from": 241,
        "to": 246,
        "distance_m": 35.0,
        "name": "西市北侧周街",
        "type": "street",
        "class": "market_perimeter_public"
      },
      "geometry": {
        "type": "LineString",
        "coordinates": [
          [
            108.907189,
            34.252264
          ],
          [
            108.907566,
            34.252264
          ]
        ]
      }
    },
    {
      "type": "Feature",
      "properties": {
        "from": 246,
        "to": 78,
        "distance_m": 31.5,
        "name": "西市北侧周街",
        "type": "street",
        "class": "market_perimeter_public"
      },
      "geometry": {
        "type": "LineString",
        "coordinates": [
          [
            108.907566,
            34.252264
          ],
          [
            108.907906,
            34.252264
          ]
        ]
      }
    },
    {
      "type": "Feature",
      "properties": {
        "from": 206,
        "to": 247,
        "distance_m": 20.0,
        "name": "东市西侧周街",
        "type": "street",
        "class": "market_perimeter_public"
      },
      "geometry": {
        "type": "LineString",
        "coordinates": [
          [
            108.964017,
            34.242776
          ],
          [
            108.964017,
            34.242953
          ]
        ]
      }
    },
    {
      "type": "Feature",
      "properties": {
        "from": 247,
        "to": 248,
        "distance_m": 40.0,
        "name": "东市西侧周街",
        "type": "street",
        "class": "market_perimeter_public"
      },
      "geometry": {
        "type": "LineString",
        "coordinates": [
          [
            108.964017,
            34.242953
          ],
          [
            108.964017,
            34.243306
          ]
        ]
      }
    },
    {
      "type": "Feature",
      "properties": {
        "from": 248,
        "to": 199,
        "distance_m": 512.0,
        "name": "东市西侧周街",
        "type": "street",
        "class": "market_perimeter_public"
      },
      "geometry": {
        "type": "LineString",
        "coordinates": [
          [
            108.964017,
            34.243306
          ],
          [
            108.964017,
            34.247829
          ]
        ]
      }
    },
    {
      "type": "Feature",
      "properties": {
        "from": 199,
        "to": 249,
        "distance_m": 502.0,
        "name": "东市西侧周街",
        "type": "street",
        "class": "market_perimeter_public"
      },
      "geometry": {
        "type": "LineString",
        "coordinates": [
          [
            108.964017,
            34.247829
          ],
          [
            108.964017,
            34.252264
          ]
        ]
      }
    },
    {
      "type": "Feature",
      "properties": {
        "from": 249,
        "to": 250,
        "distance_m": 40.0,
        "name": "东市西侧周街",
        "type": "street",
        "class": "market_perimeter_public"
      },
      "geometry": {
        "type": "LineString",
        "coordinates": [
          [
            108.964017,
            34.252264
          ],
          [
            108.964017,
            34.252617
          ]
        ]
      }
    },
    {
      "type": "Feature",
      "properties": {
        "from": 250,
        "to": 190,
        "distance_m": 60.0,
        "name": "东市西侧周街",
        "type": "street",
        "class": "market_perimeter_public"
      },
      "geometry": {
        "type": "LineString",
        "coordinates": [
          [
            108.964017,
            34.252617
          ],
          [
            108.964017,
            34.253147
          ]
        ]
      }
    },
    {
      "type": "Feature",
      "properties": {
        "from": 207,
        "to": 251,
        "distance_m": 20.0,
        "name": "东市东侧周街",
        "type": "street",
        "class": "market_perimeter_public"
      },
      "geometry": {
        "type": "LineString",
        "coordinates": [
          [
            108.974686,
            34.242776
          ],
          [
            108.974686,
            34.242953
          ]
        ]
      }
    },
    {
      "type": "Feature",
      "properties": {
        "from": 251,
        "to": 252,
        "distance_m": 40.0,
        "name": "东市东侧周街",
        "type": "street",
        "class": "market_perimeter_public"
      },
      "geometry": {
        "type": "LineString",
        "coordinates": [
          [
            108.974686,
            34.242953
          ],
          [
            108.974686,
            34.243306
          ]
        ]
      }
    },
    {
      "type": "Feature",
      "properties": {
        "from": 252,
        "to": 200,
        "distance_m": 512.0,
        "name": "东市东侧周街",
        "type": "street",
        "class": "market_perimeter_public"
      },
      "geometry": {
        "type": "LineString",
        "coordinates": [
          [
            108.974686,
            34.243306
          ],
          [
            108.974686,
            34.247829
          ]
        ]
      }
    },
    {
      "type": "Feature",
      "properties": {
        "from": 200,
        "to": 253,
        "distance_m": 502.0,
        "name": "东市东侧周街",
        "type": "street",
        "class": "market_perimeter_public"
      },
      "geometry": {
        "type": "LineString",
        "coordinates": [
          [
            108.974686,
            34.247829
          ],
          [
            108.974686,
            34.252264
          ]
        ]
      }
    },
    {
      "type": "Feature",
      "properties": {
        "from": 253,
        "to": 254,
        "distance_m": 40.0,
        "name": "东市东侧周街",
        "type": "street",
        "class": "market_perimeter_public"
      },
      "geometry": {
        "type": "LineString",
        "coordinates": [
          [
            108.974686,
            34.252264
          ],
          [
            108.974686,
            34.252617
          ]
        ]
      }
    },
    {
      "type": "Feature",
      "properties": {
        "from": 254,
        "to": 191,
        "distance_m": 60.0,
        "name": "东市东侧周街",
        "type": "street",
        "class": "market_perimeter_public"
      },
      "geometry": {
        "type": "LineString",
        "coordinates": [
          [
            108.974686,
            34.252617
          ],
          [
            108.974686,
            34.253147
          ]
        ]
      }
    },
    {
      "type": "Feature",
      "properties": {
        "from": 153,
        "to": 255,
        "distance_m": 34.0,
        "name": "东市南侧周街",
        "type": "street",
        "class": "market_perimeter_public"
      },
      "geometry": {
        "type": "LineString",
        "coordinates": [
          [
            108.963273,
            34.243306
          ],
          [
            108.963639,
            34.243306
          ]
        ]
      }
    },
    {
      "type": "Feature",
      "properties": {
        "from": 255,
        "to": 248,
        "distance_m": 35.0,
        "name": "东市南侧周街",
        "type": "street",
        "class": "market_perimeter_public"
      },
      "geometry": {
        "type": "LineString",
        "coordinates": [
          [
            108.963639,
            34.243306
          ],
          [
            108.964017,
            34.243306
          ]
        ]
      }
    },
    {
      "type": "Feature",
      "properties": {
        "from": 248,
        "to": 252,
        "distance_m": 990.0,
        "name": "东市南侧周街",
        "type": "street",
        "class": "market_perimeter_public"
      },
      "geometry": {
        "type": "LineString",
        "coordinates": [
          [
            108.964017,
            34.243306
          ],
          [
            108.974686,
            34.243306
          ]
        ]
      }
    },
    {
      "type": "Feature",
      "properties": {
        "from": 252,
        "to": 256,
        "distance_m": 35.0,
        "name": "东市南侧周街",
        "type": "street",
        "class": "market_perimeter_public"
      },
      "geometry": {
        "type": "LineString",
        "coordinates": [
          [
            108.974686,
            34.243306
          ],
          [
            108.975063,
            34.243306
          ]
        ]
      }
    },
    {
      "type": "Feature",
      "properties": {
        "from": 256,
        "to": 169,
        "distance_m": 34.0,
        "name": "东市南侧周街",
        "type": "street",
        "class": "market_perimeter_public"
      },
      "geometry": {
        "type": "LineString",
        "coordinates": [
          [
            108.975063,
            34.243306
          ],
          [
            108.97543,
            34.243306
          ]
        ]
      }
    },
    {
      "type": "Feature",
      "properties": {
        "from": 155,
        "to": 257,
        "distance_m": 34.0,
        "name": "东市北侧周街",
        "type": "street",
        "class": "market_perimeter_public"
      },
      "geometry": {
        "type": "LineString",
        "coordinates": [
          [
            108.963273,
            34.252264
          ],
          [
            108.963639,
            34.252264
          ]
        ]
      }
    },
    {
      "type": "Feature",
      "properties": {
        "from": 257,
        "to": 249,
        "distance_m": 35.0,
        "name": "东市北侧周街",
        "type": "street",
        "class": "market_perimeter_public"
      },
      "geometry": {
        "type": "LineString",
        "coordinates": [
          [
            108.963639,
            34.252264
          ],
          [
            108.964017,
            34.252264
          ]
        ]
      }
    },
    {
      "type": "Feature",
      "properties": {
        "from": 249,
        "to": 253,
        "distance_m": 990.0,
        "name": "东市北侧周街",
        "type": "street",
        "class": "market_perimeter_public"
      },
      "geometry": {
        "type": "LineString",
        "coordinates": [
          [
            108.964017,
            34.252264
          ],
          [
            108.974686,
            34.252264
          ]
        ]
      }
    },
    {
      "type": "Feature",
      "properties": {
        "from": 253,
        "to": 258,
        "distance_m": 35.0,
        "name": "东市北侧周街",
        "type": "street",
        "class": "market_perimeter_public"
      },
      "geometry": {
        "type": "LineString",
        "coordinates": [
          [
            108.974686,
            34.252264
          ],
          [
            108.975063,
            34.252264
          ]
        ]
      }
    },
    {
      "type": "Feature",
      "properties": {
        "from": 258,
        "to": 171,
        "distance_m": 34.0,
        "name": "东市北侧周街",
        "type": "street",
        "class": "market_perimeter_public"
      },
      "geometry": {
        "type": "LineString",
        "coordinates": [
          [
            108.975063,
            34.252264
          ],
          [
            108.97543,
            34.252264
          ]
        ]
      }
    },
    {
      "type": "Feature",
      "properties": {
        "from": 260,
        "to": 9,
        "distance_m": 282.0,
        "name": "西侧居民环城街",
        "type": "street",
        "class": "public_inner_wall_street"
      },
      "geometry": {
        "type": "LineString",
        "coordinates": [
          [
            108.883404,
            34.25032
          ],
          [
            108.883404,
            34.247829
          ]
        ]
      }
    },
    {
      "type": "Feature",
      "properties": {
        "from": 260,
        "to": 10,
        "distance_m": 320.0,
        "name": "西侧居民环城街",
        "type": "street",
        "class": "public_inner_wall_street"
      },
      "geometry": {
        "type": "LineString",
        "coordinates": [
          [
            108.883404,
            34.25032
          ],
          [
            108.883404,
            34.253147
          ]
        ]
      }
    },
    {
      "type": "Feature",
      "properties": {
        "from": 259,
        "to": 260,
        "distance_m": 30.0,
        "name": "坊门—街道连接",
        "type": "connector",
        "class": "connector"
      },
      "geometry": {
        "type": "LineString",
        "coordinates": [
          [
            108.883727,
            34.25032
          ],
          [
            108.883404,
            34.25032
          ]
        ]
      }
    },
    {
      "type": "Feature",
      "properties": {
        "from": 262,
        "to": 61,
        "distance_m": 282.0,
        "name": "光化门街（朱雀街西第四街）",
        "type": "street",
        "class": "ordinary_public_street"
      },
      "geometry": {
        "type": "LineString",
        "coordinates": [
          [
            108.895938,
            34.25032
          ],
          [
            108.895938,
            34.247829
          ]
        ]
      }
    },
    {
      "type": "Feature",
      "properties": {
        "from": 262,
        "to": 62,
        "distance_m": 220.0,
        "name": "光化门街（朱雀街西第四街）",
        "type": "street",
        "class": "ordinary_public_street"
      },
      "geometry": {
        "type": "LineString",
        "coordinates": [
          [
            108.895938,
            34.25032
          ],
          [
            108.895938,
            34.252264
          ]
        ]
      }
    },
    {
      "type": "Feature",
      "properties": {
        "from": 261,
        "to": 262,
        "distance_m": 21.0,
        "name": "坊门—街道连接",
        "type": "connector",
        "class": "connector"
      },
      "geometry": {
        "type": "LineString",
        "coordinates": [
          [
            108.895711,
            34.25032
          ],
          [
            108.895938,
            34.25032
          ]
        ]
      }
    },
    {
      "type": "Feature",
      "properties": {
        "from": 264,
        "to": 9,
        "distance_m": 586.0,
        "name": "皇城南第二横街",
        "type": "street",
        "class": "ordinary_public_street"
      },
      "geometry": {
        "type": "LineString",
        "coordinates": [
          [
            108.889719,
            34.247829
          ],
          [
            108.883404,
            34.247829
          ]
        ]
      }
    },
    {
      "type": "Feature",
      "properties": {
        "from": 264,
        "to": 61,
        "distance_m": 577.0,
        "name": "皇城南第二横街",
        "type": "street",
        "class": "ordinary_public_street"
      },
      "geometry": {
        "type": "LineString",
        "coordinates": [
          [
            108.889719,
            34.247829
          ],
          [
            108.895938,
            34.247829
          ]
        ]
      }
    },
    {
      "type": "Feature",
      "properties": {
        "from": 263,
        "to": 264,
        "distance_m": 22.0,
        "name": "坊门—街道连接",
        "type": "connector",
        "class": "connector"
      },
      "geometry": {
        "type": "LineString",
        "coordinates": [
          [
            108.889719,
            34.248024
          ],
          [
            108.889719,
            34.247829
          ]
        ]
      }
    },
    {
      "type": "Feature",
      "properties": {
        "from": 266,
        "to": 10,
        "distance_m": 586.0,
        "name": "金光门—春明门街",
        "type": "street",
        "class": "primary_public_street"
      },
      "geometry": {
        "type": "LineString",
        "coordinates": [
          [
            108.889719,
            34.253147
          ],
          [
            108.883404,
            34.253147
          ]
        ]
      }
    },
    {
      "type": "Feature",
      "properties": {
        "from": 266,
        "to": 63,
        "distance_m": 577.0,
        "name": "金光门—春明门街",
        "type": "street",
        "class": "primary_public_street"
      },
      "geometry": {
        "type": "LineString",
        "coordinates": [
          [
            108.889719,
            34.253147
          ],
          [
            108.895938,
            34.253147
          ]
        ]
      }
    },
    {
      "type": "Feature",
      "properties": {
        "from": 265,
        "to": 266,
        "distance_m": 60.0,
        "name": "坊门—街道连接",
        "type": "connector",
        "class": "connector"
      },
      "geometry": {
        "type": "LineString",
        "coordinates": [
          [
            108.889719,
            34.252617
          ],
          [
            108.889719,
            34.253147
          ]
        ]
      }
    },
    {
      "type": "Feature",
      "properties": {
        "from": 268,
        "to": 77,
        "distance_m": 282.0,
        "name": "景耀门街（朱雀街西第三街）",
        "type": "street",
        "class": "ordinary_public_street"
      },
      "geometry": {
        "type": "LineString",
        "coordinates": [
          [
            108.907906,
            34.25032
          ],
          [
            108.907906,
            34.247829
          ]
        ]
      }
    },
    {
      "type": "Feature",
      "properties": {
        "from": 268,
        "to": 78,
        "distance_m": 220.0,
        "name": "景耀门街（朱雀街西第三街）",
        "type": "street",
        "class": "ordinary_public_street"
      },
      "geometry": {
        "type": "LineString",
        "coordinates": [
          [
            108.907906,
            34.25032
          ],
          [
            108.907906,
            34.252264
          ]
        ]
      }
    },
    {
      "type": "Feature",
      "properties": {
        "from": 267,
        "to": 268,
        "distance_m": 31.5,
        "name": "坊门—街道连接",
        "type": "connector",
        "class": "connector"
      },
      "geometry": {
        "type": "LineString",
        "coordinates": [
          [
            108.908245,
            34.25032
          ],
          [
            108.907906,
            34.25032
          ]
        ]
      }
    },
    {
      "type": "Feature",
      "properties": {
        "from": 270,
        "to": 92,
        "distance_m": 282.0,
        "name": "安化门—芳林门街（皇城西街）",
        "type": "street",
        "class": "primary_public_street"
      },
      "geometry": {
        "type": "LineString",
        "coordinates": [
          [
            108.91982,
            34.25032
          ],
          [
            108.91982,
            34.247829
          ]
        ]
      }
    },
    {
      "type": "Feature",
      "properties": {
        "from": 270,
        "to": 93,
        "distance_m": 320.0,
        "name": "安化门—芳林门街（皇城西街）",
        "type": "street",
        "class": "primary_public_street"
      },
      "geometry": {
        "type": "LineString",
        "coordinates": [
          [
            108.91982,
            34.25032
          ],
          [
            108.91982,
            34.253147
          ]
        ]
      }
    },
    {
      "type": "Feature",
      "properties": {
        "from": 269,
        "to": 270,
        "distance_m": 54.0,
        "name": "坊门—街道连接",
        "type": "connector",
        "class": "connector"
      },
      "geometry": {
        "type": "LineString",
        "coordinates": [
          [
            108.919238,
            34.25032
          ],
          [
            108.91982,
            34.25032
          ]
        ]
      }
    },
    {
      "type": "Feature",
      "properties": {
        "from": 272,
        "to": 77,
        "distance_m": 541.5,
        "name": "皇城南第二横街",
        "type": "street",
        "class": "ordinary_public_street"
      },
      "geometry": {
        "type": "LineString",
        "coordinates": [
          [
            108.913741,
            34.247829
          ],
          [
            108.907906,
            34.247829
          ]
        ]
      }
    },
    {
      "type": "Feature",
      "properties": {
        "from": 272,
        "to": 92,
        "distance_m": 564.0,
        "name": "皇城南第二横街",
        "type": "street",
        "class": "ordinary_public_street"
      },
      "geometry": {
        "type": "LineString",
        "coordinates": [
          [
            108.913741,
            34.247829
          ],
          [
            108.91982,
            34.247829
          ]
        ]
      }
    },
    {
      "type": "Feature",
      "properties": {
        "from": 271,
        "to": 272,
        "distance_m": 22.0,
        "name": "坊门—街道连接",
        "type": "connector",
        "class": "connector"
      },
      "geometry": {
        "type": "LineString",
        "coordinates": [
          [
            108.913741,
            34.248024
          ],
          [
            108.913741,
            34.247829
          ]
        ]
      }
    },
    {
      "type": "Feature",
      "properties": {
        "from": 274,
        "to": 79,
        "distance_m": 541.5,
        "name": "金光门—春明门街",
        "type": "street",
        "class": "primary_public_street"
      },
      "geometry": {
        "type": "LineString",
        "coordinates": [
          [
            108.913741,
            34.253147
          ],
          [
            108.907906,
            34.253147
          ]
        ]
      }
    },
    {
      "type": "Feature",
      "properties": {
        "from": 274,
        "to": 93,
        "distance_m": 564.0,
        "name": "金光门—春明门街",
        "type": "street",
        "class": "primary_public_street"
      },
      "geometry": {
        "type": "LineString",
        "coordinates": [
          [
            108.913741,
            34.253147
          ],
          [
            108.91982,
            34.253147
          ]
        ]
      }
    },
    {
      "type": "Feature",
      "properties": {
        "from": 273,
        "to": 274,
        "distance_m": 60.0,
        "name": "坊门—街道连接",
        "type": "connector",
        "class": "connector"
      },
      "geometry": {
        "type": "LineString",
        "coordinates": [
          [
            108.913741,
            34.252617
          ],
          [
            108.913741,
            34.253147
          ]
        ]
      }
    },
    {
      "type": "Feature",
      "properties": {
        "from": 275,
        "to": 270,
        "distance_m": 54.0,
        "name": "坊门—街道连接",
        "type": "connector",
        "class": "connector"
      },
      "geometry": {
        "type": "LineString",
        "coordinates": [
          [
            108.920402,
            34.25032
          ],
          [
            108.91982,
            34.25032
          ]
        ]
      }
    },
    {
      "type": "Feature",
      "properties": {
        "from": 277,
        "to": 106,
        "distance_m": 282.0,
        "name": "含光门街（朱雀街西第一街）",
        "type": "street",
        "class": "ordinary_public_street"
      },
      "geometry": {
        "type": "LineString",
        "coordinates": [
          [
            108.928102,
            34.25032
          ],
          [
            108.928102,
            34.247829
          ]
        ]
      }
    },
    {
      "type": "Feature",
      "properties": {
        "from": 277,
        "to": 107,
        "distance_m": 320.0,
        "name": "含光门街（朱雀街西第一街）",
        "type": "street",
        "class": "ordinary_public_street"
      },
      "geometry": {
        "type": "LineString",
        "coordinates": [
          [
            108.928102,
            34.25032
          ],
          [
            108.928102,
            34.253147
          ]
        ]
      }
    },
    {
      "type": "Feature",
      "properties": {
        "from": 276,
        "to": 277,
        "distance_m": 31.5,
        "name": "坊门—街道连接",
        "type": "connector",
        "class": "connector"
      },
      "geometry": {
        "type": "LineString",
        "coordinates": [
          [
            108.927762,
            34.25032
          ],
          [
            108.928102,
            34.25032
          ]
        ]
      }
    },
    {
      "type": "Feature",
      "properties": {
        "from": 278,
        "to": 277,
        "distance_m": 31.5,
        "name": "坊门—街道连接",
        "type": "connector",
        "class": "connector"
      },
      "geometry": {
        "type": "LineString",
        "coordinates": [
          [
            108.928441,
            34.25032
          ],
          [
            108.928102,
            34.25032
          ]
        ]
      }
    },
    {
      "type": "Feature",
      "properties": {
        "from": 280,
        "to": 117,
        "distance_m": 282.0,
        "name": "朱雀大街（明德门—朱雀门街）",
        "type": "street",
        "class": "primary_public_street"
      },
      "geometry": {
        "type": "LineString",
        "coordinates": [
          [
            108.93529,
            34.25032
          ],
          [
            108.93529,
            34.247829
          ]
        ]
      }
    },
    {
      "type": "Feature",
      "properties": {
        "from": 280,
        "to": 118,
        "distance_m": 320.0,
        "name": "朱雀大街（明德门—朱雀门街）",
        "type": "street",
        "class": "primary_public_street"
      },
      "geometry": {
        "type": "LineString",
        "coordinates": [
          [
            108.93529,
            34.25032
          ],
          [
            108.93529,
            34.253147
          ]
        ]
      }
    },
    {
      "type": "Feature",
      "properties": {
        "from": 279,
        "to": 280,
        "distance_m": 77.5,
        "name": "坊门—街道连接",
        "type": "connector",
        "class": "connector"
      },
      "geometry": {
        "type": "LineString",
        "coordinates": [
          [
            108.934455,
            34.25032
          ],
          [
            108.93529,
            34.25032
          ]
        ]
      }
    },
    {
      "type": "Feature",
      "properties": {
        "from": 281,
        "to": 280,
        "distance_m": 77.5,
        "name": "坊门—街道连接",
        "type": "connector",
        "class": "connector"
      },
      "geometry": {
        "type": "LineString",
        "coordinates": [
          [
            108.936125,
            34.25032
          ],
          [
            108.93529,
            34.25032
          ]
        ]
      }
    },
    {
      "type": "Feature",
      "properties": {
        "from": 283,
        "to": 128,
        "distance_m": 282.0,
        "name": "安上门街（朱雀街东第一街）",
        "type": "street",
        "class": "ordinary_public_street"
      },
      "geometry": {
        "type": "LineString",
        "coordinates": [
          [
            108.942543,
            34.25032
          ],
          [
            108.942543,
            34.247829
          ]
        ]
      }
    },
    {
      "type": "Feature",
      "properties": {
        "from": 283,
        "to": 129,
        "distance_m": 320.0,
        "name": "安上门街（朱雀街东第一街）",
        "type": "street",
        "class": "ordinary_public_street"
      },
      "geometry": {
        "type": "LineString",
        "coordinates": [
          [
            108.942543,
            34.25032
          ],
          [
            108.942543,
            34.253147
          ]
        ]
      }
    },
    {
      "type": "Feature",
      "properties": {
        "from": 282,
        "to": 283,
        "distance_m": 33.5,
        "name": "坊门—街道连接",
        "type": "connector",
        "class": "connector"
      },
      "geometry": {
        "type": "LineString",
        "coordinates": [
          [
            108.942182,
            34.25032
          ],
          [
            108.942543,
            34.25032
          ]
        ]
      }
    },
    {
      "type": "Feature",
      "properties": {
        "from": 284,
        "to": 283,
        "distance_m": 33.5,
        "name": "坊门—街道连接",
        "type": "connector",
        "class": "connector"
      },
      "geometry": {
        "type": "LineString",
        "coordinates": [
          [
            108.942904,
            34.25032
          ],
          [
            108.942543,
            34.25032
          ]
        ]
      }
    },
    {
      "type": "Feature",
      "properties": {
        "from": 286,
        "to": 139,
        "distance_m": 282.0,
        "name": "启夏门—兴安门街（皇城东街）",
        "type": "street",
        "class": "primary_public_street"
      },
      "geometry": {
        "type": "LineString",
        "coordinates": [
          [
            108.95117,
            34.25032
          ],
          [
            108.95117,
            34.247829
          ]
        ]
      }
    },
    {
      "type": "Feature",
      "properties": {
        "from": 286,
        "to": 140,
        "distance_m": 320.0,
        "name": "启夏门—兴安门街（皇城东街）",
        "type": "street",
        "class": "primary_public_street"
      },
      "geometry": {
        "type": "LineString",
        "coordinates": [
          [
            108.95117,
            34.25032
          ],
          [
            108.95117,
            34.253147
          ]
        ]
      }
    },
    {
      "type": "Feature",
      "properties": {
        "from": 285,
        "to": 286,
        "distance_m": 67.0,
        "name": "坊门—街道连接",
        "type": "connector",
        "class": "connector"
      },
      "geometry": {
        "type": "LineString",
        "coordinates": [
          [
            108.950448,
            34.25032
          ],
          [
            108.95117,
            34.25032
          ]
        ]
      }
    },
    {
      "type": "Feature",
      "properties": {
        "from": 287,
        "to": 286,
        "distance_m": 67.0,
        "name": "坊门—街道连接",
        "type": "connector",
        "class": "connector"
      },
      "geometry": {
        "type": "LineString",
        "coordinates": [
          [
            108.951892,
            34.25032
          ],
          [
            108.95117,
            34.25032
          ]
        ]
      }
    },
    {
      "type": "Feature",
      "properties": {
        "from": 289,
        "to": 154,
        "distance_m": 282.0,
        "name": "朱雀街东第三街",
        "type": "street",
        "class": "ordinary_public_street"
      },
      "geometry": {
        "type": "LineString",
        "coordinates": [
          [
            108.963273,
            34.25032
          ],
          [
            108.963273,
            34.247829
          ]
        ]
      }
    },
    {
      "type": "Feature",
      "properties": {
        "from": 289,
        "to": 155,
        "distance_m": 220.0,
        "name": "朱雀街东第三街",
        "type": "street",
        "class": "ordinary_public_street"
      },
      "geometry": {
        "type": "LineString",
        "coordinates": [
          [
            108.963273,
            34.25032
          ],
          [
            108.963273,
            34.252264
          ]
        ]
      }
    },
    {
      "type": "Feature",
      "properties": {
        "from": 288,
        "to": 289,
        "distance_m": 34.0,
        "name": "坊门—街道连接",
        "type": "connector",
        "class": "connector"
      },
      "geometry": {
        "type": "LineString",
        "coordinates": [
          [
            108.962907,
            34.25032
          ],
          [
            108.963273,
            34.25032
          ]
        ]
      }
    },
    {
      "type": "Feature",
      "properties": {
        "from": 291,
        "to": 139,
        "distance_m": 578.0,
        "name": "皇城南第二横街",
        "type": "street",
        "class": "ordinary_public_street"
      },
      "geometry": {
        "type": "LineString",
        "coordinates": [
          [
            108.957399,
            34.247829
          ],
          [
            108.95117,
            34.247829
          ]
        ]
      }
    },
    {
      "type": "Feature",
      "properties": {
        "from": 291,
        "to": 154,
        "distance_m": 545.0,
        "name": "皇城南第二横街",
        "type": "street",
        "class": "ordinary_public_street"
      },
      "geometry": {
        "type": "LineString",
        "coordinates": [
          [
            108.957399,
            34.247829
          ],
          [
            108.963273,
            34.247829
          ]
        ]
      }
    },
    {
      "type": "Feature",
      "properties": {
        "from": 290,
        "to": 291,
        "distance_m": 22.0,
        "name": "坊门—街道连接",
        "type": "connector",
        "class": "connector"
      },
      "geometry": {
        "type": "LineString",
        "coordinates": [
          [
            108.957399,
            34.248024
          ],
          [
            108.957399,
            34.247829
          ]
        ]
      }
    },
    {
      "type": "Feature",
      "properties": {
        "from": 293,
        "to": 140,
        "distance_m": 578.0,
        "name": "金光门—春明门街",
        "type": "street",
        "class": "primary_public_street"
      },
      "geometry": {
        "type": "LineString",
        "coordinates": [
          [
            108.957399,
            34.253147
          ],
          [
            108.95117,
            34.253147
          ]
        ]
      }
    },
    {
      "type": "Feature",
      "properties": {
        "from": 293,
        "to": 156,
        "distance_m": 545.0,
        "name": "金光门—春明门街",
        "type": "street",
        "class": "primary_public_street"
      },
      "geometry": {
        "type": "LineString",
        "coordinates": [
          [
            108.957399,
            34.253147
          ],
          [
            108.963273,
            34.253147
          ]
        ]
      }
    },
    {
      "type": "Feature",
      "properties": {
        "from": 292,
        "to": 293,
        "distance_m": 60.0,
        "name": "坊门—街道连接",
        "type": "connector",
        "class": "connector"
      },
      "geometry": {
        "type": "LineString",
        "coordinates": [
          [
            108.957399,
            34.252617
          ],
          [
            108.957399,
            34.253147
          ]
        ]
      }
    },
    {
      "type": "Feature",
      "properties": {
        "from": 295,
        "to": 170,
        "distance_m": 282.0,
        "name": "朱雀街东第四街",
        "type": "street",
        "class": "ordinary_public_street"
      },
      "geometry": {
        "type": "LineString",
        "coordinates": [
          [
            108.97543,
            34.25032
          ],
          [
            108.97543,
            34.247829
          ]
        ]
      }
    },
    {
      "type": "Feature",
      "properties": {
        "from": 295,
        "to": 171,
        "distance_m": 220.0,
        "name": "朱雀街东第四街",
        "type": "street",
        "class": "ordinary_public_street"
      },
      "geometry": {
        "type": "LineString",
        "coordinates": [
          [
            108.97543,
            34.25032
          ],
          [
            108.97543,
            34.252264
          ]
        ]
      }
    },
    {
      "type": "Feature",
      "properties": {
        "from": 294,
        "to": 295,
        "distance_m": 34.0,
        "name": "坊门—街道连接",
        "type": "connector",
        "class": "connector"
      },
      "geometry": {
        "type": "LineString",
        "coordinates": [
          [
            108.975796,
            34.25032
          ],
          [
            108.97543,
            34.25032
          ]
        ]
      }
    },
    {
      "type": "Feature",
      "properties": {
        "from": 297,
        "to": 45,
        "distance_m": 282.0,
        "name": "东侧居民环城街",
        "type": "street",
        "class": "public_inner_wall_street"
      },
      "geometry": {
        "type": "LineString",
        "coordinates": [
          [
            108.988136,
            34.25032
          ],
          [
            108.988136,
            34.247829
          ]
        ]
      }
    },
    {
      "type": "Feature",
      "properties": {
        "from": 297,
        "to": 46,
        "distance_m": 320.0,
        "name": "东侧居民环城街",
        "type": "street",
        "class": "public_inner_wall_street"
      },
      "geometry": {
        "type": "LineString",
        "coordinates": [
          [
            108.988136,
            34.25032
          ],
          [
            108.988136,
            34.253147
          ]
        ]
      }
    },
    {
      "type": "Feature",
      "properties": {
        "from": 296,
        "to": 297,
        "distance_m": 30.0,
        "name": "坊门—街道连接",
        "type": "connector",
        "class": "connector"
      },
      "geometry": {
        "type": "LineString",
        "coordinates": [
          [
            108.987813,
            34.25032
          ],
          [
            108.988136,
            34.25032
          ]
        ]
      }
    },
    {
      "type": "Feature",
      "properties": {
        "from": 299,
        "to": 170,
        "distance_m": 591.5,
        "name": "皇城南第二横街",
        "type": "street",
        "class": "ordinary_public_street"
      },
      "geometry": {
        "type": "LineString",
        "coordinates": [
          [
            108.981804,
            34.247829
          ],
          [
            108.97543,
            34.247829
          ]
        ]
      }
    },
    {
      "type": "Feature",
      "properties": {
        "from": 299,
        "to": 45,
        "distance_m": 587.5,
        "name": "皇城南第二横街",
        "type": "street",
        "class": "ordinary_public_street"
      },
      "geometry": {
        "type": "LineString",
        "coordinates": [
          [
            108.981804,
            34.247829
          ],
          [
            108.988136,
            34.247829
          ]
        ]
      }
    },
    {
      "type": "Feature",
      "properties": {
        "from": 298,
        "to": 299,
        "distance_m": 22.0,
        "name": "坊门—街道连接",
        "type": "connector",
        "class": "connector"
      },
      "geometry": {
        "type": "LineString",
        "coordinates": [
          [
            108.981804,
            34.248024
          ],
          [
            108.981804,
            34.247829
          ]
        ]
      }
    },
    {
      "type": "Feature",
      "properties": {
        "from": 301,
        "to": 172,
        "distance_m": 591.5,
        "name": "金光门—春明门街",
        "type": "street",
        "class": "primary_public_street"
      },
      "geometry": {
        "type": "LineString",
        "coordinates": [
          [
            108.981804,
            34.253147
          ],
          [
            108.97543,
            34.253147
          ]
        ]
      }
    },
    {
      "type": "Feature",
      "properties": {
        "from": 301,
        "to": 46,
        "distance_m": 587.5,
        "name": "金光门—春明门街",
        "type": "street",
        "class": "primary_public_street"
      },
      "geometry": {
        "type": "LineString",
        "coordinates": [
          [
            108.981804,
            34.253147
          ],
          [
            108.988136,
            34.253147
          ]
        ]
      }
    },
    {
      "type": "Feature",
      "properties": {
        "from": 300,
        "to": 301,
        "distance_m": 60.0,
        "name": "坊门—街道连接",
        "type": "connector",
        "class": "connector"
      },
      "geometry": {
        "type": "LineString",
        "coordinates": [
          [
            108.981804,
            34.252617
          ],
          [
            108.981804,
            34.253147
          ]
        ]
      }
    },
    {
      "type": "Feature",
      "properties": {
        "from": 303,
        "to": 8,
        "distance_m": 285.0,
        "name": "西侧居民环城街",
        "type": "street",
        "class": "public_inner_wall_street"
      },
      "geometry": {
        "type": "LineString",
        "coordinates": [
          [
            108.883404,
            34.245294
          ],
          [
            108.883404,
            34.242776
          ]
        ]
      }
    },
    {
      "type": "Feature",
      "properties": {
        "from": 303,
        "to": 9,
        "distance_m": 287.0,
        "name": "西侧居民环城街",
        "type": "street",
        "class": "public_inner_wall_street"
      },
      "geometry": {
        "type": "LineString",
        "coordinates": [
          [
            108.883404,
            34.245294
          ],
          [
            108.883404,
            34.247829
          ]
        ]
      }
    },
    {
      "type": "Feature",
      "properties": {
        "from": 302,
        "to": 303,
        "distance_m": 30.0,
        "name": "坊门—街道连接",
        "type": "connector",
        "class": "connector"
      },
      "geometry": {
        "type": "LineString",
        "coordinates": [
          [
            108.883727,
            34.245294
          ],
          [
            108.883404,
            34.245294
          ]
        ]
      }
    },
    {
      "type": "Feature",
      "properties": {
        "from": 305,
        "to": 60,
        "distance_m": 225.0,
        "name": "光化门街（朱雀街西第四街）",
        "type": "street",
        "class": "ordinary_public_street"
      },
      "geometry": {
        "type": "LineString",
        "coordinates": [
          [
            108.895938,
            34.245294
          ],
          [
            108.895938,
            34.243306
          ]
        ]
      }
    },
    {
      "type": "Feature",
      "properties": {
        "from": 305,
        "to": 61,
        "distance_m": 287.0,
        "name": "光化门街（朱雀街西第四街）",
        "type": "street",
        "class": "ordinary_public_street"
      },
      "geometry": {
        "type": "LineString",
        "coordinates": [
          [
            108.895938,
            34.245294
          ],
          [
            108.895938,
            34.247829
          ]
        ]
      }
    },
    {
      "type": "Feature",
      "properties": {
        "from": 304,
        "to": 305,
        "distance_m": 21.0,
        "name": "坊门—街道连接",
        "type": "connector",
        "class": "connector"
      },
      "geometry": {
        "type": "LineString",
        "coordinates": [
          [
            108.895711,
            34.245294
          ],
          [
            108.895938,
            34.245294
          ]
        ]
      }
    },
    {
      "type": "Feature",
      "properties": {
        "from": 307,
        "to": 8,
        "distance_m": 586.0,
        "name": "皇城南第三横街",
        "type": "street",
        "class": "ordinary_public_street"
      },
      "geometry": {
        "type": "LineString",
        "coordinates": [
          [
            108.889719,
            34.242776
          ],
          [
            108.883404,
            34.242776
          ]
        ]
      }
    },
    {
      "type": "Feature",
      "properties": {
        "from": 307,
        "to": 59,
        "distance_m": 577.0,
        "name": "皇城南第三横街",
        "type": "street",
        "class": "ordinary_public_street"
      },
      "geometry": {
        "type": "LineString",
        "coordinates": [
          [
            108.889719,
            34.242776
          ],
          [
            108.895938,
            34.242776
          ]
        ]
      }
    },
    {
      "type": "Feature",
      "properties": {
        "from": 306,
        "to": 307,
        "distance_m": 20.0,
        "name": "坊门—街道连接",
        "type": "connector",
        "class": "connector"
      },
      "geometry": {
        "type": "LineString",
        "coordinates": [
          [
            108.889719,
            34.242953
          ],
          [
            108.889719,
            34.242776
          ]
        ]
      }
    },
    {
      "type": "Feature",
      "properties": {
        "from": 308,
        "to": 264,
        "distance_m": 22.0,
        "name": "坊门—街道连接",
        "type": "connector",
        "class": "connector"
      },
      "geometry": {
        "type": "LineString",
        "coordinates": [
          [
            108.889719,
            34.247635
          ],
          [
            108.889719,
            34.247829
          ]
        ]
      }
    },
    {
      "type": "Feature",
      "properties": {
        "from": 310,
        "to": 76,
        "distance_m": 225.0,
        "name": "景耀门街（朱雀街西第三街）",
        "type": "street",
        "class": "ordinary_public_street"
      },
      "geometry": {
        "type": "LineString",
        "coordinates": [
          [
            108.907906,
            34.245294
          ],
          [
            108.907906,
            34.243306
          ]
        ]
      }
    },
    {
      "type": "Feature",
      "properties": {
        "from": 310,
        "to": 77,
        "distance_m": 287.0,
        "name": "景耀门街（朱雀街西第三街）",
        "type": "street",
        "class": "ordinary_public_street"
      },
      "geometry": {
        "type": "LineString",
        "coordinates": [
          [
            108.907906,
            34.245294
          ],
          [
            108.907906,
            34.247829
          ]
        ]
      }
    },
    {
      "type": "Feature",
      "properties": {
        "from": 309,
        "to": 310,
        "distance_m": 31.5,
        "name": "坊门—街道连接",
        "type": "connector",
        "class": "connector"
      },
      "geometry": {
        "type": "LineString",
        "coordinates": [
          [
            108.908245,
            34.245294
          ],
          [
            108.907906,
            34.245294
          ]
        ]
      }
    },
    {
      "type": "Feature",
      "properties": {
        "from": 312,
        "to": 91,
        "distance_m": 285.0,
        "name": "安化门—芳林门街（皇城西街）",
        "type": "street",
        "class": "primary_public_street"
      },
      "geometry": {
        "type": "LineString",
        "coordinates": [
          [
            108.91982,
            34.245294
          ],
          [
            108.91982,
            34.242776
          ]
        ]
      }
    },
    {
      "type": "Feature",
      "properties": {
        "from": 312,
        "to": 92,
        "distance_m": 287.0,
        "name": "安化门—芳林门街（皇城西街）",
        "type": "street",
        "class": "primary_public_street"
      },
      "geometry": {
        "type": "LineString",
        "coordinates": [
          [
            108.91982,
            34.245294
          ],
          [
            108.91982,
            34.247829
          ]
        ]
      }
    },
    {
      "type": "Feature",
      "properties": {
        "from": 311,
        "to": 312,
        "distance_m": 54.0,
        "name": "坊门—街道连接",
        "type": "connector",
        "class": "connector"
      },
      "geometry": {
        "type": "LineString",
        "coordinates": [
          [
            108.919238,
            34.245294
          ],
          [
            108.91982,
            34.245294
          ]
        ]
      }
    },
    {
      "type": "Feature",
      "properties": {
        "from": 314,
        "to": 75,
        "distance_m": 541.5,
        "name": "皇城南第三横街",
        "type": "street",
        "class": "ordinary_public_street"
      },
      "geometry": {
        "type": "LineString",
        "coordinates": [
          [
            108.913741,
            34.242776
          ],
          [
            108.907906,
            34.242776
          ]
        ]
      }
    },
    {
      "type": "Feature",
      "properties": {
        "from": 314,
        "to": 91,
        "distance_m": 564.0,
        "name": "皇城南第三横街",
        "type": "street",
        "class": "ordinary_public_street"
      },
      "geometry": {
        "type": "LineString",
        "coordinates": [
          [
            108.913741,
            34.242776
          ],
          [
            108.91982,
            34.242776
          ]
        ]
      }
    },
    {
      "type": "Feature",
      "properties": {
        "from": 313,
        "to": 314,
        "distance_m": 20.0,
        "name": "坊门—街道连接",
        "type": "connector",
        "class": "connector"
      },
      "geometry": {
        "type": "LineString",
        "coordinates": [
          [
            108.913741,
            34.242953
          ],
          [
            108.913741,
            34.242776
          ]
        ]
      }
    },
    {
      "type": "Feature",
      "properties": {
        "from": 315,
        "to": 272,
        "distance_m": 22.0,
        "name": "坊门—街道连接",
        "type": "connector",
        "class": "connector"
      },
      "geometry": {
        "type": "LineString",
        "coordinates": [
          [
            108.913741,
            34.247635
          ],
          [
            108.913741,
            34.247829
          ]
        ]
      }
    },
    {
      "type": "Feature",
      "properties": {
        "from": 316,
        "to": 312,
        "distance_m": 54.0,
        "name": "坊门—街道连接",
        "type": "connector",
        "class": "connector"
      },
      "geometry": {
        "type": "LineString",
        "coordinates": [
          [
            108.920402,
            34.245294
          ],
          [
            108.91982,
            34.245294
          ]
        ]
      }
    },
    {
      "type": "Feature",
      "properties": {
        "from": 318,
        "to": 105,
        "distance_m": 285.0,
        "name": "含光门街（朱雀街西第一街）",
        "type": "street",
        "class": "ordinary_public_street"
      },
      "geometry": {
        "type": "LineString",
        "coordinates": [
          [
            108.928102,
            34.245294
          ],
          [
            108.928102,
            34.242776
          ]
        ]
      }
    },
    {
      "type": "Feature",
      "properties": {
        "from": 318,
        "to": 106,
        "distance_m": 287.0,
        "name": "含光门街（朱雀街西第一街）",
        "type": "street",
        "class": "ordinary_public_street"
      },
      "geometry": {
        "type": "LineString",
        "coordinates": [
          [
            108.928102,
            34.245294
          ],
          [
            108.928102,
            34.247829
          ]
        ]
      }
    },
    {
      "type": "Feature",
      "properties": {
        "from": 317,
        "to": 318,
        "distance_m": 31.5,
        "name": "坊门—街道连接",
        "type": "connector",
        "class": "connector"
      },
      "geometry": {
        "type": "LineString",
        "coordinates": [
          [
            108.927762,
            34.245294
          ],
          [
            108.928102,
            34.245294
          ]
        ]
      }
    },
    {
      "type": "Feature",
      "properties": {
        "from": 319,
        "to": 318,
        "distance_m": 31.5,
        "name": "坊门—街道连接",
        "type": "connector",
        "class": "connector"
      },
      "geometry": {
        "type": "LineString",
        "coordinates": [
          [
            108.928441,
            34.245294
          ],
          [
            108.928102,
            34.245294
          ]
        ]
      }
    },
    {
      "type": "Feature",
      "properties": {
        "from": 321,
        "to": 116,
        "distance_m": 285.0,
        "name": "朱雀大街（明德门—朱雀门街）",
        "type": "street",
        "class": "primary_public_street"
      },
      "geometry": {
        "type": "LineString",
        "coordinates": [
          [
            108.93529,
            34.245294
          ],
          [
            108.93529,
            34.242776
          ]
        ]
      }
    },
    {
      "type": "Feature",
      "properties": {
        "from": 321,
        "to": 117,
        "distance_m": 287.0,
        "name": "朱雀大街（明德门—朱雀门街）",
        "type": "street",
        "class": "primary_public_street"
      },
      "geometry": {
        "type": "LineString",
        "coordinates": [
          [
            108.93529,
            34.245294
          ],
          [
            108.93529,
            34.247829
          ]
        ]
      }
    },
    {
      "type": "Feature",
      "properties": {
        "from": 320,
        "to": 321,
        "distance_m": 77.5,
        "name": "坊门—街道连接",
        "type": "connector",
        "class": "connector"
      },
      "geometry": {
        "type": "LineString",
        "coordinates": [
          [
            108.934455,
            34.245294
          ],
          [
            108.93529,
            34.245294
          ]
        ]
      }
    },
    {
      "type": "Feature",
      "properties": {
        "from": 322,
        "to": 321,
        "distance_m": 77.5,
        "name": "坊门—街道连接",
        "type": "connector",
        "class": "connector"
      },
      "geometry": {
        "type": "LineString",
        "coordinates": [
          [
            108.936125,
            34.245294
          ],
          [
            108.93529,
            34.245294
          ]
        ]
      }
    },
    {
      "type": "Feature",
      "properties": {
        "from": 324,
        "to": 127,
        "distance_m": 285.0,
        "name": "安上门街（朱雀街东第一街）",
        "type": "street",
        "class": "ordinary_public_street"
      },
      "geometry": {
        "type": "LineString",
        "coordinates": [
          [
            108.942543,
            34.245294
          ],
          [
            108.942543,
            34.242776
          ]
        ]
      }
    },
    {
      "type": "Feature",
      "properties": {
        "from": 324,
        "to": 128,
        "distance_m": 287.0,
        "name": "安上门街（朱雀街东第一街）",
        "type": "street",
        "class": "ordinary_public_street"
      },
      "geometry": {
        "type": "LineString",
        "coordinates": [
          [
            108.942543,
            34.245294
          ],
          [
            108.942543,
            34.247829
          ]
        ]
      }
    },
    {
      "type": "Feature",
      "properties": {
        "from": 323,
        "to": 324,
        "distance_m": 33.5,
        "name": "坊门—街道连接",
        "type": "connector",
        "class": "connector"
      },
      "geometry": {
        "type": "LineString",
        "coordinates": [
          [
            108.942182,
            34.245294
          ],
          [
            108.942543,
            34.245294
          ]
        ]
      }
    },
    {
      "type": "Feature",
      "properties": {
        "from": 325,
        "to": 324,
        "distance_m": 33.5,
        "name": "坊门—街道连接",
        "type": "connector",
        "class": "connector"
      },
      "geometry": {
        "type": "LineString",
        "coordinates": [
          [
            108.942904,
            34.245294
          ],
          [
            108.942543,
            34.245294
          ]
        ]
      }
    },
    {
      "type": "Feature",
      "properties": {
        "from": 327,
        "to": 138,
        "distance_m": 285.0,
        "name": "启夏门—兴安门街（皇城东街）",
        "type": "street",
        "class": "primary_public_street"
      },
      "geometry": {
        "type": "LineString",
        "coordinates": [
          [
            108.95117,
            34.245294
          ],
          [
            108.95117,
            34.242776
          ]
        ]
      }
    },
    {
      "type": "Feature",
      "properties": {
        "from": 327,
        "to": 139,
        "distance_m": 287.0,
        "name": "启夏门—兴安门街（皇城东街）",
        "type": "street",
        "class": "primary_public_street"
      },
      "geometry": {
        "type": "LineString",
        "coordinates": [
          [
            108.95117,
            34.245294
          ],
          [
            108.95117,
            34.247829
          ]
        ]
      }
    },
    {
      "type": "Feature",
      "properties": {
        "from": 326,
        "to": 327,
        "distance_m": 67.0,
        "name": "坊门—街道连接",
        "type": "connector",
        "class": "connector"
      },
      "geometry": {
        "type": "LineString",
        "coordinates": [
          [
            108.950448,
            34.245294
          ],
          [
            108.95117,
            34.245294
          ]
        ]
      }
    },
    {
      "type": "Feature",
      "properties": {
        "from": 328,
        "to": 327,
        "distance_m": 67.0,
        "name": "坊门—街道连接",
        "type": "connector",
        "class": "connector"
      },
      "geometry": {
        "type": "LineString",
        "coordinates": [
          [
            108.951892,
            34.245294
          ],
          [
            108.95117,
            34.245294
          ]
        ]
      }
    },
    {
      "type": "Feature",
      "properties": {
        "from": 330,
        "to": 153,
        "distance_m": 225.0,
        "name": "朱雀街东第三街",
        "type": "street",
        "class": "ordinary_public_street"
      },
      "geometry": {
        "type": "LineString",
        "coordinates": [
          [
            108.963273,
            34.245294
          ],
          [
            108.963273,
            34.243306
          ]
        ]
      }
    },
    {
      "type": "Feature",
      "properties": {
        "from": 330,
        "to": 154,
        "distance_m": 287.0,
        "name": "朱雀街东第三街",
        "type": "street",
        "class": "ordinary_public_street"
      },
      "geometry": {
        "type": "LineString",
        "coordinates": [
          [
            108.963273,
            34.245294
          ],
          [
            108.963273,
            34.247829
          ]
        ]
      }
    },
    {
      "type": "Feature",
      "properties": {
        "from": 329,
        "to": 330,
        "distance_m": 34.0,
        "name": "坊门—街道连接",
        "type": "connector",
        "class": "connector"
      },
      "geometry": {
        "type": "LineString",
        "coordinates": [
          [
            108.962907,
            34.245294
          ],
          [
            108.963273,
            34.245294
          ]
        ]
      }
    },
    {
      "type": "Feature",
      "properties": {
        "from": 332,
        "to": 138,
        "distance_m": 578.0,
        "name": "皇城南第三横街",
        "type": "street",
        "class": "ordinary_public_street"
      },
      "geometry": {
        "type": "LineString",
        "coordinates": [
          [
            108.957399,
            34.242776
          ],
          [
            108.95117,
            34.242776
          ]
        ]
      }
    },
    {
      "type": "Feature",
      "properties": {
        "from": 332,
        "to": 152,
        "distance_m": 545.0,
        "name": "皇城南第三横街",
        "type": "street",
        "class": "ordinary_public_street"
      },
      "geometry": {
        "type": "LineString",
        "coordinates": [
          [
            108.957399,
            34.242776
          ],
          [
            108.963273,
            34.242776
          ]
        ]
      }
    },
    {
      "type": "Feature",
      "properties": {
        "from": 331,
        "to": 332,
        "distance_m": 20.0,
        "name": "坊门—街道连接",
        "type": "connector",
        "class": "connector"
      },
      "geometry": {
        "type": "LineString",
        "coordinates": [
          [
            108.957399,
            34.242953
          ],
          [
            108.957399,
            34.242776
          ]
        ]
      }
    },
    {
      "type": "Feature",
      "properties": {
        "from": 333,
        "to": 291,
        "distance_m": 22.0,
        "name": "坊门—街道连接",
        "type": "connector",
        "class": "connector"
      },
      "geometry": {
        "type": "LineString",
        "coordinates": [
          [
            108.957399,
            34.247635
          ],
          [
            108.957399,
            34.247829
          ]
        ]
      }
    },
    {
      "type": "Feature",
      "properties": {
        "from": 335,
        "to": 169,
        "distance_m": 225.0,
        "name": "朱雀街东第四街",
        "type": "street",
        "class": "ordinary_public_street"
      },
      "geometry": {
        "type": "LineString",
        "coordinates": [
          [
            108.97543,
            34.245294
          ],
          [
            108.97543,
            34.243306
          ]
        ]
      }
    },
    {
      "type": "Feature",
      "properties": {
        "from": 335,
        "to": 170,
        "distance_m": 287.0,
        "name": "朱雀街东第四街",
        "type": "street",
        "class": "ordinary_public_street"
      },
      "geometry": {
        "type": "LineString",
        "coordinates": [
          [
            108.97543,
            34.245294
          ],
          [
            108.97543,
            34.247829
          ]
        ]
      }
    },
    {
      "type": "Feature",
      "properties": {
        "from": 334,
        "to": 335,
        "distance_m": 34.0,
        "name": "坊门—街道连接",
        "type": "connector",
        "class": "connector"
      },
      "geometry": {
        "type": "LineString",
        "coordinates": [
          [
            108.975796,
            34.245294
          ],
          [
            108.97543,
            34.245294
          ]
        ]
      }
    },
    {
      "type": "Feature",
      "properties": {
        "from": 337,
        "to": 44,
        "distance_m": 285.0,
        "name": "东侧居民环城街",
        "type": "street",
        "class": "public_inner_wall_street"
      },
      "geometry": {
        "type": "LineString",
        "coordinates": [
          [
            108.988136,
            34.245294
          ],
          [
            108.988136,
            34.242776
          ]
        ]
      }
    },
    {
      "type": "Feature",
      "properties": {
        "from": 337,
        "to": 45,
        "distance_m": 287.0,
        "name": "东侧居民环城街",
        "type": "street",
        "class": "public_inner_wall_street"
      },
      "geometry": {
        "type": "LineString",
        "coordinates": [
          [
            108.988136,
            34.245294
          ],
          [
            108.988136,
            34.247829
          ]
        ]
      }
    },
    {
      "type": "Feature",
      "properties": {
        "from": 336,
        "to": 337,
        "distance_m": 30.0,
        "name": "坊门—街道连接",
        "type": "connector",
        "class": "connector"
      },
      "geometry": {
        "type": "LineString",
        "coordinates": [
          [
            108.987813,
            34.245294
          ],
          [
            108.988136,
            34.245294
          ]
        ]
      }
    },
    {
      "type": "Feature",
      "properties": {
        "from": 339,
        "to": 168,
        "distance_m": 591.5,
        "name": "皇城南第三横街",
        "type": "street",
        "class": "ordinary_public_street"
      },
      "geometry": {
        "type": "LineString",
        "coordinates": [
          [
            108.981804,
            34.242776
          ],
          [
            108.97543,
            34.242776
          ]
        ]
      }
    },
    {
      "type": "Feature",
      "properties": {
        "from": 339,
        "to": 44,
        "distance_m": 587.5,
        "name": "皇城南第三横街",
        "type": "street",
        "class": "ordinary_public_street"
      },
      "geometry": {
        "type": "LineString",
        "coordinates": [
          [
            108.981804,
            34.242776
          ],
          [
            108.988136,
            34.242776
          ]
        ]
      }
    },
    {
      "type": "Feature",
      "properties": {
        "from": 338,
        "to": 339,
        "distance_m": 20.0,
        "name": "坊门—街道连接",
        "type": "connector",
        "class": "connector"
      },
      "geometry": {
        "type": "LineString",
        "coordinates": [
          [
            108.981804,
            34.242953
          ],
          [
            108.981804,
            34.242776
          ]
        ]
      }
    },
    {
      "type": "Feature",
      "properties": {
        "from": 340,
        "to": 299,
        "distance_m": 22.0,
        "name": "坊门—街道连接",
        "type": "connector",
        "class": "connector"
      },
      "geometry": {
        "type": "LineString",
        "coordinates": [
          [
            108.981804,
            34.247635
          ],
          [
            108.981804,
            34.247829
          ]
        ]
      }
    },
    {
      "type": "Feature",
      "properties": {
        "from": 342,
        "to": 7,
        "distance_m": 292.5,
        "name": "西侧居民环城街",
        "type": "street",
        "class": "public_inner_wall_street"
      },
      "geometry": {
        "type": "LineString",
        "coordinates": [
          [
            108.883404,
            34.240214
          ],
          [
            108.883404,
            34.23763
          ]
        ]
      }
    },
    {
      "type": "Feature",
      "properties": {
        "from": 342,
        "to": 8,
        "distance_m": 290.0,
        "name": "西侧居民环城街",
        "type": "street",
        "class": "public_inner_wall_street"
      },
      "geometry": {
        "type": "LineString",
        "coordinates": [
          [
            108.883404,
            34.240214
          ],
          [
            108.883404,
            34.242776
          ]
        ]
      }
    },
    {
      "type": "Feature",
      "properties": {
        "from": 341,
        "to": 342,
        "distance_m": 30.0,
        "name": "坊门—街道连接",
        "type": "connector",
        "class": "connector"
      },
      "geometry": {
        "type": "LineString",
        "coordinates": [
          [
            108.883727,
            34.240214
          ],
          [
            108.883404,
            34.240214
          ]
        ]
      }
    },
    {
      "type": "Feature",
      "properties": {
        "from": 344,
        "to": 58,
        "distance_m": 292.5,
        "name": "光化门街（朱雀街西第四街）",
        "type": "street",
        "class": "ordinary_public_street"
      },
      "geometry": {
        "type": "LineString",
        "coordinates": [
          [
            108.895938,
            34.240214
          ],
          [
            108.895938,
            34.23763
          ]
        ]
      }
    },
    {
      "type": "Feature",
      "properties": {
        "from": 344,
        "to": 59,
        "distance_m": 290.0,
        "name": "光化门街（朱雀街西第四街）",
        "type": "street",
        "class": "ordinary_public_street"
      },
      "geometry": {
        "type": "LineString",
        "coordinates": [
          [
            108.895938,
            34.240214
          ],
          [
            108.895938,
            34.242776
          ]
        ]
      }
    },
    {
      "type": "Feature",
      "properties": {
        "from": 343,
        "to": 344,
        "distance_m": 21.0,
        "name": "坊门—街道连接",
        "type": "connector",
        "class": "connector"
      },
      "geometry": {
        "type": "LineString",
        "coordinates": [
          [
            108.895711,
            34.240214
          ],
          [
            108.895938,
            34.240214
          ]
        ]
      }
    },
    {
      "type": "Feature",
      "properties": {
        "from": 346,
        "to": 7,
        "distance_m": 586.0,
        "name": "皇城南第四横街",
        "type": "street",
        "class": "ordinary_public_street"
      },
      "geometry": {
        "type": "LineString",
        "coordinates": [
          [
            108.889719,
            34.23763
          ],
          [
            108.883404,
            34.23763
          ]
        ]
      }
    },
    {
      "type": "Feature",
      "properties": {
        "from": 346,
        "to": 58,
        "distance_m": 577.0,
        "name": "皇城南第四横街",
        "type": "street",
        "class": "ordinary_public_street"
      },
      "geometry": {
        "type": "LineString",
        "coordinates": [
          [
            108.889719,
            34.23763
          ],
          [
            108.895938,
            34.23763
          ]
        ]
      }
    },
    {
      "type": "Feature",
      "properties": {
        "from": 345,
        "to": 346,
        "distance_m": 22.5,
        "name": "坊门—街道连接",
        "type": "connector",
        "class": "connector"
      },
      "geometry": {
        "type": "LineString",
        "coordinates": [
          [
            108.889719,
            34.237829
          ],
          [
            108.889719,
            34.23763
          ]
        ]
      }
    },
    {
      "type": "Feature",
      "properties": {
        "from": 347,
        "to": 307,
        "distance_m": 20.0,
        "name": "坊门—街道连接",
        "type": "connector",
        "class": "connector"
      },
      "geometry": {
        "type": "LineString",
        "coordinates": [
          [
            108.889719,
            34.242599
          ],
          [
            108.889719,
            34.242776
          ]
        ]
      }
    },
    {
      "type": "Feature",
      "properties": {
        "from": 348,
        "to": 344,
        "distance_m": 21.0,
        "name": "坊门—街道连接",
        "type": "connector",
        "class": "connector"
      },
      "geometry": {
        "type": "LineString",
        "coordinates": [
          [
            108.896164,
            34.240214
          ],
          [
            108.895938,
            34.240214
          ]
        ]
      }
    },
    {
      "type": "Feature",
      "properties": {
        "from": 350,
        "to": 74,
        "distance_m": 292.5,
        "name": "景耀门街（朱雀街西第三街）",
        "type": "street",
        "class": "ordinary_public_street"
      },
      "geometry": {
        "type": "LineString",
        "coordinates": [
          [
            108.907906,
            34.240214
          ],
          [
            108.907906,
            34.23763
          ]
        ]
      }
    },
    {
      "type": "Feature",
      "properties": {
        "from": 350,
        "to": 75,
        "distance_m": 290.0,
        "name": "景耀门街（朱雀街西第三街）",
        "type": "street",
        "class": "ordinary_public_street"
      },
      "geometry": {
        "type": "LineString",
        "coordinates": [
          [
            108.907906,
            34.240214
          ],
          [
            108.907906,
            34.242776
          ]
        ]
      }
    },
    {
      "type": "Feature",
      "properties": {
        "from": 349,
        "to": 350,
        "distance_m": 31.5,
        "name": "坊门—街道连接",
        "type": "connector",
        "class": "connector"
      },
      "geometry": {
        "type": "LineString",
        "coordinates": [
          [
            108.907566,
            34.240214
          ],
          [
            108.907906,
            34.240214
          ]
        ]
      }
    },
    {
      "type": "Feature",
      "properties": {
        "from": 352,
        "to": 58,
        "distance_m": 550.0,
        "name": "皇城南第四横街",
        "type": "street",
        "class": "ordinary_public_street"
      },
      "geometry": {
        "type": "LineString",
        "coordinates": [
          [
            108.901865,
            34.23763
          ],
          [
            108.895938,
            34.23763
          ]
        ]
      }
    },
    {
      "type": "Feature",
      "properties": {
        "from": 352,
        "to": 74,
        "distance_m": 560.5,
        "name": "皇城南第四横街",
        "type": "street",
        "class": "ordinary_public_street"
      },
      "geometry": {
        "type": "LineString",
        "coordinates": [
          [
            108.901865,
            34.23763
          ],
          [
            108.907906,
            34.23763
          ]
        ]
      }
    },
    {
      "type": "Feature",
      "properties": {
        "from": 351,
        "to": 352,
        "distance_m": 22.5,
        "name": "坊门—街道连接",
        "type": "connector",
        "class": "connector"
      },
      "geometry": {
        "type": "LineString",
        "coordinates": [
          [
            108.901865,
            34.237829
          ],
          [
            108.901865,
            34.23763
          ]
        ]
      }
    },
    {
      "type": "Feature",
      "properties": {
        "from": 354,
        "to": 204,
        "distance_m": 494.0,
        "name": "皇城南第三横街",
        "type": "street",
        "class": "ordinary_public_street"
      },
      "geometry": {
        "type": "LineString",
        "coordinates": [
          [
            108.901865,
            34.242776
          ],
          [
            108.896541,
            34.242776
          ]
        ]
      }
    },
    {
      "type": "Feature",
      "properties": {
        "from": 354,
        "to": 205,
        "distance_m": 494.0,
        "name": "皇城南第三横街",
        "type": "street",
        "class": "ordinary_public_street"
      },
      "geometry": {
        "type": "LineString",
        "coordinates": [
          [
            108.901865,
            34.242776
          ],
          [
            108.907189,
            34.242776
          ]
        ]
      }
    },
    {
      "type": "Feature",
      "properties": {
        "from": 353,
        "to": 354,
        "distance_m": 20.0,
        "name": "坊门—街道连接",
        "type": "connector",
        "class": "connector"
      },
      "geometry": {
        "type": "LineString",
        "coordinates": [
          [
            108.901865,
            34.242599
          ],
          [
            108.901865,
            34.242776
          ]
        ]
      }
    },
    {
      "type": "Feature",
      "properties": {
        "from": 355,
        "to": 350,
        "distance_m": 31.5,
        "name": "坊门—街道连接",
        "type": "connector",
        "class": "connector"
      },
      "geometry": {
        "type": "LineString",
        "coordinates": [
          [
            108.908245,
            34.240214
          ],
          [
            108.907906,
            34.240214
          ]
        ]
      }
    },
    {
      "type": "Feature",
      "properties": {
        "from": 357,
        "to": 90,
        "distance_m": 292.5,
        "name": "安化门—芳林门街（皇城西街）",
        "type": "street",
        "class": "primary_public_street"
      },
      "geometry": {
        "type": "LineString",
        "coordinates": [
          [
            108.91982,
            34.240214
          ],
          [
            108.91982,
            34.23763
          ]
        ]
      }
    },
    {
      "type": "Feature",
      "properties": {
        "from": 357,
        "to": 91,
        "distance_m": 290.0,
        "name": "安化门—芳林门街（皇城西街）",
        "type": "street",
        "class": "primary_public_street"
      },
      "geometry": {
        "type": "LineString",
        "coordinates": [
          [
            108.91982,
            34.240214
          ],
          [
            108.91982,
            34.242776
          ]
        ]
      }
    },
    {
      "type": "Feature",
      "properties": {
        "from": 356,
        "to": 357,
        "distance_m": 54.0,
        "name": "坊门—街道连接",
        "type": "connector",
        "class": "connector"
      },
      "geometry": {
        "type": "LineString",
        "coordinates": [
          [
            108.919238,
            34.240214
          ],
          [
            108.91982,
            34.240214
          ]
        ]
      }
    },
    {
      "type": "Feature",
      "properties": {
        "from": 359,
        "to": 74,
        "distance_m": 541.5,
        "name": "皇城南第四横街",
        "type": "street",
        "class": "ordinary_public_street"
      },
      "geometry": {
        "type": "LineString",
        "coordinates": [
          [
            108.913741,
            34.23763
          ],
          [
            108.907906,
            34.23763
          ]
        ]
      }
    },
    {
      "type": "Feature",
      "properties": {
        "from": 359,
        "to": 90,
        "distance_m": 564.0,
        "name": "皇城南第四横街",
        "type": "street",
        "class": "ordinary_public_street"
      },
      "geometry": {
        "type": "LineString",
        "coordinates": [
          [
            108.913741,
            34.23763
          ],
          [
            108.91982,
            34.23763
          ]
        ]
      }
    },
    {
      "type": "Feature",
      "properties": {
        "from": 358,
        "to": 359,
        "distance_m": 22.5,
        "name": "坊门—街道连接",
        "type": "connector",
        "class": "connector"
      },
      "geometry": {
        "type": "LineString",
        "coordinates": [
          [
            108.913741,
            34.237829
          ],
          [
            108.913741,
            34.23763
          ]
        ]
      }
    },
    {
      "type": "Feature",
      "properties": {
        "from": 360,
        "to": 314,
        "distance_m": 20.0,
        "name": "坊门—街道连接",
        "type": "connector",
        "class": "connector"
      },
      "geometry": {
        "type": "LineString",
        "coordinates": [
          [
            108.913741,
            34.242599
          ],
          [
            108.913741,
            34.242776
          ]
        ]
      }
    },
    {
      "type": "Feature",
      "properties": {
        "from": 361,
        "to": 357,
        "distance_m": 54.0,
        "name": "坊门—街道连接",
        "type": "connector",
        "class": "connector"
      },
      "geometry": {
        "type": "LineString",
        "coordinates": [
          [
            108.920402,
            34.240214
          ],
          [
            108.91982,
            34.240214
          ]
        ]
      }
    },
    {
      "type": "Feature",
      "properties": {
        "from": 363,
        "to": 104,
        "distance_m": 292.5,
        "name": "含光门街（朱雀街西第一街）",
        "type": "street",
        "class": "ordinary_public_street"
      },
      "geometry": {
        "type": "LineString",
        "coordinates": [
          [
            108.928102,
            34.240214
          ],
          [
            108.928102,
            34.23763
          ]
        ]
      }
    },
    {
      "type": "Feature",
      "properties": {
        "from": 363,
        "to": 105,
        "distance_m": 290.0,
        "name": "含光门街（朱雀街西第一街）",
        "type": "street",
        "class": "ordinary_public_street"
      },
      "geometry": {
        "type": "LineString",
        "coordinates": [
          [
            108.928102,
            34.240214
          ],
          [
            108.928102,
            34.242776
          ]
        ]
      }
    },
    {
      "type": "Feature",
      "properties": {
        "from": 362,
        "to": 363,
        "distance_m": 31.5,
        "name": "坊门—街道连接",
        "type": "connector",
        "class": "connector"
      },
      "geometry": {
        "type": "LineString",
        "coordinates": [
          [
            108.927762,
            34.240214
          ],
          [
            108.928102,
            34.240214
          ]
        ]
      }
    },
    {
      "type": "Feature",
      "properties": {
        "from": 364,
        "to": 363,
        "distance_m": 31.5,
        "name": "坊门—街道连接",
        "type": "connector",
        "class": "connector"
      },
      "geometry": {
        "type": "LineString",
        "coordinates": [
          [
            108.928441,
            34.240214
          ],
          [
            108.928102,
            34.240214
          ]
        ]
      }
    },
    {
      "type": "Feature",
      "properties": {
        "from": 366,
        "to": 115,
        "distance_m": 292.5,
        "name": "朱雀大街（明德门—朱雀门街）",
        "type": "street",
        "class": "primary_public_street"
      },
      "geometry": {
        "type": "LineString",
        "coordinates": [
          [
            108.93529,
            34.240214
          ],
          [
            108.93529,
            34.23763
          ]
        ]
      }
    },
    {
      "type": "Feature",
      "properties": {
        "from": 366,
        "to": 116,
        "distance_m": 290.0,
        "name": "朱雀大街（明德门—朱雀门街）",
        "type": "street",
        "class": "primary_public_street"
      },
      "geometry": {
        "type": "LineString",
        "coordinates": [
          [
            108.93529,
            34.240214
          ],
          [
            108.93529,
            34.242776
          ]
        ]
      }
    },
    {
      "type": "Feature",
      "properties": {
        "from": 365,
        "to": 366,
        "distance_m": 77.5,
        "name": "坊门—街道连接",
        "type": "connector",
        "class": "connector"
      },
      "geometry": {
        "type": "LineString",
        "coordinates": [
          [
            108.934455,
            34.240214
          ],
          [
            108.93529,
            34.240214
          ]
        ]
      }
    },
    {
      "type": "Feature",
      "properties": {
        "from": 367,
        "to": 366,
        "distance_m": 77.5,
        "name": "坊门—街道连接",
        "type": "connector",
        "class": "connector"
      },
      "geometry": {
        "type": "LineString",
        "coordinates": [
          [
            108.936125,
            34.240214
          ],
          [
            108.93529,
            34.240214
          ]
        ]
      }
    },
    {
      "type": "Feature",
      "properties": {
        "from": 369,
        "to": 126,
        "distance_m": 292.5,
        "name": "安上门街（朱雀街东第一街）",
        "type": "street",
        "class": "ordinary_public_street"
      },
      "geometry": {
        "type": "LineString",
        "coordinates": [
          [
            108.942543,
            34.240214
          ],
          [
            108.942543,
            34.23763
          ]
        ]
      }
    },
    {
      "type": "Feature",
      "properties": {
        "from": 369,
        "to": 127,
        "distance_m": 290.0,
        "name": "安上门街（朱雀街东第一街）",
        "type": "street",
        "class": "ordinary_public_street"
      },
      "geometry": {
        "type": "LineString",
        "coordinates": [
          [
            108.942543,
            34.240214
          ],
          [
            108.942543,
            34.242776
          ]
        ]
      }
    },
    {
      "type": "Feature",
      "properties": {
        "from": 368,
        "to": 369,
        "distance_m": 33.5,
        "name": "坊门—街道连接",
        "type": "connector",
        "class": "connector"
      },
      "geometry": {
        "type": "LineString",
        "coordinates": [
          [
            108.942182,
            34.240214
          ],
          [
            108.942543,
            34.240214
          ]
        ]
      }
    },
    {
      "type": "Feature",
      "properties": {
        "from": 370,
        "to": 369,
        "distance_m": 33.5,
        "name": "坊门—街道连接",
        "type": "connector",
        "class": "connector"
      },
      "geometry": {
        "type": "LineString",
        "coordinates": [
          [
            108.942904,
            34.240214
          ],
          [
            108.942543,
            34.240214
          ]
        ]
      }
    },
    {
      "type": "Feature",
      "properties": {
        "from": 372,
        "to": 137,
        "distance_m": 292.5,
        "name": "启夏门—兴安门街（皇城东街）",
        "type": "street",
        "class": "primary_public_street"
      },
      "geometry": {
        "type": "LineString",
        "coordinates": [
          [
            108.95117,
            34.240214
          ],
          [
            108.95117,
            34.23763
          ]
        ]
      }
    },
    {
      "type": "Feature",
      "properties": {
        "from": 372,
        "to": 138,
        "distance_m": 290.0,
        "name": "启夏门—兴安门街（皇城东街）",
        "type": "street",
        "class": "primary_public_street"
      },
      "geometry": {
        "type": "LineString",
        "coordinates": [
          [
            108.95117,
            34.240214
          ],
          [
            108.95117,
            34.242776
          ]
        ]
      }
    },
    {
      "type": "Feature",
      "properties": {
        "from": 371,
        "to": 372,
        "distance_m": 67.0,
        "name": "坊门—街道连接",
        "type": "connector",
        "class": "connector"
      },
      "geometry": {
        "type": "LineString",
        "coordinates": [
          [
            108.950448,
            34.240214
          ],
          [
            108.95117,
            34.240214
          ]
        ]
      }
    },
    {
      "type": "Feature",
      "properties": {
        "from": 373,
        "to": 372,
        "distance_m": 67.0,
        "name": "坊门—街道连接",
        "type": "connector",
        "class": "connector"
      },
      "geometry": {
        "type": "LineString",
        "coordinates": [
          [
            108.951892,
            34.240214
          ],
          [
            108.95117,
            34.240214
          ]
        ]
      }
    },
    {
      "type": "Feature",
      "properties": {
        "from": 375,
        "to": 151,
        "distance_m": 292.5,
        "name": "朱雀街东第三街",
        "type": "street",
        "class": "ordinary_public_street"
      },
      "geometry": {
        "type": "LineString",
        "coordinates": [
          [
            108.963273,
            34.240214
          ],
          [
            108.963273,
            34.23763
          ]
        ]
      }
    },
    {
      "type": "Feature",
      "properties": {
        "from": 375,
        "to": 152,
        "distance_m": 290.0,
        "name": "朱雀街东第三街",
        "type": "street",
        "class": "ordinary_public_street"
      },
      "geometry": {
        "type": "LineString",
        "coordinates": [
          [
            108.963273,
            34.240214
          ],
          [
            108.963273,
            34.242776
          ]
        ]
      }
    },
    {
      "type": "Feature",
      "properties": {
        "from": 374,
        "to": 375,
        "distance_m": 34.0,
        "name": "坊门—街道连接",
        "type": "connector",
        "class": "connector"
      },
      "geometry": {
        "type": "LineString",
        "coordinates": [
          [
            108.962907,
            34.240214
          ],
          [
            108.963273,
            34.240214
          ]
        ]
      }
    },
    {
      "type": "Feature",
      "properties": {
        "from": 377,
        "to": 137,
        "distance_m": 578.0,
        "name": "皇城南第四横街",
        "type": "street",
        "class": "ordinary_public_street"
      },
      "geometry": {
        "type": "LineString",
        "coordinates": [
          [
            108.957399,
            34.23763
          ],
          [
            108.95117,
            34.23763
          ]
        ]
      }
    },
    {
      "type": "Feature",
      "properties": {
        "from": 377,
        "to": 151,
        "distance_m": 545.0,
        "name": "皇城南第四横街",
        "type": "street",
        "class": "ordinary_public_street"
      },
      "geometry": {
        "type": "LineString",
        "coordinates": [
          [
            108.957399,
            34.23763
          ],
          [
            108.963273,
            34.23763
          ]
        ]
      }
    },
    {
      "type": "Feature",
      "properties": {
        "from": 376,
        "to": 377,
        "distance_m": 22.5,
        "name": "坊门—街道连接",
        "type": "connector",
        "class": "connector"
      },
      "geometry": {
        "type": "LineString",
        "coordinates": [
          [
            108.957399,
            34.237829
          ],
          [
            108.957399,
            34.23763
          ]
        ]
      }
    },
    {
      "type": "Feature",
      "properties": {
        "from": 378,
        "to": 332,
        "distance_m": 20.0,
        "name": "坊门—街道连接",
        "type": "connector",
        "class": "connector"
      },
      "geometry": {
        "type": "LineString",
        "coordinates": [
          [
            108.957399,
            34.242599
          ],
          [
            108.957399,
            34.242776
          ]
        ]
      }
    },
    {
      "type": "Feature",
      "properties": {
        "from": 379,
        "to": 375,
        "distance_m": 34.0,
        "name": "坊门—街道连接",
        "type": "connector",
        "class": "connector"
      },
      "geometry": {
        "type": "LineString",
        "coordinates": [
          [
            108.963639,
            34.240214
          ],
          [
            108.963273,
            34.240214
          ]
        ]
      }
    },
    {
      "type": "Feature",
      "properties": {
        "from": 381,
        "to": 167,
        "distance_m": 292.5,
        "name": "朱雀街东第四街",
        "type": "street",
        "class": "ordinary_public_street"
      },
      "geometry": {
        "type": "LineString",
        "coordinates": [
          [
            108.97543,
            34.240214
          ],
          [
            108.97543,
            34.23763
          ]
        ]
      }
    },
    {
      "type": "Feature",
      "properties": {
        "from": 381,
        "to": 168,
        "distance_m": 290.0,
        "name": "朱雀街东第四街",
        "type": "street",
        "class": "ordinary_public_street"
      },
      "geometry": {
        "type": "LineString",
        "coordinates": [
          [
            108.97543,
            34.240214
          ],
          [
            108.97543,
            34.242776
          ]
        ]
      }
    },
    {
      "type": "Feature",
      "properties": {
        "from": 380,
        "to": 381,
        "distance_m": 34.0,
        "name": "坊门—街道连接",
        "type": "connector",
        "class": "connector"
      },
      "geometry": {
        "type": "LineString",
        "coordinates": [
          [
            108.975063,
            34.240214
          ],
          [
            108.97543,
            34.240214
          ]
        ]
      }
    },
    {
      "type": "Feature",
      "properties": {
        "from": 383,
        "to": 151,
        "distance_m": 564.0,
        "name": "皇城南第四横街",
        "type": "street",
        "class": "ordinary_public_street"
      },
      "geometry": {
        "type": "LineString",
        "coordinates": [
          [
            108.969351,
            34.23763
          ],
          [
            108.963273,
            34.23763
          ]
        ]
      }
    },
    {
      "type": "Feature",
      "properties": {
        "from": 383,
        "to": 167,
        "distance_m": 564.0,
        "name": "皇城南第四横街",
        "type": "street",
        "class": "ordinary_public_street"
      },
      "geometry": {
        "type": "LineString",
        "coordinates": [
          [
            108.969351,
            34.23763
          ],
          [
            108.97543,
            34.23763
          ]
        ]
      }
    },
    {
      "type": "Feature",
      "properties": {
        "from": 382,
        "to": 383,
        "distance_m": 22.5,
        "name": "坊门—街道连接",
        "type": "connector",
        "class": "connector"
      },
      "geometry": {
        "type": "LineString",
        "coordinates": [
          [
            108.969351,
            34.237829
          ],
          [
            108.969351,
            34.23763
          ]
        ]
      }
    },
    {
      "type": "Feature",
      "properties": {
        "from": 385,
        "to": 206,
        "distance_m": 495.0,
        "name": "皇城南第三横街",
        "type": "street",
        "class": "ordinary_public_street"
      },
      "geometry": {
        "type": "LineString",
        "coordinates": [
          [
            108.969351,
            34.242776
          ],
          [
            108.964017,
            34.242776
          ]
        ]
      }
    },
    {
      "type": "Feature",
      "properties": {
        "from": 385,
        "to": 207,
        "distance_m": 495.0,
        "name": "皇城南第三横街",
        "type": "street",
        "class": "ordinary_public_street"
      },
      "geometry": {
        "type": "LineString",
        "coordinates": [
          [
            108.969351,
            34.242776
          ],
          [
            108.974686,
            34.242776
          ]
        ]
      }
    },
    {
      "type": "Feature",
      "properties": {
        "from": 384,
        "to": 385,
        "distance_m": 20.0,
        "name": "坊门—街道连接",
        "type": "connector",
        "class": "connector"
      },
      "geometry": {
        "type": "LineString",
        "coordinates": [
          [
            108.969351,
            34.242599
          ],
          [
            108.969351,
            34.242776
          ]
        ]
      }
    },
    {
      "type": "Feature",
      "properties": {
        "from": 386,
        "to": 381,
        "distance_m": 34.0,
        "name": "坊门—街道连接",
        "type": "connector",
        "class": "connector"
      },
      "geometry": {
        "type": "LineString",
        "coordinates": [
          [
            108.975796,
            34.240214
          ],
          [
            108.97543,
            34.240214
          ]
        ]
      }
    },
    {
      "type": "Feature",
      "properties": {
        "from": 388,
        "to": 43,
        "distance_m": 292.5,
        "name": "东侧居民环城街",
        "type": "street",
        "class": "public_inner_wall_street"
      },
      "geometry": {
        "type": "LineString",
        "coordinates": [
          [
            108.988136,
            34.240214
          ],
          [
            108.988136,
            34.23763
          ]
        ]
      }
    },
    {
      "type": "Feature",
      "properties": {
        "from": 388,
        "to": 44,
        "distance_m": 290.0,
        "name": "东侧居民环城街",
        "type": "street",
        "class": "public_inner_wall_street"
      },
      "geometry": {
        "type": "LineString",
        "coordinates": [
          [
            108.988136,
            34.240214
          ],
          [
            108.988136,
            34.242776
          ]
        ]
      }
    },
    {
      "type": "Feature",
      "properties": {
        "from": 387,
        "to": 388,
        "distance_m": 30.0,
        "name": "坊门—街道连接",
        "type": "connector",
        "class": "connector"
      },
      "geometry": {
        "type": "LineString",
        "coordinates": [
          [
            108.987813,
            34.240214
          ],
          [
            108.988136,
            34.240214
          ]
        ]
      }
    },
    {
      "type": "Feature",
      "properties": {
        "from": 390,
        "to": 167,
        "distance_m": 591.5,
        "name": "皇城南第四横街",
        "type": "street",
        "class": "ordinary_public_street"
      },
      "geometry": {
        "type": "LineString",
        "coordinates": [
          [
            108.981804,
            34.23763
          ],
          [
            108.97543,
            34.23763
          ]
        ]
      }
    },
    {
      "type": "Feature",
      "properties": {
        "from": 390,
        "to": 43,
        "distance_m": 587.5,
        "name": "皇城南第四横街",
        "type": "street",
        "class": "ordinary_public_street"
      },
      "geometry": {
        "type": "LineString",
        "coordinates": [
          [
            108.981804,
            34.23763
          ],
          [
            108.988136,
            34.23763
          ]
        ]
      }
    },
    {
      "type": "Feature",
      "properties": {
        "from": 389,
        "to": 390,
        "distance_m": 22.5,
        "name": "坊门—街道连接",
        "type": "connector",
        "class": "connector"
      },
      "geometry": {
        "type": "LineString",
        "coordinates": [
          [
            108.981804,
            34.237829
          ],
          [
            108.981804,
            34.23763
          ]
        ]
      }
    },
    {
      "type": "Feature",
      "properties": {
        "from": 391,
        "to": 339,
        "distance_m": 20.0,
        "name": "坊门—街道连接",
        "type": "connector",
        "class": "connector"
      },
      "geometry": {
        "type": "LineString",
        "coordinates": [
          [
            108.981804,
            34.242599
          ],
          [
            108.981804,
            34.242776
          ]
        ]
      }
    },
    {
      "type": "Feature",
      "properties": {
        "from": 393,
        "to": 6,
        "distance_m": 302.5,
        "name": "西侧居民环城街",
        "type": "street",
        "class": "public_inner_wall_street"
      },
      "geometry": {
        "type": "LineString",
        "coordinates": [
          [
            108.883404,
            34.235002
          ],
          [
            108.883404,
            34.23233
          ]
        ]
      }
    },
    {
      "type": "Feature",
      "properties": {
        "from": 393,
        "to": 7,
        "distance_m": 297.5,
        "name": "西侧居民环城街",
        "type": "street",
        "class": "public_inner_wall_street"
      },
      "geometry": {
        "type": "LineString",
        "coordinates": [
          [
            108.883404,
            34.235002
          ],
          [
            108.883404,
            34.23763
          ]
        ]
      }
    },
    {
      "type": "Feature",
      "properties": {
        "from": 392,
        "to": 393,
        "distance_m": 30.0,
        "name": "坊门—街道连接",
        "type": "connector",
        "class": "connector"
      },
      "geometry": {
        "type": "LineString",
        "coordinates": [
          [
            108.883727,
            34.235002
          ],
          [
            108.883404,
            34.235002
          ]
        ]
      }
    },
    {
      "type": "Feature",
      "properties": {
        "from": 395,
        "to": 57,
        "distance_m": 302.5,
        "name": "光化门街（朱雀街西第四街）",
        "type": "street",
        "class": "ordinary_public_street"
      },
      "geometry": {
        "type": "LineString",
        "coordinates": [
          [
            108.895938,
            34.235002
          ],
          [
            108.895938,
            34.23233
          ]
        ]
      }
    },
    {
      "type": "Feature",
      "properties": {
        "from": 395,
        "to": 58,
        "distance_m": 297.5,
        "name": "光化门街（朱雀街西第四街）",
        "type": "street",
        "class": "ordinary_public_street"
      },
      "geometry": {
        "type": "LineString",
        "coordinates": [
          [
            108.895938,
            34.235002
          ],
          [
            108.895938,
            34.23763
          ]
        ]
      }
    },
    {
      "type": "Feature",
      "properties": {
        "from": 394,
        "to": 395,
        "distance_m": 21.0,
        "name": "坊门—街道连接",
        "type": "connector",
        "class": "connector"
      },
      "geometry": {
        "type": "LineString",
        "coordinates": [
          [
            108.895711,
            34.235002
          ],
          [
            108.895938,
            34.235002
          ]
        ]
      }
    },
    {
      "type": "Feature",
      "properties": {
        "from": 397,
        "to": 6,
        "distance_m": 586.0,
        "name": "延平门—延兴门街",
        "type": "street",
        "class": "primary_public_street"
      },
      "geometry": {
        "type": "LineString",
        "coordinates": [
          [
            108.889719,
            34.23233
          ],
          [
            108.883404,
            34.23233
          ]
        ]
      }
    },
    {
      "type": "Feature",
      "properties": {
        "from": 397,
        "to": 57,
        "distance_m": 577.0,
        "name": "延平门—延兴门街",
        "type": "street",
        "class": "primary_public_street"
      },
      "geometry": {
        "type": "LineString",
        "coordinates": [
          [
            108.889719,
            34.23233
          ],
          [
            108.895938,
            34.23233
          ]
        ]
      }
    },
    {
      "type": "Feature",
      "properties": {
        "from": 396,
        "to": 397,
        "distance_m": 27.5,
        "name": "坊门—街道连接",
        "type": "connector",
        "class": "connector"
      },
      "geometry": {
        "type": "LineString",
        "coordinates": [
          [
            108.889719,
            34.232573
          ],
          [
            108.889719,
            34.23233
          ]
        ]
      }
    },
    {
      "type": "Feature",
      "properties": {
        "from": 398,
        "to": 346,
        "distance_m": 22.5,
        "name": "坊门—街道连接",
        "type": "connector",
        "class": "connector"
      },
      "geometry": {
        "type": "LineString",
        "coordinates": [
          [
            108.889719,
            34.237432
          ],
          [
            108.889719,
            34.23763
          ]
        ]
      }
    },
    {
      "type": "Feature",
      "properties": {
        "from": 399,
        "to": 395,
        "distance_m": 21.0,
        "name": "坊门—街道连接",
        "type": "connector",
        "class": "connector"
      },
      "geometry": {
        "type": "LineString",
        "coordinates": [
          [
            108.896164,
            34.235002
          ],
          [
            108.895938,
            34.235002
          ]
        ]
      }
    },
    {
      "type": "Feature",
      "properties": {
        "from": 401,
        "to": 73,
        "distance_m": 302.5,
        "name": "景耀门街（朱雀街西第三街）",
        "type": "street",
        "class": "ordinary_public_street"
      },
      "geometry": {
        "type": "LineString",
        "coordinates": [
          [
            108.907906,
            34.235002
          ],
          [
            108.907906,
            34.23233
          ]
        ]
      }
    },
    {
      "type": "Feature",
      "properties": {
        "from": 401,
        "to": 74,
        "distance_m": 297.5,
        "name": "景耀门街（朱雀街西第三街）",
        "type": "street",
        "class": "ordinary_public_street"
      },
      "geometry": {
        "type": "LineString",
        "coordinates": [
          [
            108.907906,
            34.235002
          ],
          [
            108.907906,
            34.23763
          ]
        ]
      }
    },
    {
      "type": "Feature",
      "properties": {
        "from": 400,
        "to": 401,
        "distance_m": 31.5,
        "name": "坊门—街道连接",
        "type": "connector",
        "class": "connector"
      },
      "geometry": {
        "type": "LineString",
        "coordinates": [
          [
            108.907566,
            34.235002
          ],
          [
            108.907906,
            34.235002
          ]
        ]
      }
    },
    {
      "type": "Feature",
      "properties": {
        "from": 403,
        "to": 57,
        "distance_m": 550.0,
        "name": "延平门—延兴门街",
        "type": "street",
        "class": "primary_public_street"
      },
      "geometry": {
        "type": "LineString",
        "coordinates": [
          [
            108.901865,
            34.23233
          ],
          [
            108.895938,
            34.23233
          ]
        ]
      }
    },
    {
      "type": "Feature",
      "properties": {
        "from": 403,
        "to": 73,
        "distance_m": 560.5,
        "name": "延平门—延兴门街",
        "type": "street",
        "class": "primary_public_street"
      },
      "geometry": {
        "type": "LineString",
        "coordinates": [
          [
            108.901865,
            34.23233
          ],
          [
            108.907906,
            34.23233
          ]
        ]
      }
    },
    {
      "type": "Feature",
      "properties": {
        "from": 402,
        "to": 403,
        "distance_m": 27.5,
        "name": "坊门—街道连接",
        "type": "connector",
        "class": "connector"
      },
      "geometry": {
        "type": "LineString",
        "coordinates": [
          [
            108.901865,
            34.232573
          ],
          [
            108.901865,
            34.23233
          ]
        ]
      }
    },
    {
      "type": "Feature",
      "properties": {
        "from": 404,
        "to": 352,
        "distance_m": 22.5,
        "name": "坊门—街道连接",
        "type": "connector",
        "class": "connector"
      },
      "geometry": {
        "type": "LineString",
        "coordinates": [
          [
            108.901865,
            34.237432
          ],
          [
            108.901865,
            34.23763
          ]
        ]
      }
    },
    {
      "type": "Feature",
      "properties": {
        "from": 405,
        "to": 401,
        "distance_m": 31.5,
        "name": "坊门—街道连接",
        "type": "connector",
        "class": "connector"
      },
      "geometry": {
        "type": "LineString",
        "coordinates": [
          [
            108.908245,
            34.235002
          ],
          [
            108.907906,
            34.235002
          ]
        ]
      }
    },
    {
      "type": "Feature",
      "properties": {
        "from": 407,
        "to": 89,
        "distance_m": 302.5,
        "name": "安化门—芳林门街（皇城西街）",
        "type": "street",
        "class": "primary_public_street"
      },
      "geometry": {
        "type": "LineString",
        "coordinates": [
          [
            108.91982,
            34.235002
          ],
          [
            108.91982,
            34.23233
          ]
        ]
      }
    },
    {
      "type": "Feature",
      "properties": {
        "from": 407,
        "to": 90,
        "distance_m": 297.5,
        "name": "安化门—芳林门街（皇城西街）",
        "type": "street",
        "class": "primary_public_street"
      },
      "geometry": {
        "type": "LineString",
        "coordinates": [
          [
            108.91982,
            34.235002
          ],
          [
            108.91982,
            34.23763
          ]
        ]
      }
    },
    {
      "type": "Feature",
      "properties": {
        "from": 406,
        "to": 407,
        "distance_m": 54.0,
        "name": "坊门—街道连接",
        "type": "connector",
        "class": "connector"
      },
      "geometry": {
        "type": "LineString",
        "coordinates": [
          [
            108.919238,
            34.235002
          ],
          [
            108.91982,
            34.235002
          ]
        ]
      }
    },
    {
      "type": "Feature",
      "properties": {
        "from": 409,
        "to": 73,
        "distance_m": 541.5,
        "name": "延平门—延兴门街",
        "type": "street",
        "class": "primary_public_street"
      },
      "geometry": {
        "type": "LineString",
        "coordinates": [
          [
            108.913741,
            34.23233
          ],
          [
            108.907906,
            34.23233
          ]
        ]
      }
    },
    {
      "type": "Feature",
      "properties": {
        "from": 409,
        "to": 89,
        "distance_m": 564.0,
        "name": "延平门—延兴门街",
        "type": "street",
        "class": "primary_public_street"
      },
      "geometry": {
        "type": "LineString",
        "coordinates": [
          [
            108.913741,
            34.23233
          ],
          [
            108.91982,
            34.23233
          ]
        ]
      }
    },
    {
      "type": "Feature",
      "properties": {
        "from": 408,
        "to": 409,
        "distance_m": 27.5,
        "name": "坊门—街道连接",
        "type": "connector",
        "class": "connector"
      },
      "geometry": {
        "type": "LineString",
        "coordinates": [
          [
            108.913741,
            34.232573
          ],
          [
            108.913741,
            34.23233
          ]
        ]
      }
    },
    {
      "type": "Feature",
      "properties": {
        "from": 410,
        "to": 359,
        "distance_m": 22.5,
        "name": "坊门—街道连接",
        "type": "connector",
        "class": "connector"
      },
      "geometry": {
        "type": "LineString",
        "coordinates": [
          [
            108.913741,
            34.237432
          ],
          [
            108.913741,
            34.23763
          ]
        ]
      }
    },
    {
      "type": "Feature",
      "properties": {
        "from": 411,
        "to": 407,
        "distance_m": 54.0,
        "name": "坊门—街道连接",
        "type": "connector",
        "class": "connector"
      },
      "geometry": {
        "type": "LineString",
        "coordinates": [
          [
            108.920402,
            34.235002
          ],
          [
            108.91982,
            34.235002
          ]
        ]
      }
    },
    {
      "type": "Feature",
      "properties": {
        "from": 413,
        "to": 103,
        "distance_m": 302.5,
        "name": "含光门街（朱雀街西第一街）",
        "type": "street",
        "class": "ordinary_public_street"
      },
      "geometry": {
        "type": "LineString",
        "coordinates": [
          [
            108.928102,
            34.235002
          ],
          [
            108.928102,
            34.23233
          ]
        ]
      }
    },
    {
      "type": "Feature",
      "properties": {
        "from": 413,
        "to": 104,
        "distance_m": 297.5,
        "name": "含光门街（朱雀街西第一街）",
        "type": "street",
        "class": "ordinary_public_street"
      },
      "geometry": {
        "type": "LineString",
        "coordinates": [
          [
            108.928102,
            34.235002
          ],
          [
            108.928102,
            34.23763
          ]
        ]
      }
    },
    {
      "type": "Feature",
      "properties": {
        "from": 412,
        "to": 413,
        "distance_m": 31.5,
        "name": "坊门—街道连接",
        "type": "connector",
        "class": "connector"
      },
      "geometry": {
        "type": "LineString",
        "coordinates": [
          [
            108.927762,
            34.235002
          ],
          [
            108.928102,
            34.235002
          ]
        ]
      }
    },
    {
      "type": "Feature",
      "properties": {
        "from": 414,
        "to": 413,
        "distance_m": 31.5,
        "name": "坊门—街道连接",
        "type": "connector",
        "class": "connector"
      },
      "geometry": {
        "type": "LineString",
        "coordinates": [
          [
            108.928441,
            34.235002
          ],
          [
            108.928102,
            34.235002
          ]
        ]
      }
    },
    {
      "type": "Feature",
      "properties": {
        "from": 416,
        "to": 114,
        "distance_m": 302.5,
        "name": "朱雀大街（明德门—朱雀门街）",
        "type": "street",
        "class": "primary_public_street"
      },
      "geometry": {
        "type": "LineString",
        "coordinates": [
          [
            108.93529,
            34.235002
          ],
          [
            108.93529,
            34.23233
          ]
        ]
      }
    },
    {
      "type": "Feature",
      "properties": {
        "from": 416,
        "to": 115,
        "distance_m": 297.5,
        "name": "朱雀大街（明德门—朱雀门街）",
        "type": "street",
        "class": "primary_public_street"
      },
      "geometry": {
        "type": "LineString",
        "coordinates": [
          [
            108.93529,
            34.235002
          ],
          [
            108.93529,
            34.23763
          ]
        ]
      }
    },
    {
      "type": "Feature",
      "properties": {
        "from": 415,
        "to": 416,
        "distance_m": 77.5,
        "name": "坊门—街道连接",
        "type": "connector",
        "class": "connector"
      },
      "geometry": {
        "type": "LineString",
        "coordinates": [
          [
            108.934455,
            34.235002
          ],
          [
            108.93529,
            34.235002
          ]
        ]
      }
    },
    {
      "type": "Feature",
      "properties": {
        "from": 417,
        "to": 416,
        "distance_m": 77.5,
        "name": "坊门—街道连接",
        "type": "connector",
        "class": "connector"
      },
      "geometry": {
        "type": "LineString",
        "coordinates": [
          [
            108.936125,
            34.235002
          ],
          [
            108.93529,
            34.235002
          ]
        ]
      }
    },
    {
      "type": "Feature",
      "properties": {
        "from": 419,
        "to": 125,
        "distance_m": 302.5,
        "name": "安上门街（朱雀街东第一街）",
        "type": "street",
        "class": "ordinary_public_street"
      },
      "geometry": {
        "type": "LineString",
        "coordinates": [
          [
            108.942543,
            34.235002
          ],
          [
            108.942543,
            34.23233
          ]
        ]
      }
    },
    {
      "type": "Feature",
      "properties": {
        "from": 419,
        "to": 126,
        "distance_m": 297.5,
        "name": "安上门街（朱雀街东第一街）",
        "type": "street",
        "class": "ordinary_public_street"
      },
      "geometry": {
        "type": "LineString",
        "coordinates": [
          [
            108.942543,
            34.235002
          ],
          [
            108.942543,
            34.23763
          ]
        ]
      }
    },
    {
      "type": "Feature",
      "properties": {
        "from": 418,
        "to": 419,
        "distance_m": 33.5,
        "name": "坊门—街道连接",
        "type": "connector",
        "class": "connector"
      },
      "geometry": {
        "type": "LineString",
        "coordinates": [
          [
            108.942182,
            34.235002
          ],
          [
            108.942543,
            34.235002
          ]
        ]
      }
    },
    {
      "type": "Feature",
      "properties": {
        "from": 420,
        "to": 419,
        "distance_m": 33.5,
        "name": "坊门—街道连接",
        "type": "connector",
        "class": "connector"
      },
      "geometry": {
        "type": "LineString",
        "coordinates": [
          [
            108.942904,
            34.235002
          ],
          [
            108.942543,
            34.235002
          ]
        ]
      }
    },
    {
      "type": "Feature",
      "properties": {
        "from": 422,
        "to": 136,
        "distance_m": 302.5,
        "name": "启夏门—兴安门街（皇城东街）",
        "type": "street",
        "class": "primary_public_street"
      },
      "geometry": {
        "type": "LineString",
        "coordinates": [
          [
            108.95117,
            34.235002
          ],
          [
            108.95117,
            34.23233
          ]
        ]
      }
    },
    {
      "type": "Feature",
      "properties": {
        "from": 422,
        "to": 137,
        "distance_m": 297.5,
        "name": "启夏门—兴安门街（皇城东街）",
        "type": "street",
        "class": "primary_public_street"
      },
      "geometry": {
        "type": "LineString",
        "coordinates": [
          [
            108.95117,
            34.235002
          ],
          [
            108.95117,
            34.23763
          ]
        ]
      }
    },
    {
      "type": "Feature",
      "properties": {
        "from": 421,
        "to": 422,
        "distance_m": 67.0,
        "name": "坊门—街道连接",
        "type": "connector",
        "class": "connector"
      },
      "geometry": {
        "type": "LineString",
        "coordinates": [
          [
            108.950448,
            34.235002
          ],
          [
            108.95117,
            34.235002
          ]
        ]
      }
    },
    {
      "type": "Feature",
      "properties": {
        "from": 423,
        "to": 422,
        "distance_m": 67.0,
        "name": "坊门—街道连接",
        "type": "connector",
        "class": "connector"
      },
      "geometry": {
        "type": "LineString",
        "coordinates": [
          [
            108.951892,
            34.235002
          ],
          [
            108.95117,
            34.235002
          ]
        ]
      }
    },
    {
      "type": "Feature",
      "properties": {
        "from": 425,
        "to": 150,
        "distance_m": 302.5,
        "name": "朱雀街东第三街",
        "type": "street",
        "class": "ordinary_public_street"
      },
      "geometry": {
        "type": "LineString",
        "coordinates": [
          [
            108.963273,
            34.235002
          ],
          [
            108.963273,
            34.23233
          ]
        ]
      }
    },
    {
      "type": "Feature",
      "properties": {
        "from": 425,
        "to": 151,
        "distance_m": 297.5,
        "name": "朱雀街东第三街",
        "type": "street",
        "class": "ordinary_public_street"
      },
      "geometry": {
        "type": "LineString",
        "coordinates": [
          [
            108.963273,
            34.235002
          ],
          [
            108.963273,
            34.23763
          ]
        ]
      }
    },
    {
      "type": "Feature",
      "properties": {
        "from": 424,
        "to": 425,
        "distance_m": 34.0,
        "name": "坊门—街道连接",
        "type": "connector",
        "class": "connector"
      },
      "geometry": {
        "type": "LineString",
        "coordinates": [
          [
            108.962907,
            34.235002
          ],
          [
            108.963273,
            34.235002
          ]
        ]
      }
    },
    {
      "type": "Feature",
      "properties": {
        "from": 427,
        "to": 136,
        "distance_m": 578.0,
        "name": "延平门—延兴门街",
        "type": "street",
        "class": "primary_public_street"
      },
      "geometry": {
        "type": "LineString",
        "coordinates": [
          [
            108.957399,
            34.23233
          ],
          [
            108.95117,
            34.23233
          ]
        ]
      }
    },
    {
      "type": "Feature",
      "properties": {
        "from": 427,
        "to": 150,
        "distance_m": 545.0,
        "name": "延平门—延兴门街",
        "type": "street",
        "class": "primary_public_street"
      },
      "geometry": {
        "type": "LineString",
        "coordinates": [
          [
            108.957399,
            34.23233
          ],
          [
            108.963273,
            34.23233
          ]
        ]
      }
    },
    {
      "type": "Feature",
      "properties": {
        "from": 426,
        "to": 427,
        "distance_m": 27.5,
        "name": "坊门—街道连接",
        "type": "connector",
        "class": "connector"
      },
      "geometry": {
        "type": "LineString",
        "coordinates": [
          [
            108.957399,
            34.232573
          ],
          [
            108.957399,
            34.23233
          ]
        ]
      }
    },
    {
      "type": "Feature",
      "properties": {
        "from": 428,
        "to": 377,
        "distance_m": 22.5,
        "name": "坊门—街道连接",
        "type": "connector",
        "class": "connector"
      },
      "geometry": {
        "type": "LineString",
        "coordinates": [
          [
            108.957399,
            34.237432
          ],
          [
            108.957399,
            34.23763
          ]
        ]
      }
    },
    {
      "type": "Feature",
      "properties": {
        "from": 429,
        "to": 425,
        "distance_m": 34.0,
        "name": "坊门—街道连接",
        "type": "connector",
        "class": "connector"
      },
      "geometry": {
        "type": "LineString",
        "coordinates": [
          [
            108.963639,
            34.235002
          ],
          [
            108.963273,
            34.235002
          ]
        ]
      }
    },
    {
      "type": "Feature",
      "properties": {
        "from": 431,
        "to": 166,
        "distance_m": 302.5,
        "name": "朱雀街东第四街",
        "type": "street",
        "class": "ordinary_public_street"
      },
      "geometry": {
        "type": "LineString",
        "coordinates": [
          [
            108.97543,
            34.235002
          ],
          [
            108.97543,
            34.23233
          ]
        ]
      }
    },
    {
      "type": "Feature",
      "properties": {
        "from": 431,
        "to": 167,
        "distance_m": 297.5,
        "name": "朱雀街东第四街",
        "type": "street",
        "class": "ordinary_public_street"
      },
      "geometry": {
        "type": "LineString",
        "coordinates": [
          [
            108.97543,
            34.235002
          ],
          [
            108.97543,
            34.23763
          ]
        ]
      }
    },
    {
      "type": "Feature",
      "properties": {
        "from": 430,
        "to": 431,
        "distance_m": 34.0,
        "name": "坊门—街道连接",
        "type": "connector",
        "class": "connector"
      },
      "geometry": {
        "type": "LineString",
        "coordinates": [
          [
            108.975063,
            34.235002
          ],
          [
            108.97543,
            34.235002
          ]
        ]
      }
    },
    {
      "type": "Feature",
      "properties": {
        "from": 433,
        "to": 150,
        "distance_m": 564.0,
        "name": "延平门—延兴门街",
        "type": "street",
        "class": "primary_public_street"
      },
      "geometry": {
        "type": "LineString",
        "coordinates": [
          [
            108.969351,
            34.23233
          ],
          [
            108.963273,
            34.23233
          ]
        ]
      }
    },
    {
      "type": "Feature",
      "properties": {
        "from": 433,
        "to": 166,
        "distance_m": 564.0,
        "name": "延平门—延兴门街",
        "type": "street",
        "class": "primary_public_street"
      },
      "geometry": {
        "type": "LineString",
        "coordinates": [
          [
            108.969351,
            34.23233
          ],
          [
            108.97543,
            34.23233
          ]
        ]
      }
    },
    {
      "type": "Feature",
      "properties": {
        "from": 432,
        "to": 433,
        "distance_m": 27.5,
        "name": "坊门—街道连接",
        "type": "connector",
        "class": "connector"
      },
      "geometry": {
        "type": "LineString",
        "coordinates": [
          [
            108.969351,
            34.232573
          ],
          [
            108.969351,
            34.23233
          ]
        ]
      }
    },
    {
      "type": "Feature",
      "properties": {
        "from": 434,
        "to": 383,
        "distance_m": 22.5,
        "name": "坊门—街道连接",
        "type": "connector",
        "class": "connector"
      },
      "geometry": {
        "type": "LineString",
        "coordinates": [
          [
            108.969351,
            34.237432
          ],
          [
            108.969351,
            34.23763
          ]
        ]
      }
    },
    {
      "type": "Feature",
      "properties": {
        "from": 435,
        "to": 431,
        "distance_m": 34.0,
        "name": "坊门—街道连接",
        "type": "connector",
        "class": "connector"
      },
      "geometry": {
        "type": "LineString",
        "coordinates": [
          [
            108.975796,
            34.235002
          ],
          [
            108.97543,
            34.235002
          ]
        ]
      }
    },
    {
      "type": "Feature",
      "properties": {
        "from": 437,
        "to": 42,
        "distance_m": 302.5,
        "name": "东侧居民环城街",
        "type": "street",
        "class": "public_inner_wall_street"
      },
      "geometry": {
        "type": "LineString",
        "coordinates": [
          [
            108.988136,
            34.235002
          ],
          [
            108.988136,
            34.23233
          ]
        ]
      }
    },
    {
      "type": "Feature",
      "properties": {
        "from": 437,
        "to": 43,
        "distance_m": 297.5,
        "name": "东侧居民环城街",
        "type": "street",
        "class": "public_inner_wall_street"
      },
      "geometry": {
        "type": "LineString",
        "coordinates": [
          [
            108.988136,
            34.235002
          ],
          [
            108.988136,
            34.23763
          ]
        ]
      }
    },
    {
      "type": "Feature",
      "properties": {
        "from": 436,
        "to": 437,
        "distance_m": 30.0,
        "name": "坊门—街道连接",
        "type": "connector",
        "class": "connector"
      },
      "geometry": {
        "type": "LineString",
        "coordinates": [
          [
            108.987813,
            34.235002
          ],
          [
            108.988136,
            34.235002
          ]
        ]
      }
    },
    {
      "type": "Feature",
      "properties": {
        "from": 439,
        "to": 166,
        "distance_m": 591.5,
        "name": "延平门—延兴门街",
        "type": "street",
        "class": "primary_public_street"
      },
      "geometry": {
        "type": "LineString",
        "coordinates": [
          [
            108.981804,
            34.23233
          ],
          [
            108.97543,
            34.23233
          ]
        ]
      }
    },
    {
      "type": "Feature",
      "properties": {
        "from": 439,
        "to": 42,
        "distance_m": 587.5,
        "name": "延平门—延兴门街",
        "type": "street",
        "class": "primary_public_street"
      },
      "geometry": {
        "type": "LineString",
        "coordinates": [
          [
            108.981804,
            34.23233
          ],
          [
            108.988136,
            34.23233
          ]
        ]
      }
    },
    {
      "type": "Feature",
      "properties": {
        "from": 438,
        "to": 439,
        "distance_m": 27.5,
        "name": "坊门—街道连接",
        "type": "connector",
        "class": "connector"
      },
      "geometry": {
        "type": "LineString",
        "coordinates": [
          [
            108.981804,
            34.232573
          ],
          [
            108.981804,
            34.23233
          ]
        ]
      }
    },
    {
      "type": "Feature",
      "properties": {
        "from": 440,
        "to": 390,
        "distance_m": 22.5,
        "name": "坊门—街道连接",
        "type": "connector",
        "class": "connector"
      },
      "geometry": {
        "type": "LineString",
        "coordinates": [
          [
            108.981804,
            34.237432
          ],
          [
            108.981804,
            34.23763
          ]
        ]
      }
    },
    {
      "type": "Feature",
      "properties": {
        "from": 442,
        "to": 5,
        "distance_m": 290.0,
        "name": "西侧居民环城街",
        "type": "street",
        "class": "public_inner_wall_street"
      },
      "geometry": {
        "type": "LineString",
        "coordinates": [
          [
            108.883404,
            34.22968
          ],
          [
            108.883404,
            34.227118
          ]
        ]
      }
    },
    {
      "type": "Feature",
      "properties": {
        "from": 442,
        "to": 6,
        "distance_m": 300.0,
        "name": "西侧居民环城街",
        "type": "street",
        "class": "public_inner_wall_street"
      },
      "geometry": {
        "type": "LineString",
        "coordinates": [
          [
            108.883404,
            34.22968
          ],
          [
            108.883404,
            34.23233
          ]
        ]
      }
    },
    {
      "type": "Feature",
      "properties": {
        "from": 441,
        "to": 442,
        "distance_m": 30.0,
        "name": "坊门—街道连接",
        "type": "connector",
        "class": "connector"
      },
      "geometry": {
        "type": "LineString",
        "coordinates": [
          [
            108.883727,
            34.22968
          ],
          [
            108.883404,
            34.22968
          ]
        ]
      }
    },
    {
      "type": "Feature",
      "properties": {
        "from": 444,
        "to": 56,
        "distance_m": 290.0,
        "name": "光化门街（朱雀街西第四街）",
        "type": "street",
        "class": "ordinary_public_street"
      },
      "geometry": {
        "type": "LineString",
        "coordinates": [
          [
            108.895938,
            34.22968
          ],
          [
            108.895938,
            34.227118
          ]
        ]
      }
    },
    {
      "type": "Feature",
      "properties": {
        "from": 444,
        "to": 57,
        "distance_m": 300.0,
        "name": "光化门街（朱雀街西第四街）",
        "type": "street",
        "class": "ordinary_public_street"
      },
      "geometry": {
        "type": "LineString",
        "coordinates": [
          [
            108.895938,
            34.22968
          ],
          [
            108.895938,
            34.23233
          ]
        ]
      }
    },
    {
      "type": "Feature",
      "properties": {
        "from": 443,
        "to": 444,
        "distance_m": 21.0,
        "name": "坊门—街道连接",
        "type": "connector",
        "class": "connector"
      },
      "geometry": {
        "type": "LineString",
        "coordinates": [
          [
            108.895711,
            34.22968
          ],
          [
            108.895938,
            34.22968
          ]
        ]
      }
    },
    {
      "type": "Feature",
      "properties": {
        "from": 446,
        "to": 5,
        "distance_m": 586.0,
        "name": "皇城南第六横街",
        "type": "street",
        "class": "ordinary_public_street"
      },
      "geometry": {
        "type": "LineString",
        "coordinates": [
          [
            108.889719,
            34.227118
          ],
          [
            108.883404,
            34.227118
          ]
        ]
      }
    },
    {
      "type": "Feature",
      "properties": {
        "from": 446,
        "to": 56,
        "distance_m": 577.0,
        "name": "皇城南第六横街",
        "type": "street",
        "class": "ordinary_public_street"
      },
      "geometry": {
        "type": "LineString",
        "coordinates": [
          [
            108.889719,
            34.227118
          ],
          [
            108.895938,
            34.227118
          ]
        ]
      }
    },
    {
      "type": "Feature",
      "properties": {
        "from": 445,
        "to": 446,
        "distance_m": 17.5,
        "name": "坊门—街道连接",
        "type": "connector",
        "class": "connector"
      },
      "geometry": {
        "type": "LineString",
        "coordinates": [
          [
            108.889719,
            34.227273
          ],
          [
            108.889719,
            34.227118
          ]
        ]
      }
    },
    {
      "type": "Feature",
      "properties": {
        "from": 447,
        "to": 397,
        "distance_m": 27.5,
        "name": "坊门—街道连接",
        "type": "connector",
        "class": "connector"
      },
      "geometry": {
        "type": "LineString",
        "coordinates": [
          [
            108.889719,
            34.232087
          ],
          [
            108.889719,
            34.23233
          ]
        ]
      }
    },
    {
      "type": "Feature",
      "properties": {
        "from": 448,
        "to": 444,
        "distance_m": 21.0,
        "name": "坊门—街道连接",
        "type": "connector",
        "class": "connector"
      },
      "geometry": {
        "type": "LineString",
        "coordinates": [
          [
            108.896164,
            34.22968
          ],
          [
            108.895938,
            34.22968
          ]
        ]
      }
    },
    {
      "type": "Feature",
      "properties": {
        "from": 450,
        "to": 72,
        "distance_m": 290.0,
        "name": "景耀门街（朱雀街西第三街）",
        "type": "street",
        "class": "ordinary_public_street"
      },
      "geometry": {
        "type": "LineString",
        "coordinates": [
          [
            108.907906,
            34.22968
          ],
          [
            108.907906,
            34.227118
          ]
        ]
      }
    },
    {
      "type": "Feature",
      "properties": {
        "from": 450,
        "to": 73,
        "distance_m": 300.0,
        "name": "景耀门街（朱雀街西第三街）",
        "type": "street",
        "class": "ordinary_public_street"
      },
      "geometry": {
        "type": "LineString",
        "coordinates": [
          [
            108.907906,
            34.22968
          ],
          [
            108.907906,
            34.23233
          ]
        ]
      }
    },
    {
      "type": "Feature",
      "properties": {
        "from": 449,
        "to": 450,
        "distance_m": 31.5,
        "name": "坊门—街道连接",
        "type": "connector",
        "class": "connector"
      },
      "geometry": {
        "type": "LineString",
        "coordinates": [
          [
            108.907566,
            34.22968
          ],
          [
            108.907906,
            34.22968
          ]
        ]
      }
    },
    {
      "type": "Feature",
      "properties": {
        "from": 452,
        "to": 56,
        "distance_m": 550.0,
        "name": "皇城南第六横街",
        "type": "street",
        "class": "ordinary_public_street"
      },
      "geometry": {
        "type": "LineString",
        "coordinates": [
          [
            108.901865,
            34.227118
          ],
          [
            108.895938,
            34.227118
          ]
        ]
      }
    },
    {
      "type": "Feature",
      "properties": {
        "from": 452,
        "to": 72,
        "distance_m": 560.5,
        "name": "皇城南第六横街",
        "type": "street",
        "class": "ordinary_public_street"
      },
      "geometry": {
        "type": "LineString",
        "coordinates": [
          [
            108.901865,
            34.227118
          ],
          [
            108.907906,
            34.227118
          ]
        ]
      }
    },
    {
      "type": "Feature",
      "properties": {
        "from": 451,
        "to": 452,
        "distance_m": 17.5,
        "name": "坊门—街道连接",
        "type": "connector",
        "class": "connector"
      },
      "geometry": {
        "type": "LineString",
        "coordinates": [
          [
            108.901865,
            34.227273
          ],
          [
            108.901865,
            34.227118
          ]
        ]
      }
    },
    {
      "type": "Feature",
      "properties": {
        "from": 453,
        "to": 403,
        "distance_m": 27.5,
        "name": "坊门—街道连接",
        "type": "connector",
        "class": "connector"
      },
      "geometry": {
        "type": "LineString",
        "coordinates": [
          [
            108.901865,
            34.232087
          ],
          [
            108.901865,
            34.23233
          ]
        ]
      }
    },
    {
      "type": "Feature",
      "properties": {
        "from": 454,
        "to": 450,
        "distance_m": 31.5,
        "name": "坊门—街道连接",
        "type": "connector",
        "class": "connector"
      },
      "geometry": {
        "type": "LineString",
        "coordinates": [
          [
            108.908245,
            34.22968
          ],
          [
            108.907906,
            34.22968
          ]
        ]
      }
    },
    {
      "type": "Feature",
      "properties": {
        "from": 456,
        "to": 88,
        "distance_m": 290.0,
        "name": "安化门—芳林门街（皇城西街）",
        "type": "street",
        "class": "primary_public_street"
      },
      "geometry": {
        "type": "LineString",
        "coordinates": [
          [
            108.91982,
            34.22968
          ],
          [
            108.91982,
            34.227118
          ]
        ]
      }
    },
    {
      "type": "Feature",
      "properties": {
        "from": 456,
        "to": 89,
        "distance_m": 300.0,
        "name": "安化门—芳林门街（皇城西街）",
        "type": "street",
        "class": "primary_public_street"
      },
      "geometry": {
        "type": "LineString",
        "coordinates": [
          [
            108.91982,
            34.22968
          ],
          [
            108.91982,
            34.23233
          ]
        ]
      }
    },
    {
      "type": "Feature",
      "properties": {
        "from": 455,
        "to": 456,
        "distance_m": 54.0,
        "name": "坊门—街道连接",
        "type": "connector",
        "class": "connector"
      },
      "geometry": {
        "type": "LineString",
        "coordinates": [
          [
            108.919238,
            34.22968
          ],
          [
            108.91982,
            34.22968
          ]
        ]
      }
    },
    {
      "type": "Feature",
      "properties": {
        "from": 458,
        "to": 72,
        "distance_m": 541.5,
        "name": "皇城南第六横街",
        "type": "street",
        "class": "ordinary_public_street"
      },
      "geometry": {
        "type": "LineString",
        "coordinates": [
          [
            108.913741,
            34.227118
          ],
          [
            108.907906,
            34.227118
          ]
        ]
      }
    },
    {
      "type": "Feature",
      "properties": {
        "from": 458,
        "to": 88,
        "distance_m": 564.0,
        "name": "皇城南第六横街",
        "type": "street",
        "class": "ordinary_public_street"
      },
      "geometry": {
        "type": "LineString",
        "coordinates": [
          [
            108.913741,
            34.227118
          ],
          [
            108.91982,
            34.227118
          ]
        ]
      }
    },
    {
      "type": "Feature",
      "properties": {
        "from": 457,
        "to": 458,
        "distance_m": 17.5,
        "name": "坊门—街道连接",
        "type": "connector",
        "class": "connector"
      },
      "geometry": {
        "type": "LineString",
        "coordinates": [
          [
            108.913741,
            34.227273
          ],
          [
            108.913741,
            34.227118
          ]
        ]
      }
    },
    {
      "type": "Feature",
      "properties": {
        "from": 459,
        "to": 409,
        "distance_m": 27.5,
        "name": "坊门—街道连接",
        "type": "connector",
        "class": "connector"
      },
      "geometry": {
        "type": "LineString",
        "coordinates": [
          [
            108.913741,
            34.232087
          ],
          [
            108.913741,
            34.23233
          ]
        ]
      }
    },
    {
      "type": "Feature",
      "properties": {
        "from": 460,
        "to": 456,
        "distance_m": 54.0,
        "name": "坊门—街道连接",
        "type": "connector",
        "class": "connector"
      },
      "geometry": {
        "type": "LineString",
        "coordinates": [
          [
            108.920402,
            34.22968
          ],
          [
            108.91982,
            34.22968
          ]
        ]
      }
    },
    {
      "type": "Feature",
      "properties": {
        "from": 462,
        "to": 102,
        "distance_m": 290.0,
        "name": "含光门街（朱雀街西第一街）",
        "type": "street",
        "class": "ordinary_public_street"
      },
      "geometry": {
        "type": "LineString",
        "coordinates": [
          [
            108.928102,
            34.22968
          ],
          [
            108.928102,
            34.227118
          ]
        ]
      }
    },
    {
      "type": "Feature",
      "properties": {
        "from": 462,
        "to": 103,
        "distance_m": 300.0,
        "name": "含光门街（朱雀街西第一街）",
        "type": "street",
        "class": "ordinary_public_street"
      },
      "geometry": {
        "type": "LineString",
        "coordinates": [
          [
            108.928102,
            34.22968
          ],
          [
            108.928102,
            34.23233
          ]
        ]
      }
    },
    {
      "type": "Feature",
      "properties": {
        "from": 461,
        "to": 462,
        "distance_m": 31.5,
        "name": "坊门—街道连接",
        "type": "connector",
        "class": "connector"
      },
      "geometry": {
        "type": "LineString",
        "coordinates": [
          [
            108.927762,
            34.22968
          ],
          [
            108.928102,
            34.22968
          ]
        ]
      }
    },
    {
      "type": "Feature",
      "properties": {
        "from": 463,
        "to": 462,
        "distance_m": 31.5,
        "name": "坊门—街道连接",
        "type": "connector",
        "class": "connector"
      },
      "geometry": {
        "type": "LineString",
        "coordinates": [
          [
            108.928441,
            34.22968
          ],
          [
            108.928102,
            34.22968
          ]
        ]
      }
    },
    {
      "type": "Feature",
      "properties": {
        "from": 465,
        "to": 113,
        "distance_m": 290.0,
        "name": "朱雀大街（明德门—朱雀门街）",
        "type": "street",
        "class": "primary_public_street"
      },
      "geometry": {
        "type": "LineString",
        "coordinates": [
          [
            108.93529,
            34.22968
          ],
          [
            108.93529,
            34.227118
          ]
        ]
      }
    },
    {
      "type": "Feature",
      "properties": {
        "from": 465,
        "to": 114,
        "distance_m": 300.0,
        "name": "朱雀大街（明德门—朱雀门街）",
        "type": "street",
        "class": "primary_public_street"
      },
      "geometry": {
        "type": "LineString",
        "coordinates": [
          [
            108.93529,
            34.22968
          ],
          [
            108.93529,
            34.23233
          ]
        ]
      }
    },
    {
      "type": "Feature",
      "properties": {
        "from": 464,
        "to": 465,
        "distance_m": 77.5,
        "name": "坊门—街道连接",
        "type": "connector",
        "class": "connector"
      },
      "geometry": {
        "type": "LineString",
        "coordinates": [
          [
            108.934455,
            34.22968
          ],
          [
            108.93529,
            34.22968
          ]
        ]
      }
    },
    {
      "type": "Feature",
      "properties": {
        "from": 466,
        "to": 465,
        "distance_m": 77.5,
        "name": "坊门—街道连接",
        "type": "connector",
        "class": "connector"
      },
      "geometry": {
        "type": "LineString",
        "coordinates": [
          [
            108.936125,
            34.22968
          ],
          [
            108.93529,
            34.22968
          ]
        ]
      }
    },
    {
      "type": "Feature",
      "properties": {
        "from": 468,
        "to": 124,
        "distance_m": 290.0,
        "name": "安上门街（朱雀街东第一街）",
        "type": "street",
        "class": "ordinary_public_street"
      },
      "geometry": {
        "type": "LineString",
        "coordinates": [
          [
            108.942543,
            34.22968
          ],
          [
            108.942543,
            34.227118
          ]
        ]
      }
    },
    {
      "type": "Feature",
      "properties": {
        "from": 468,
        "to": 125,
        "distance_m": 300.0,
        "name": "安上门街（朱雀街东第一街）",
        "type": "street",
        "class": "ordinary_public_street"
      },
      "geometry": {
        "type": "LineString",
        "coordinates": [
          [
            108.942543,
            34.22968
          ],
          [
            108.942543,
            34.23233
          ]
        ]
      }
    },
    {
      "type": "Feature",
      "properties": {
        "from": 467,
        "to": 468,
        "distance_m": 33.5,
        "name": "坊门—街道连接",
        "type": "connector",
        "class": "connector"
      },
      "geometry": {
        "type": "LineString",
        "coordinates": [
          [
            108.942182,
            34.22968
          ],
          [
            108.942543,
            34.22968
          ]
        ]
      }
    },
    {
      "type": "Feature",
      "properties": {
        "from": 469,
        "to": 468,
        "distance_m": 33.5,
        "name": "坊门—街道连接",
        "type": "connector",
        "class": "connector"
      },
      "geometry": {
        "type": "LineString",
        "coordinates": [
          [
            108.942904,
            34.22968
          ],
          [
            108.942543,
            34.22968
          ]
        ]
      }
    },
    {
      "type": "Feature",
      "properties": {
        "from": 471,
        "to": 135,
        "distance_m": 290.0,
        "name": "启夏门—兴安门街（皇城东街）",
        "type": "street",
        "class": "primary_public_street"
      },
      "geometry": {
        "type": "LineString",
        "coordinates": [
          [
            108.95117,
            34.22968
          ],
          [
            108.95117,
            34.227118
          ]
        ]
      }
    },
    {
      "type": "Feature",
      "properties": {
        "from": 471,
        "to": 136,
        "distance_m": 300.0,
        "name": "启夏门—兴安门街（皇城东街）",
        "type": "street",
        "class": "primary_public_street"
      },
      "geometry": {
        "type": "LineString",
        "coordinates": [
          [
            108.95117,
            34.22968
          ],
          [
            108.95117,
            34.23233
          ]
        ]
      }
    },
    {
      "type": "Feature",
      "properties": {
        "from": 470,
        "to": 471,
        "distance_m": 67.0,
        "name": "坊门—街道连接",
        "type": "connector",
        "class": "connector"
      },
      "geometry": {
        "type": "LineString",
        "coordinates": [
          [
            108.950448,
            34.22968
          ],
          [
            108.95117,
            34.22968
          ]
        ]
      }
    },
    {
      "type": "Feature",
      "properties": {
        "from": 472,
        "to": 471,
        "distance_m": 67.0,
        "name": "坊门—街道连接",
        "type": "connector",
        "class": "connector"
      },
      "geometry": {
        "type": "LineString",
        "coordinates": [
          [
            108.951892,
            34.22968
          ],
          [
            108.95117,
            34.22968
          ]
        ]
      }
    },
    {
      "type": "Feature",
      "properties": {
        "from": 474,
        "to": 149,
        "distance_m": 290.0,
        "name": "朱雀街东第三街",
        "type": "street",
        "class": "ordinary_public_street"
      },
      "geometry": {
        "type": "LineString",
        "coordinates": [
          [
            108.963273,
            34.22968
          ],
          [
            108.963273,
            34.227118
          ]
        ]
      }
    },
    {
      "type": "Feature",
      "properties": {
        "from": 474,
        "to": 150,
        "distance_m": 300.0,
        "name": "朱雀街东第三街",
        "type": "street",
        "class": "ordinary_public_street"
      },
      "geometry": {
        "type": "LineString",
        "coordinates": [
          [
            108.963273,
            34.22968
          ],
          [
            108.963273,
            34.23233
          ]
        ]
      }
    },
    {
      "type": "Feature",
      "properties": {
        "from": 473,
        "to": 474,
        "distance_m": 34.0,
        "name": "坊门—街道连接",
        "type": "connector",
        "class": "connector"
      },
      "geometry": {
        "type": "LineString",
        "coordinates": [
          [
            108.962907,
            34.22968
          ],
          [
            108.963273,
            34.22968
          ]
        ]
      }
    },
    {
      "type": "Feature",
      "properties": {
        "from": 476,
        "to": 135,
        "distance_m": 578.0,
        "name": "皇城南第六横街",
        "type": "street",
        "class": "ordinary_public_street"
      },
      "geometry": {
        "type": "LineString",
        "coordinates": [
          [
            108.957399,
            34.227118
          ],
          [
            108.95117,
            34.227118
          ]
        ]
      }
    },
    {
      "type": "Feature",
      "properties": {
        "from": 476,
        "to": 149,
        "distance_m": 545.0,
        "name": "皇城南第六横街",
        "type": "street",
        "class": "ordinary_public_street"
      },
      "geometry": {
        "type": "LineString",
        "coordinates": [
          [
            108.957399,
            34.227118
          ],
          [
            108.963273,
            34.227118
          ]
        ]
      }
    },
    {
      "type": "Feature",
      "properties": {
        "from": 475,
        "to": 476,
        "distance_m": 17.5,
        "name": "坊门—街道连接",
        "type": "connector",
        "class": "connector"
      },
      "geometry": {
        "type": "LineString",
        "coordinates": [
          [
            108.957399,
            34.227273
          ],
          [
            108.957399,
            34.227118
          ]
        ]
      }
    },
    {
      "type": "Feature",
      "properties": {
        "from": 477,
        "to": 427,
        "distance_m": 27.5,
        "name": "坊门—街道连接",
        "type": "connector",
        "class": "connector"
      },
      "geometry": {
        "type": "LineString",
        "coordinates": [
          [
            108.957399,
            34.232087
          ],
          [
            108.957399,
            34.23233
          ]
        ]
      }
    },
    {
      "type": "Feature",
      "properties": {
        "from": 478,
        "to": 474,
        "distance_m": 34.0,
        "name": "坊门—街道连接",
        "type": "connector",
        "class": "connector"
      },
      "geometry": {
        "type": "LineString",
        "coordinates": [
          [
            108.963639,
            34.22968
          ],
          [
            108.963273,
            34.22968
          ]
        ]
      }
    },
    {
      "type": "Feature",
      "properties": {
        "from": 480,
        "to": 165,
        "distance_m": 290.0,
        "name": "朱雀街东第四街",
        "type": "street",
        "class": "ordinary_public_street"
      },
      "geometry": {
        "type": "LineString",
        "coordinates": [
          [
            108.97543,
            34.22968
          ],
          [
            108.97543,
            34.227118
          ]
        ]
      }
    },
    {
      "type": "Feature",
      "properties": {
        "from": 480,
        "to": 166,
        "distance_m": 300.0,
        "name": "朱雀街东第四街",
        "type": "street",
        "class": "ordinary_public_street"
      },
      "geometry": {
        "type": "LineString",
        "coordinates": [
          [
            108.97543,
            34.22968
          ],
          [
            108.97543,
            34.23233
          ]
        ]
      }
    },
    {
      "type": "Feature",
      "properties": {
        "from": 479,
        "to": 480,
        "distance_m": 34.0,
        "name": "坊门—街道连接",
        "type": "connector",
        "class": "connector"
      },
      "geometry": {
        "type": "LineString",
        "coordinates": [
          [
            108.975063,
            34.22968
          ],
          [
            108.97543,
            34.22968
          ]
        ]
      }
    },
    {
      "type": "Feature",
      "properties": {
        "from": 482,
        "to": 149,
        "distance_m": 564.0,
        "name": "皇城南第六横街",
        "type": "street",
        "class": "ordinary_public_street"
      },
      "geometry": {
        "type": "LineString",
        "coordinates": [
          [
            108.969351,
            34.227118
          ],
          [
            108.963273,
            34.227118
          ]
        ]
      }
    },
    {
      "type": "Feature",
      "properties": {
        "from": 482,
        "to": 165,
        "distance_m": 564.0,
        "name": "皇城南第六横街",
        "type": "street",
        "class": "ordinary_public_street"
      },
      "geometry": {
        "type": "LineString",
        "coordinates": [
          [
            108.969351,
            34.227118
          ],
          [
            108.97543,
            34.227118
          ]
        ]
      }
    },
    {
      "type": "Feature",
      "properties": {
        "from": 481,
        "to": 482,
        "distance_m": 17.5,
        "name": "坊门—街道连接",
        "type": "connector",
        "class": "connector"
      },
      "geometry": {
        "type": "LineString",
        "coordinates": [
          [
            108.969351,
            34.227273
          ],
          [
            108.969351,
            34.227118
          ]
        ]
      }
    },
    {
      "type": "Feature",
      "properties": {
        "from": 483,
        "to": 433,
        "distance_m": 27.5,
        "name": "坊门—街道连接",
        "type": "connector",
        "class": "connector"
      },
      "geometry": {
        "type": "LineString",
        "coordinates": [
          [
            108.969351,
            34.232087
          ],
          [
            108.969351,
            34.23233
          ]
        ]
      }
    },
    {
      "type": "Feature",
      "properties": {
        "from": 484,
        "to": 480,
        "distance_m": 34.0,
        "name": "坊门—街道连接",
        "type": "connector",
        "class": "connector"
      },
      "geometry": {
        "type": "LineString",
        "coordinates": [
          [
            108.975796,
            34.22968
          ],
          [
            108.97543,
            34.22968
          ]
        ]
      }
    },
    {
      "type": "Feature",
      "properties": {
        "from": 486,
        "to": 41,
        "distance_m": 290.0,
        "name": "东侧居民环城街",
        "type": "street",
        "class": "public_inner_wall_street"
      },
      "geometry": {
        "type": "LineString",
        "coordinates": [
          [
            108.988136,
            34.22968
          ],
          [
            108.988136,
            34.227118
          ]
        ]
      }
    },
    {
      "type": "Feature",
      "properties": {
        "from": 486,
        "to": 42,
        "distance_m": 300.0,
        "name": "东侧居民环城街",
        "type": "street",
        "class": "public_inner_wall_street"
      },
      "geometry": {
        "type": "LineString",
        "coordinates": [
          [
            108.988136,
            34.22968
          ],
          [
            108.988136,
            34.23233
          ]
        ]
      }
    },
    {
      "type": "Feature",
      "properties": {
        "from": 485,
        "to": 486,
        "distance_m": 30.0,
        "name": "坊门—街道连接",
        "type": "connector",
        "class": "connector"
      },
      "geometry": {
        "type": "LineString",
        "coordinates": [
          [
            108.987813,
            34.22968
          ],
          [
            108.988136,
            34.22968
          ]
        ]
      }
    },
    {
      "type": "Feature",
      "properties": {
        "from": 488,
        "to": 165,
        "distance_m": 591.5,
        "name": "皇城南第六横街",
        "type": "street",
        "class": "ordinary_public_street"
      },
      "geometry": {
        "type": "LineString",
        "coordinates": [
          [
            108.981804,
            34.227118
          ],
          [
            108.97543,
            34.227118
          ]
        ]
      }
    },
    {
      "type": "Feature",
      "properties": {
        "from": 488,
        "to": 41,
        "distance_m": 587.5,
        "name": "皇城南第六横街",
        "type": "street",
        "class": "ordinary_public_street"
      },
      "geometry": {
        "type": "LineString",
        "coordinates": [
          [
            108.981804,
            34.227118
          ],
          [
            108.988136,
            34.227118
          ]
        ]
      }
    },
    {
      "type": "Feature",
      "properties": {
        "from": 487,
        "to": 488,
        "distance_m": 17.5,
        "name": "坊门—街道连接",
        "type": "connector",
        "class": "connector"
      },
      "geometry": {
        "type": "LineString",
        "coordinates": [
          [
            108.981804,
            34.227273
          ],
          [
            108.981804,
            34.227118
          ]
        ]
      }
    },
    {
      "type": "Feature",
      "properties": {
        "from": 489,
        "to": 439,
        "distance_m": 27.5,
        "name": "坊门—街道连接",
        "type": "connector",
        "class": "connector"
      },
      "geometry": {
        "type": "LineString",
        "coordinates": [
          [
            108.981804,
            34.232087
          ],
          [
            108.981804,
            34.23233
          ]
        ]
      }
    },
    {
      "type": "Feature",
      "properties": {
        "from": 491,
        "to": 4,
        "distance_m": 297.5,
        "name": "西侧居民环城街",
        "type": "street",
        "class": "public_inner_wall_street"
      },
      "geometry": {
        "type": "LineString",
        "coordinates": [
          [
            108.883404,
            34.224578
          ],
          [
            108.883404,
            34.22195
          ]
        ]
      }
    },
    {
      "type": "Feature",
      "properties": {
        "from": 491,
        "to": 5,
        "distance_m": 287.5,
        "name": "西侧居民环城街",
        "type": "street",
        "class": "public_inner_wall_street"
      },
      "geometry": {
        "type": "LineString",
        "coordinates": [
          [
            108.883404,
            34.224578
          ],
          [
            108.883404,
            34.227118
          ]
        ]
      }
    },
    {
      "type": "Feature",
      "properties": {
        "from": 490,
        "to": 491,
        "distance_m": 30.0,
        "name": "坊门—街道连接",
        "type": "connector",
        "class": "connector"
      },
      "geometry": {
        "type": "LineString",
        "coordinates": [
          [
            108.883727,
            34.224578
          ],
          [
            108.883404,
            34.224578
          ]
        ]
      }
    },
    {
      "type": "Feature",
      "properties": {
        "from": 493,
        "to": 55,
        "distance_m": 297.5,
        "name": "光化门街（朱雀街西第四街）",
        "type": "street",
        "class": "ordinary_public_street"
      },
      "geometry": {
        "type": "LineString",
        "coordinates": [
          [
            108.895938,
            34.224578
          ],
          [
            108.895938,
            34.22195
          ]
        ]
      }
    },
    {
      "type": "Feature",
      "properties": {
        "from": 493,
        "to": 56,
        "distance_m": 287.5,
        "name": "光化门街（朱雀街西第四街）",
        "type": "street",
        "class": "ordinary_public_street"
      },
      "geometry": {
        "type": "LineString",
        "coordinates": [
          [
            108.895938,
            34.224578
          ],
          [
            108.895938,
            34.227118
          ]
        ]
      }
    },
    {
      "type": "Feature",
      "properties": {
        "from": 492,
        "to": 493,
        "distance_m": 21.0,
        "name": "坊门—街道连接",
        "type": "connector",
        "class": "connector"
      },
      "geometry": {
        "type": "LineString",
        "coordinates": [
          [
            108.895711,
            34.224578
          ],
          [
            108.895938,
            34.224578
          ]
        ]
      }
    },
    {
      "type": "Feature",
      "properties": {
        "from": 495,
        "to": 4,
        "distance_m": 586.0,
        "name": "皇城南第七横街",
        "type": "street",
        "class": "ordinary_public_street"
      },
      "geometry": {
        "type": "LineString",
        "coordinates": [
          [
            108.889719,
            34.22195
          ],
          [
            108.883404,
            34.22195
          ]
        ]
      }
    },
    {
      "type": "Feature",
      "properties": {
        "from": 495,
        "to": 55,
        "distance_m": 577.0,
        "name": "皇城南第七横街",
        "type": "street",
        "class": "ordinary_public_street"
      },
      "geometry": {
        "type": "LineString",
        "coordinates": [
          [
            108.889719,
            34.22195
          ],
          [
            108.895938,
            34.22195
          ]
        ]
      }
    },
    {
      "type": "Feature",
      "properties": {
        "from": 494,
        "to": 495,
        "distance_m": 27.5,
        "name": "坊门—街道连接",
        "type": "connector",
        "class": "connector"
      },
      "geometry": {
        "type": "LineString",
        "coordinates": [
          [
            108.889719,
            34.222193
          ],
          [
            108.889719,
            34.22195
          ]
        ]
      }
    },
    {
      "type": "Feature",
      "properties": {
        "from": 496,
        "to": 446,
        "distance_m": 17.5,
        "name": "坊门—街道连接",
        "type": "connector",
        "class": "connector"
      },
      "geometry": {
        "type": "LineString",
        "coordinates": [
          [
            108.889719,
            34.226963
          ],
          [
            108.889719,
            34.227118
          ]
        ]
      }
    },
    {
      "type": "Feature",
      "properties": {
        "from": 497,
        "to": 493,
        "distance_m": 21.0,
        "name": "坊门—街道连接",
        "type": "connector",
        "class": "connector"
      },
      "geometry": {
        "type": "LineString",
        "coordinates": [
          [
            108.896164,
            34.224578
          ],
          [
            108.895938,
            34.224578
          ]
        ]
      }
    },
    {
      "type": "Feature",
      "properties": {
        "from": 499,
        "to": 71,
        "distance_m": 297.5,
        "name": "景耀门街（朱雀街西第三街）",
        "type": "street",
        "class": "ordinary_public_street"
      },
      "geometry": {
        "type": "LineString",
        "coordinates": [
          [
            108.907906,
            34.224578
          ],
          [
            108.907906,
            34.22195
          ]
        ]
      }
    },
    {
      "type": "Feature",
      "properties": {
        "from": 499,
        "to": 72,
        "distance_m": 287.5,
        "name": "景耀门街（朱雀街西第三街）",
        "type": "street",
        "class": "ordinary_public_street"
      },
      "geometry": {
        "type": "LineString",
        "coordinates": [
          [
            108.907906,
            34.224578
          ],
          [
            108.907906,
            34.227118
          ]
        ]
      }
    },
    {
      "type": "Feature",
      "properties": {
        "from": 498,
        "to": 499,
        "distance_m": 31.5,
        "name": "坊门—街道连接",
        "type": "connector",
        "class": "connector"
      },
      "geometry": {
        "type": "LineString",
        "coordinates": [
          [
            108.907566,
            34.224578
          ],
          [
            108.907906,
            34.224578
          ]
        ]
      }
    },
    {
      "type": "Feature",
      "properties": {
        "from": 501,
        "to": 55,
        "distance_m": 550.0,
        "name": "皇城南第七横街",
        "type": "street",
        "class": "ordinary_public_street"
      },
      "geometry": {
        "type": "LineString",
        "coordinates": [
          [
            108.901865,
            34.22195
          ],
          [
            108.895938,
            34.22195
          ]
        ]
      }
    },
    {
      "type": "Feature",
      "properties": {
        "from": 501,
        "to": 71,
        "distance_m": 560.5,
        "name": "皇城南第七横街",
        "type": "street",
        "class": "ordinary_public_street"
      },
      "geometry": {
        "type": "LineString",
        "coordinates": [
          [
            108.901865,
            34.22195
          ],
          [
            108.907906,
            34.22195
          ]
        ]
      }
    },
    {
      "type": "Feature",
      "properties": {
        "from": 500,
        "to": 501,
        "distance_m": 27.5,
        "name": "坊门—街道连接",
        "type": "connector",
        "class": "connector"
      },
      "geometry": {
        "type": "LineString",
        "coordinates": [
          [
            108.901865,
            34.222193
          ],
          [
            108.901865,
            34.22195
          ]
        ]
      }
    },
    {
      "type": "Feature",
      "properties": {
        "from": 502,
        "to": 452,
        "distance_m": 17.5,
        "name": "坊门—街道连接",
        "type": "connector",
        "class": "connector"
      },
      "geometry": {
        "type": "LineString",
        "coordinates": [
          [
            108.901865,
            34.226963
          ],
          [
            108.901865,
            34.227118
          ]
        ]
      }
    },
    {
      "type": "Feature",
      "properties": {
        "from": 503,
        "to": 499,
        "distance_m": 31.5,
        "name": "坊门—街道连接",
        "type": "connector",
        "class": "connector"
      },
      "geometry": {
        "type": "LineString",
        "coordinates": [
          [
            108.908245,
            34.224578
          ],
          [
            108.907906,
            34.224578
          ]
        ]
      }
    },
    {
      "type": "Feature",
      "properties": {
        "from": 505,
        "to": 87,
        "distance_m": 297.5,
        "name": "安化门—芳林门街（皇城西街）",
        "type": "street",
        "class": "primary_public_street"
      },
      "geometry": {
        "type": "LineString",
        "coordinates": [
          [
            108.91982,
            34.224578
          ],
          [
            108.91982,
            34.22195
          ]
        ]
      }
    },
    {
      "type": "Feature",
      "properties": {
        "from": 505,
        "to": 88,
        "distance_m": 287.5,
        "name": "安化门—芳林门街（皇城西街）",
        "type": "street",
        "class": "primary_public_street"
      },
      "geometry": {
        "type": "LineString",
        "coordinates": [
          [
            108.91982,
            34.224578
          ],
          [
            108.91982,
            34.227118
          ]
        ]
      }
    },
    {
      "type": "Feature",
      "properties": {
        "from": 504,
        "to": 505,
        "distance_m": 54.0,
        "name": "坊门—街道连接",
        "type": "connector",
        "class": "connector"
      },
      "geometry": {
        "type": "LineString",
        "coordinates": [
          [
            108.919238,
            34.224578
          ],
          [
            108.91982,
            34.224578
          ]
        ]
      }
    },
    {
      "type": "Feature",
      "properties": {
        "from": 507,
        "to": 71,
        "distance_m": 541.5,
        "name": "皇城南第七横街",
        "type": "street",
        "class": "ordinary_public_street"
      },
      "geometry": {
        "type": "LineString",
        "coordinates": [
          [
            108.913741,
            34.22195
          ],
          [
            108.907906,
            34.22195
          ]
        ]
      }
    },
    {
      "type": "Feature",
      "properties": {
        "from": 507,
        "to": 87,
        "distance_m": 564.0,
        "name": "皇城南第七横街",
        "type": "street",
        "class": "ordinary_public_street"
      },
      "geometry": {
        "type": "LineString",
        "coordinates": [
          [
            108.913741,
            34.22195
          ],
          [
            108.91982,
            34.22195
          ]
        ]
      }
    },
    {
      "type": "Feature",
      "properties": {
        "from": 506,
        "to": 507,
        "distance_m": 27.5,
        "name": "坊门—街道连接",
        "type": "connector",
        "class": "connector"
      },
      "geometry": {
        "type": "LineString",
        "coordinates": [
          [
            108.913741,
            34.222193
          ],
          [
            108.913741,
            34.22195
          ]
        ]
      }
    },
    {
      "type": "Feature",
      "properties": {
        "from": 508,
        "to": 458,
        "distance_m": 17.5,
        "name": "坊门—街道连接",
        "type": "connector",
        "class": "connector"
      },
      "geometry": {
        "type": "LineString",
        "coordinates": [
          [
            108.913741,
            34.226963
          ],
          [
            108.913741,
            34.227118
          ]
        ]
      }
    },
    {
      "type": "Feature",
      "properties": {
        "from": 509,
        "to": 505,
        "distance_m": 54.0,
        "name": "坊门—街道连接",
        "type": "connector",
        "class": "connector"
      },
      "geometry": {
        "type": "LineString",
        "coordinates": [
          [
            108.920402,
            34.224578
          ],
          [
            108.91982,
            34.224578
          ]
        ]
      }
    },
    {
      "type": "Feature",
      "properties": {
        "from": 511,
        "to": 101,
        "distance_m": 297.5,
        "name": "含光门街（朱雀街西第一街）",
        "type": "street",
        "class": "ordinary_public_street"
      },
      "geometry": {
        "type": "LineString",
        "coordinates": [
          [
            108.928102,
            34.224578
          ],
          [
            108.928102,
            34.22195
          ]
        ]
      }
    },
    {
      "type": "Feature",
      "properties": {
        "from": 511,
        "to": 102,
        "distance_m": 287.5,
        "name": "含光门街（朱雀街西第一街）",
        "type": "street",
        "class": "ordinary_public_street"
      },
      "geometry": {
        "type": "LineString",
        "coordinates": [
          [
            108.928102,
            34.224578
          ],
          [
            108.928102,
            34.227118
          ]
        ]
      }
    },
    {
      "type": "Feature",
      "properties": {
        "from": 510,
        "to": 511,
        "distance_m": 31.5,
        "name": "坊门—街道连接",
        "type": "connector",
        "class": "connector"
      },
      "geometry": {
        "type": "LineString",
        "coordinates": [
          [
            108.927762,
            34.224578
          ],
          [
            108.928102,
            34.224578
          ]
        ]
      }
    },
    {
      "type": "Feature",
      "properties": {
        "from": 512,
        "to": 511,
        "distance_m": 31.5,
        "name": "坊门—街道连接",
        "type": "connector",
        "class": "connector"
      },
      "geometry": {
        "type": "LineString",
        "coordinates": [
          [
            108.928441,
            34.224578
          ],
          [
            108.928102,
            34.224578
          ]
        ]
      }
    },
    {
      "type": "Feature",
      "properties": {
        "from": 514,
        "to": 112,
        "distance_m": 297.5,
        "name": "朱雀大街（明德门—朱雀门街）",
        "type": "street",
        "class": "primary_public_street"
      },
      "geometry": {
        "type": "LineString",
        "coordinates": [
          [
            108.93529,
            34.224578
          ],
          [
            108.93529,
            34.22195
          ]
        ]
      }
    },
    {
      "type": "Feature",
      "properties": {
        "from": 514,
        "to": 113,
        "distance_m": 287.5,
        "name": "朱雀大街（明德门—朱雀门街）",
        "type": "street",
        "class": "primary_public_street"
      },
      "geometry": {
        "type": "LineString",
        "coordinates": [
          [
            108.93529,
            34.224578
          ],
          [
            108.93529,
            34.227118
          ]
        ]
      }
    },
    {
      "type": "Feature",
      "properties": {
        "from": 513,
        "to": 514,
        "distance_m": 77.5,
        "name": "坊门—街道连接",
        "type": "connector",
        "class": "connector"
      },
      "geometry": {
        "type": "LineString",
        "coordinates": [
          [
            108.934455,
            34.224578
          ],
          [
            108.93529,
            34.224578
          ]
        ]
      }
    },
    {
      "type": "Feature",
      "properties": {
        "from": 515,
        "to": 514,
        "distance_m": 77.5,
        "name": "坊门—街道连接",
        "type": "connector",
        "class": "connector"
      },
      "geometry": {
        "type": "LineString",
        "coordinates": [
          [
            108.936125,
            34.224578
          ],
          [
            108.93529,
            34.224578
          ]
        ]
      }
    },
    {
      "type": "Feature",
      "properties": {
        "from": 517,
        "to": 123,
        "distance_m": 297.5,
        "name": "安上门街（朱雀街东第一街）",
        "type": "street",
        "class": "ordinary_public_street"
      },
      "geometry": {
        "type": "LineString",
        "coordinates": [
          [
            108.942543,
            34.224578
          ],
          [
            108.942543,
            34.22195
          ]
        ]
      }
    },
    {
      "type": "Feature",
      "properties": {
        "from": 517,
        "to": 124,
        "distance_m": 287.5,
        "name": "安上门街（朱雀街东第一街）",
        "type": "street",
        "class": "ordinary_public_street"
      },
      "geometry": {
        "type": "LineString",
        "coordinates": [
          [
            108.942543,
            34.224578
          ],
          [
            108.942543,
            34.227118
          ]
        ]
      }
    },
    {
      "type": "Feature",
      "properties": {
        "from": 516,
        "to": 517,
        "distance_m": 33.5,
        "name": "坊门—街道连接",
        "type": "connector",
        "class": "connector"
      },
      "geometry": {
        "type": "LineString",
        "coordinates": [
          [
            108.942182,
            34.224578
          ],
          [
            108.942543,
            34.224578
          ]
        ]
      }
    },
    {
      "type": "Feature",
      "properties": {
        "from": 518,
        "to": 517,
        "distance_m": 33.5,
        "name": "坊门—街道连接",
        "type": "connector",
        "class": "connector"
      },
      "geometry": {
        "type": "LineString",
        "coordinates": [
          [
            108.942904,
            34.224578
          ],
          [
            108.942543,
            34.224578
          ]
        ]
      }
    },
    {
      "type": "Feature",
      "properties": {
        "from": 520,
        "to": 134,
        "distance_m": 297.5,
        "name": "启夏门—兴安门街（皇城东街）",
        "type": "street",
        "class": "primary_public_street"
      },
      "geometry": {
        "type": "LineString",
        "coordinates": [
          [
            108.95117,
            34.224578
          ],
          [
            108.95117,
            34.22195
          ]
        ]
      }
    },
    {
      "type": "Feature",
      "properties": {
        "from": 520,
        "to": 135,
        "distance_m": 287.5,
        "name": "启夏门—兴安门街（皇城东街）",
        "type": "street",
        "class": "primary_public_street"
      },
      "geometry": {
        "type": "LineString",
        "coordinates": [
          [
            108.95117,
            34.224578
          ],
          [
            108.95117,
            34.227118
          ]
        ]
      }
    },
    {
      "type": "Feature",
      "properties": {
        "from": 519,
        "to": 520,
        "distance_m": 67.0,
        "name": "坊门—街道连接",
        "type": "connector",
        "class": "connector"
      },
      "geometry": {
        "type": "LineString",
        "coordinates": [
          [
            108.950448,
            34.224578
          ],
          [
            108.95117,
            34.224578
          ]
        ]
      }
    },
    {
      "type": "Feature",
      "properties": {
        "from": 521,
        "to": 520,
        "distance_m": 67.0,
        "name": "坊门—街道连接",
        "type": "connector",
        "class": "connector"
      },
      "geometry": {
        "type": "LineString",
        "coordinates": [
          [
            108.951892,
            34.224578
          ],
          [
            108.95117,
            34.224578
          ]
        ]
      }
    },
    {
      "type": "Feature",
      "properties": {
        "from": 523,
        "to": 148,
        "distance_m": 297.5,
        "name": "朱雀街东第三街",
        "type": "street",
        "class": "ordinary_public_street"
      },
      "geometry": {
        "type": "LineString",
        "coordinates": [
          [
            108.963273,
            34.224578
          ],
          [
            108.963273,
            34.22195
          ]
        ]
      }
    },
    {
      "type": "Feature",
      "properties": {
        "from": 523,
        "to": 149,
        "distance_m": 287.5,
        "name": "朱雀街东第三街",
        "type": "street",
        "class": "ordinary_public_street"
      },
      "geometry": {
        "type": "LineString",
        "coordinates": [
          [
            108.963273,
            34.224578
          ],
          [
            108.963273,
            34.227118
          ]
        ]
      }
    },
    {
      "type": "Feature",
      "properties": {
        "from": 522,
        "to": 523,
        "distance_m": 34.0,
        "name": "坊门—街道连接",
        "type": "connector",
        "class": "connector"
      },
      "geometry": {
        "type": "LineString",
        "coordinates": [
          [
            108.962907,
            34.224578
          ],
          [
            108.963273,
            34.224578
          ]
        ]
      }
    },
    {
      "type": "Feature",
      "properties": {
        "from": 525,
        "to": 134,
        "distance_m": 578.0,
        "name": "皇城南第七横街",
        "type": "street",
        "class": "ordinary_public_street"
      },
      "geometry": {
        "type": "LineString",
        "coordinates": [
          [
            108.957399,
            34.22195
          ],
          [
            108.95117,
            34.22195
          ]
        ]
      }
    },
    {
      "type": "Feature",
      "properties": {
        "from": 525,
        "to": 148,
        "distance_m": 545.0,
        "name": "皇城南第七横街",
        "type": "street",
        "class": "ordinary_public_street"
      },
      "geometry": {
        "type": "LineString",
        "coordinates": [
          [
            108.957399,
            34.22195
          ],
          [
            108.963273,
            34.22195
          ]
        ]
      }
    },
    {
      "type": "Feature",
      "properties": {
        "from": 524,
        "to": 525,
        "distance_m": 27.5,
        "name": "坊门—街道连接",
        "type": "connector",
        "class": "connector"
      },
      "geometry": {
        "type": "LineString",
        "coordinates": [
          [
            108.957399,
            34.222193
          ],
          [
            108.957399,
            34.22195
          ]
        ]
      }
    },
    {
      "type": "Feature",
      "properties": {
        "from": 526,
        "to": 476,
        "distance_m": 17.5,
        "name": "坊门—街道连接",
        "type": "connector",
        "class": "connector"
      },
      "geometry": {
        "type": "LineString",
        "coordinates": [
          [
            108.957399,
            34.226963
          ],
          [
            108.957399,
            34.227118
          ]
        ]
      }
    },
    {
      "type": "Feature",
      "properties": {
        "from": 527,
        "to": 523,
        "distance_m": 34.0,
        "name": "坊门—街道连接",
        "type": "connector",
        "class": "connector"
      },
      "geometry": {
        "type": "LineString",
        "coordinates": [
          [
            108.963639,
            34.224578
          ],
          [
            108.963273,
            34.224578
          ]
        ]
      }
    },
    {
      "type": "Feature",
      "properties": {
        "from": 529,
        "to": 164,
        "distance_m": 297.5,
        "name": "朱雀街东第四街",
        "type": "street",
        "class": "ordinary_public_street"
      },
      "geometry": {
        "type": "LineString",
        "coordinates": [
          [
            108.97543,
            34.224578
          ],
          [
            108.97543,
            34.22195
          ]
        ]
      }
    },
    {
      "type": "Feature",
      "properties": {
        "from": 529,
        "to": 165,
        "distance_m": 287.5,
        "name": "朱雀街东第四街",
        "type": "street",
        "class": "ordinary_public_street"
      },
      "geometry": {
        "type": "LineString",
        "coordinates": [
          [
            108.97543,
            34.224578
          ],
          [
            108.97543,
            34.227118
          ]
        ]
      }
    },
    {
      "type": "Feature",
      "properties": {
        "from": 528,
        "to": 529,
        "distance_m": 34.0,
        "name": "坊门—街道连接",
        "type": "connector",
        "class": "connector"
      },
      "geometry": {
        "type": "LineString",
        "coordinates": [
          [
            108.975063,
            34.224578
          ],
          [
            108.97543,
            34.224578
          ]
        ]
      }
    },
    {
      "type": "Feature",
      "properties": {
        "from": 531,
        "to": 148,
        "distance_m": 564.0,
        "name": "皇城南第七横街",
        "type": "street",
        "class": "ordinary_public_street"
      },
      "geometry": {
        "type": "LineString",
        "coordinates": [
          [
            108.969351,
            34.22195
          ],
          [
            108.963273,
            34.22195
          ]
        ]
      }
    },
    {
      "type": "Feature",
      "properties": {
        "from": 531,
        "to": 164,
        "distance_m": 564.0,
        "name": "皇城南第七横街",
        "type": "street",
        "class": "ordinary_public_street"
      },
      "geometry": {
        "type": "LineString",
        "coordinates": [
          [
            108.969351,
            34.22195
          ],
          [
            108.97543,
            34.22195
          ]
        ]
      }
    },
    {
      "type": "Feature",
      "properties": {
        "from": 530,
        "to": 531,
        "distance_m": 27.5,
        "name": "坊门—街道连接",
        "type": "connector",
        "class": "connector"
      },
      "geometry": {
        "type": "LineString",
        "coordinates": [
          [
            108.969351,
            34.222193
          ],
          [
            108.969351,
            34.22195
          ]
        ]
      }
    },
    {
      "type": "Feature",
      "properties": {
        "from": 532,
        "to": 482,
        "distance_m": 17.5,
        "name": "坊门—街道连接",
        "type": "connector",
        "class": "connector"
      },
      "geometry": {
        "type": "LineString",
        "coordinates": [
          [
            108.969351,
            34.226963
          ],
          [
            108.969351,
            34.227118
          ]
        ]
      }
    },
    {
      "type": "Feature",
      "properties": {
        "from": 533,
        "to": 529,
        "distance_m": 34.0,
        "name": "坊门—街道连接",
        "type": "connector",
        "class": "connector"
      },
      "geometry": {
        "type": "LineString",
        "coordinates": [
          [
            108.975796,
            34.224578
          ],
          [
            108.97543,
            34.224578
          ]
        ]
      }
    },
    {
      "type": "Feature",
      "properties": {
        "from": 535,
        "to": 40,
        "distance_m": 297.5,
        "name": "东侧居民环城街",
        "type": "street",
        "class": "public_inner_wall_street"
      },
      "geometry": {
        "type": "LineString",
        "coordinates": [
          [
            108.988136,
            34.224578
          ],
          [
            108.988136,
            34.22195
          ]
        ]
      }
    },
    {
      "type": "Feature",
      "properties": {
        "from": 535,
        "to": 41,
        "distance_m": 287.5,
        "name": "东侧居民环城街",
        "type": "street",
        "class": "public_inner_wall_street"
      },
      "geometry": {
        "type": "LineString",
        "coordinates": [
          [
            108.988136,
            34.224578
          ],
          [
            108.988136,
            34.227118
          ]
        ]
      }
    },
    {
      "type": "Feature",
      "properties": {
        "from": 534,
        "to": 535,
        "distance_m": 30.0,
        "name": "坊门—街道连接",
        "type": "connector",
        "class": "connector"
      },
      "geometry": {
        "type": "LineString",
        "coordinates": [
          [
            108.987813,
            34.224578
          ],
          [
            108.988136,
            34.224578
          ]
        ]
      }
    },
    {
      "type": "Feature",
      "properties": {
        "from": 537,
        "to": 164,
        "distance_m": 591.5,
        "name": "皇城南第七横街",
        "type": "street",
        "class": "ordinary_public_street"
      },
      "geometry": {
        "type": "LineString",
        "coordinates": [
          [
            108.981804,
            34.22195
          ],
          [
            108.97543,
            34.22195
          ]
        ]
      }
    },
    {
      "type": "Feature",
      "properties": {
        "from": 537,
        "to": 40,
        "distance_m": 587.5,
        "name": "皇城南第七横街",
        "type": "street",
        "class": "ordinary_public_street"
      },
      "geometry": {
        "type": "LineString",
        "coordinates": [
          [
            108.981804,
            34.22195
          ],
          [
            108.988136,
            34.22195
          ]
        ]
      }
    },
    {
      "type": "Feature",
      "properties": {
        "from": 536,
        "to": 537,
        "distance_m": 27.5,
        "name": "坊门—街道连接",
        "type": "connector",
        "class": "connector"
      },
      "geometry": {
        "type": "LineString",
        "coordinates": [
          [
            108.981804,
            34.222193
          ],
          [
            108.981804,
            34.22195
          ]
        ]
      }
    },
    {
      "type": "Feature",
      "properties": {
        "from": 538,
        "to": 488,
        "distance_m": 17.5,
        "name": "坊门—街道连接",
        "type": "connector",
        "class": "connector"
      },
      "geometry": {
        "type": "LineString",
        "coordinates": [
          [
            108.981804,
            34.226963
          ],
          [
            108.981804,
            34.227118
          ]
        ]
      }
    },
    {
      "type": "Feature",
      "properties": {
        "from": 540,
        "to": 3,
        "distance_m": 282.5,
        "name": "西侧居民环城街",
        "type": "street",
        "class": "public_inner_wall_street"
      },
      "geometry": {
        "type": "LineString",
        "coordinates": [
          [
            108.883404,
            34.219344
          ],
          [
            108.883404,
            34.216848
          ]
        ]
      }
    },
    {
      "type": "Feature",
      "properties": {
        "from": 540,
        "to": 4,
        "distance_m": 295.0,
        "name": "西侧居民环城街",
        "type": "street",
        "class": "public_inner_wall_street"
      },
      "geometry": {
        "type": "LineString",
        "coordinates": [
          [
            108.883404,
            34.219344
          ],
          [
            108.883404,
            34.22195
          ]
        ]
      }
    },
    {
      "type": "Feature",
      "properties": {
        "from": 539,
        "to": 540,
        "distance_m": 30.0,
        "name": "坊门—街道连接",
        "type": "connector",
        "class": "connector"
      },
      "geometry": {
        "type": "LineString",
        "coordinates": [
          [
            108.883727,
            34.219344
          ],
          [
            108.883404,
            34.219344
          ]
        ]
      }
    },
    {
      "type": "Feature",
      "properties": {
        "from": 542,
        "to": 54,
        "distance_m": 282.5,
        "name": "光化门街（朱雀街西第四街）",
        "type": "street",
        "class": "ordinary_public_street"
      },
      "geometry": {
        "type": "LineString",
        "coordinates": [
          [
            108.895938,
            34.219344
          ],
          [
            108.895938,
            34.216848
          ]
        ]
      }
    },
    {
      "type": "Feature",
      "properties": {
        "from": 542,
        "to": 55,
        "distance_m": 295.0,
        "name": "光化门街（朱雀街西第四街）",
        "type": "street",
        "class": "ordinary_public_street"
      },
      "geometry": {
        "type": "LineString",
        "coordinates": [
          [
            108.895938,
            34.219344
          ],
          [
            108.895938,
            34.22195
          ]
        ]
      }
    },
    {
      "type": "Feature",
      "properties": {
        "from": 541,
        "to": 542,
        "distance_m": 21.0,
        "name": "坊门—街道连接",
        "type": "connector",
        "class": "connector"
      },
      "geometry": {
        "type": "LineString",
        "coordinates": [
          [
            108.895711,
            34.219344
          ],
          [
            108.895938,
            34.219344
          ]
        ]
      }
    },
    {
      "type": "Feature",
      "properties": {
        "from": 544,
        "to": 3,
        "distance_m": 586.0,
        "name": "皇城南第八横街",
        "type": "street",
        "class": "ordinary_public_street"
      },
      "geometry": {
        "type": "LineString",
        "coordinates": [
          [
            108.889719,
            34.216848
          ],
          [
            108.883404,
            34.216848
          ]
        ]
      }
    },
    {
      "type": "Feature",
      "properties": {
        "from": 544,
        "to": 54,
        "distance_m": 577.0,
        "name": "皇城南第八横街",
        "type": "street",
        "class": "ordinary_public_street"
      },
      "geometry": {
        "type": "LineString",
        "coordinates": [
          [
            108.889719,
            34.216848
          ],
          [
            108.895938,
            34.216848
          ]
        ]
      }
    },
    {
      "type": "Feature",
      "properties": {
        "from": 543,
        "to": 544,
        "distance_m": 15.0,
        "name": "坊门—街道连接",
        "type": "connector",
        "class": "connector"
      },
      "geometry": {
        "type": "LineString",
        "coordinates": [
          [
            108.889719,
            34.216981
          ],
          [
            108.889719,
            34.216848
          ]
        ]
      }
    },
    {
      "type": "Feature",
      "properties": {
        "from": 545,
        "to": 495,
        "distance_m": 27.5,
        "name": "坊门—街道连接",
        "type": "connector",
        "class": "connector"
      },
      "geometry": {
        "type": "LineString",
        "coordinates": [
          [
            108.889719,
            34.221707
          ],
          [
            108.889719,
            34.22195
          ]
        ]
      }
    },
    {
      "type": "Feature",
      "properties": {
        "from": 546,
        "to": 542,
        "distance_m": 21.0,
        "name": "坊门—街道连接",
        "type": "connector",
        "class": "connector"
      },
      "geometry": {
        "type": "LineString",
        "coordinates": [
          [
            108.896164,
            34.219344
          ],
          [
            108.895938,
            34.219344
          ]
        ]
      }
    },
    {
      "type": "Feature",
      "properties": {
        "from": 548,
        "to": 70,
        "distance_m": 282.5,
        "name": "景耀门街（朱雀街西第三街）",
        "type": "street",
        "class": "ordinary_public_street"
      },
      "geometry": {
        "type": "LineString",
        "coordinates": [
          [
            108.907906,
            34.219344
          ],
          [
            108.907906,
            34.216848
          ]
        ]
      }
    },
    {
      "type": "Feature",
      "properties": {
        "from": 548,
        "to": 71,
        "distance_m": 295.0,
        "name": "景耀门街（朱雀街西第三街）",
        "type": "street",
        "class": "ordinary_public_street"
      },
      "geometry": {
        "type": "LineString",
        "coordinates": [
          [
            108.907906,
            34.219344
          ],
          [
            108.907906,
            34.22195
          ]
        ]
      }
    },
    {
      "type": "Feature",
      "properties": {
        "from": 547,
        "to": 548,
        "distance_m": 31.5,
        "name": "坊门—街道连接",
        "type": "connector",
        "class": "connector"
      },
      "geometry": {
        "type": "LineString",
        "coordinates": [
          [
            108.907566,
            34.219344
          ],
          [
            108.907906,
            34.219344
          ]
        ]
      }
    },
    {
      "type": "Feature",
      "properties": {
        "from": 550,
        "to": 54,
        "distance_m": 550.0,
        "name": "皇城南第八横街",
        "type": "street",
        "class": "ordinary_public_street"
      },
      "geometry": {
        "type": "LineString",
        "coordinates": [
          [
            108.901865,
            34.216848
          ],
          [
            108.895938,
            34.216848
          ]
        ]
      }
    },
    {
      "type": "Feature",
      "properties": {
        "from": 550,
        "to": 70,
        "distance_m": 560.5,
        "name": "皇城南第八横街",
        "type": "street",
        "class": "ordinary_public_street"
      },
      "geometry": {
        "type": "LineString",
        "coordinates": [
          [
            108.901865,
            34.216848
          ],
          [
            108.907906,
            34.216848
          ]
        ]
      }
    },
    {
      "type": "Feature",
      "properties": {
        "from": 549,
        "to": 550,
        "distance_m": 15.0,
        "name": "坊门—街道连接",
        "type": "connector",
        "class": "connector"
      },
      "geometry": {
        "type": "LineString",
        "coordinates": [
          [
            108.901865,
            34.216981
          ],
          [
            108.901865,
            34.216848
          ]
        ]
      }
    },
    {
      "type": "Feature",
      "properties": {
        "from": 551,
        "to": 501,
        "distance_m": 27.5,
        "name": "坊门—街道连接",
        "type": "connector",
        "class": "connector"
      },
      "geometry": {
        "type": "LineString",
        "coordinates": [
          [
            108.901865,
            34.221707
          ],
          [
            108.901865,
            34.22195
          ]
        ]
      }
    },
    {
      "type": "Feature",
      "properties": {
        "from": 552,
        "to": 548,
        "distance_m": 31.5,
        "name": "坊门—街道连接",
        "type": "connector",
        "class": "connector"
      },
      "geometry": {
        "type": "LineString",
        "coordinates": [
          [
            108.908245,
            34.219344
          ],
          [
            108.907906,
            34.219344
          ]
        ]
      }
    },
    {
      "type": "Feature",
      "properties": {
        "from": 554,
        "to": 86,
        "distance_m": 282.5,
        "name": "安化门—芳林门街（皇城西街）",
        "type": "street",
        "class": "primary_public_street"
      },
      "geometry": {
        "type": "LineString",
        "coordinates": [
          [
            108.91982,
            34.219344
          ],
          [
            108.91982,
            34.216848
          ]
        ]
      }
    },
    {
      "type": "Feature",
      "properties": {
        "from": 554,
        "to": 87,
        "distance_m": 295.0,
        "name": "安化门—芳林门街（皇城西街）",
        "type": "street",
        "class": "primary_public_street"
      },
      "geometry": {
        "type": "LineString",
        "coordinates": [
          [
            108.91982,
            34.219344
          ],
          [
            108.91982,
            34.22195
          ]
        ]
      }
    },
    {
      "type": "Feature",
      "properties": {
        "from": 553,
        "to": 554,
        "distance_m": 54.0,
        "name": "坊门—街道连接",
        "type": "connector",
        "class": "connector"
      },
      "geometry": {
        "type": "LineString",
        "coordinates": [
          [
            108.919238,
            34.219344
          ],
          [
            108.91982,
            34.219344
          ]
        ]
      }
    },
    {
      "type": "Feature",
      "properties": {
        "from": 556,
        "to": 70,
        "distance_m": 541.5,
        "name": "皇城南第八横街",
        "type": "street",
        "class": "ordinary_public_street"
      },
      "geometry": {
        "type": "LineString",
        "coordinates": [
          [
            108.913741,
            34.216848
          ],
          [
            108.907906,
            34.216848
          ]
        ]
      }
    },
    {
      "type": "Feature",
      "properties": {
        "from": 556,
        "to": 86,
        "distance_m": 564.0,
        "name": "皇城南第八横街",
        "type": "street",
        "class": "ordinary_public_street"
      },
      "geometry": {
        "type": "LineString",
        "coordinates": [
          [
            108.913741,
            34.216848
          ],
          [
            108.91982,
            34.216848
          ]
        ]
      }
    },
    {
      "type": "Feature",
      "properties": {
        "from": 555,
        "to": 556,
        "distance_m": 15.0,
        "name": "坊门—街道连接",
        "type": "connector",
        "class": "connector"
      },
      "geometry": {
        "type": "LineString",
        "coordinates": [
          [
            108.913741,
            34.216981
          ],
          [
            108.913741,
            34.216848
          ]
        ]
      }
    },
    {
      "type": "Feature",
      "properties": {
        "from": 557,
        "to": 507,
        "distance_m": 27.5,
        "name": "坊门—街道连接",
        "type": "connector",
        "class": "connector"
      },
      "geometry": {
        "type": "LineString",
        "coordinates": [
          [
            108.913741,
            34.221707
          ],
          [
            108.913741,
            34.22195
          ]
        ]
      }
    },
    {
      "type": "Feature",
      "properties": {
        "from": 558,
        "to": 554,
        "distance_m": 54.0,
        "name": "坊门—街道连接",
        "type": "connector",
        "class": "connector"
      },
      "geometry": {
        "type": "LineString",
        "coordinates": [
          [
            108.920402,
            34.219344
          ],
          [
            108.91982,
            34.219344
          ]
        ]
      }
    },
    {
      "type": "Feature",
      "properties": {
        "from": 560,
        "to": 100,
        "distance_m": 282.5,
        "name": "含光门街（朱雀街西第一街）",
        "type": "street",
        "class": "ordinary_public_street"
      },
      "geometry": {
        "type": "LineString",
        "coordinates": [
          [
            108.928102,
            34.219344
          ],
          [
            108.928102,
            34.216848
          ]
        ]
      }
    },
    {
      "type": "Feature",
      "properties": {
        "from": 560,
        "to": 101,
        "distance_m": 295.0,
        "name": "含光门街（朱雀街西第一街）",
        "type": "street",
        "class": "ordinary_public_street"
      },
      "geometry": {
        "type": "LineString",
        "coordinates": [
          [
            108.928102,
            34.219344
          ],
          [
            108.928102,
            34.22195
          ]
        ]
      }
    },
    {
      "type": "Feature",
      "properties": {
        "from": 559,
        "to": 560,
        "distance_m": 31.5,
        "name": "坊门—街道连接",
        "type": "connector",
        "class": "connector"
      },
      "geometry": {
        "type": "LineString",
        "coordinates": [
          [
            108.927762,
            34.219344
          ],
          [
            108.928102,
            34.219344
          ]
        ]
      }
    },
    {
      "type": "Feature",
      "properties": {
        "from": 561,
        "to": 560,
        "distance_m": 31.5,
        "name": "坊门—街道连接",
        "type": "connector",
        "class": "connector"
      },
      "geometry": {
        "type": "LineString",
        "coordinates": [
          [
            108.928441,
            34.219344
          ],
          [
            108.928102,
            34.219344
          ]
        ]
      }
    },
    {
      "type": "Feature",
      "properties": {
        "from": 563,
        "to": 111,
        "distance_m": 282.5,
        "name": "朱雀大街（明德门—朱雀门街）",
        "type": "street",
        "class": "primary_public_street"
      },
      "geometry": {
        "type": "LineString",
        "coordinates": [
          [
            108.93529,
            34.219344
          ],
          [
            108.93529,
            34.216848
          ]
        ]
      }
    },
    {
      "type": "Feature",
      "properties": {
        "from": 563,
        "to": 112,
        "distance_m": 295.0,
        "name": "朱雀大街（明德门—朱雀门街）",
        "type": "street",
        "class": "primary_public_street"
      },
      "geometry": {
        "type": "LineString",
        "coordinates": [
          [
            108.93529,
            34.219344
          ],
          [
            108.93529,
            34.22195
          ]
        ]
      }
    },
    {
      "type": "Feature",
      "properties": {
        "from": 562,
        "to": 563,
        "distance_m": 77.5,
        "name": "坊门—街道连接",
        "type": "connector",
        "class": "connector"
      },
      "geometry": {
        "type": "LineString",
        "coordinates": [
          [
            108.934455,
            34.219344
          ],
          [
            108.93529,
            34.219344
          ]
        ]
      }
    },
    {
      "type": "Feature",
      "properties": {
        "from": 564,
        "to": 563,
        "distance_m": 77.5,
        "name": "坊门—街道连接",
        "type": "connector",
        "class": "connector"
      },
      "geometry": {
        "type": "LineString",
        "coordinates": [
          [
            108.936125,
            34.219344
          ],
          [
            108.93529,
            34.219344
          ]
        ]
      }
    },
    {
      "type": "Feature",
      "properties": {
        "from": 566,
        "to": 122,
        "distance_m": 282.5,
        "name": "安上门街（朱雀街东第一街）",
        "type": "street",
        "class": "ordinary_public_street"
      },
      "geometry": {
        "type": "LineString",
        "coordinates": [
          [
            108.942543,
            34.219344
          ],
          [
            108.942543,
            34.216848
          ]
        ]
      }
    },
    {
      "type": "Feature",
      "properties": {
        "from": 566,
        "to": 123,
        "distance_m": 295.0,
        "name": "安上门街（朱雀街东第一街）",
        "type": "street",
        "class": "ordinary_public_street"
      },
      "geometry": {
        "type": "LineString",
        "coordinates": [
          [
            108.942543,
            34.219344
          ],
          [
            108.942543,
            34.22195
          ]
        ]
      }
    },
    {
      "type": "Feature",
      "properties": {
        "from": 565,
        "to": 566,
        "distance_m": 33.5,
        "name": "坊门—街道连接",
        "type": "connector",
        "class": "connector"
      },
      "geometry": {
        "type": "LineString",
        "coordinates": [
          [
            108.942182,
            34.219344
          ],
          [
            108.942543,
            34.219344
          ]
        ]
      }
    },
    {
      "type": "Feature",
      "properties": {
        "from": 567,
        "to": 566,
        "distance_m": 33.5,
        "name": "坊门—街道连接",
        "type": "connector",
        "class": "connector"
      },
      "geometry": {
        "type": "LineString",
        "coordinates": [
          [
            108.942904,
            34.219344
          ],
          [
            108.942543,
            34.219344
          ]
        ]
      }
    },
    {
      "type": "Feature",
      "properties": {
        "from": 569,
        "to": 133,
        "distance_m": 282.5,
        "name": "启夏门—兴安门街（皇城东街）",
        "type": "street",
        "class": "primary_public_street"
      },
      "geometry": {
        "type": "LineString",
        "coordinates": [
          [
            108.95117,
            34.219344
          ],
          [
            108.95117,
            34.216848
          ]
        ]
      }
    },
    {
      "type": "Feature",
      "properties": {
        "from": 569,
        "to": 134,
        "distance_m": 295.0,
        "name": "启夏门—兴安门街（皇城东街）",
        "type": "street",
        "class": "primary_public_street"
      },
      "geometry": {
        "type": "LineString",
        "coordinates": [
          [
            108.95117,
            34.219344
          ],
          [
            108.95117,
            34.22195
          ]
        ]
      }
    },
    {
      "type": "Feature",
      "properties": {
        "from": 568,
        "to": 569,
        "distance_m": 67.0,
        "name": "坊门—街道连接",
        "type": "connector",
        "class": "connector"
      },
      "geometry": {
        "type": "LineString",
        "coordinates": [
          [
            108.950448,
            34.219344
          ],
          [
            108.95117,
            34.219344
          ]
        ]
      }
    },
    {
      "type": "Feature",
      "properties": {
        "from": 570,
        "to": 569,
        "distance_m": 67.0,
        "name": "坊门—街道连接",
        "type": "connector",
        "class": "connector"
      },
      "geometry": {
        "type": "LineString",
        "coordinates": [
          [
            108.951892,
            34.219344
          ],
          [
            108.95117,
            34.219344
          ]
        ]
      }
    },
    {
      "type": "Feature",
      "properties": {
        "from": 572,
        "to": 147,
        "distance_m": 282.5,
        "name": "朱雀街东第三街",
        "type": "street",
        "class": "ordinary_public_street"
      },
      "geometry": {
        "type": "LineString",
        "coordinates": [
          [
            108.963273,
            34.219344
          ],
          [
            108.963273,
            34.216848
          ]
        ]
      }
    },
    {
      "type": "Feature",
      "properties": {
        "from": 572,
        "to": 148,
        "distance_m": 295.0,
        "name": "朱雀街东第三街",
        "type": "street",
        "class": "ordinary_public_street"
      },
      "geometry": {
        "type": "LineString",
        "coordinates": [
          [
            108.963273,
            34.219344
          ],
          [
            108.963273,
            34.22195
          ]
        ]
      }
    },
    {
      "type": "Feature",
      "properties": {
        "from": 571,
        "to": 572,
        "distance_m": 34.0,
        "name": "坊门—街道连接",
        "type": "connector",
        "class": "connector"
      },
      "geometry": {
        "type": "LineString",
        "coordinates": [
          [
            108.962907,
            34.219344
          ],
          [
            108.963273,
            34.219344
          ]
        ]
      }
    },
    {
      "type": "Feature",
      "properties": {
        "from": 574,
        "to": 133,
        "distance_m": 578.0,
        "name": "皇城南第八横街",
        "type": "street",
        "class": "ordinary_public_street"
      },
      "geometry": {
        "type": "LineString",
        "coordinates": [
          [
            108.957399,
            34.216848
          ],
          [
            108.95117,
            34.216848
          ]
        ]
      }
    },
    {
      "type": "Feature",
      "properties": {
        "from": 574,
        "to": 147,
        "distance_m": 545.0,
        "name": "皇城南第八横街",
        "type": "street",
        "class": "ordinary_public_street"
      },
      "geometry": {
        "type": "LineString",
        "coordinates": [
          [
            108.957399,
            34.216848
          ],
          [
            108.963273,
            34.216848
          ]
        ]
      }
    },
    {
      "type": "Feature",
      "properties": {
        "from": 573,
        "to": 574,
        "distance_m": 15.0,
        "name": "坊门—街道连接",
        "type": "connector",
        "class": "connector"
      },
      "geometry": {
        "type": "LineString",
        "coordinates": [
          [
            108.957399,
            34.216981
          ],
          [
            108.957399,
            34.216848
          ]
        ]
      }
    },
    {
      "type": "Feature",
      "properties": {
        "from": 575,
        "to": 525,
        "distance_m": 27.5,
        "name": "坊门—街道连接",
        "type": "connector",
        "class": "connector"
      },
      "geometry": {
        "type": "LineString",
        "coordinates": [
          [
            108.957399,
            34.221707
          ],
          [
            108.957399,
            34.22195
          ]
        ]
      }
    },
    {
      "type": "Feature",
      "properties": {
        "from": 576,
        "to": 572,
        "distance_m": 34.0,
        "name": "坊门—街道连接",
        "type": "connector",
        "class": "connector"
      },
      "geometry": {
        "type": "LineString",
        "coordinates": [
          [
            108.963639,
            34.219344
          ],
          [
            108.963273,
            34.219344
          ]
        ]
      }
    },
    {
      "type": "Feature",
      "properties": {
        "from": 578,
        "to": 163,
        "distance_m": 282.5,
        "name": "朱雀街东第四街",
        "type": "street",
        "class": "ordinary_public_street"
      },
      "geometry": {
        "type": "LineString",
        "coordinates": [
          [
            108.97543,
            34.219344
          ],
          [
            108.97543,
            34.216848
          ]
        ]
      }
    },
    {
      "type": "Feature",
      "properties": {
        "from": 578,
        "to": 164,
        "distance_m": 295.0,
        "name": "朱雀街东第四街",
        "type": "street",
        "class": "ordinary_public_street"
      },
      "geometry": {
        "type": "LineString",
        "coordinates": [
          [
            108.97543,
            34.219344
          ],
          [
            108.97543,
            34.22195
          ]
        ]
      }
    },
    {
      "type": "Feature",
      "properties": {
        "from": 577,
        "to": 578,
        "distance_m": 34.0,
        "name": "坊门—街道连接",
        "type": "connector",
        "class": "connector"
      },
      "geometry": {
        "type": "LineString",
        "coordinates": [
          [
            108.975063,
            34.219344
          ],
          [
            108.97543,
            34.219344
          ]
        ]
      }
    },
    {
      "type": "Feature",
      "properties": {
        "from": 580,
        "to": 147,
        "distance_m": 564.0,
        "name": "皇城南第八横街",
        "type": "street",
        "class": "ordinary_public_street"
      },
      "geometry": {
        "type": "LineString",
        "coordinates": [
          [
            108.969351,
            34.216848
          ],
          [
            108.963273,
            34.216848
          ]
        ]
      }
    },
    {
      "type": "Feature",
      "properties": {
        "from": 580,
        "to": 163,
        "distance_m": 564.0,
        "name": "皇城南第八横街",
        "type": "street",
        "class": "ordinary_public_street"
      },
      "geometry": {
        "type": "LineString",
        "coordinates": [
          [
            108.969351,
            34.216848
          ],
          [
            108.97543,
            34.216848
          ]
        ]
      }
    },
    {
      "type": "Feature",
      "properties": {
        "from": 579,
        "to": 580,
        "distance_m": 15.0,
        "name": "坊门—街道连接",
        "type": "connector",
        "class": "connector"
      },
      "geometry": {
        "type": "LineString",
        "coordinates": [
          [
            108.969351,
            34.216981
          ],
          [
            108.969351,
            34.216848
          ]
        ]
      }
    },
    {
      "type": "Feature",
      "properties": {
        "from": 581,
        "to": 531,
        "distance_m": 27.5,
        "name": "坊门—街道连接",
        "type": "connector",
        "class": "connector"
      },
      "geometry": {
        "type": "LineString",
        "coordinates": [
          [
            108.969351,
            34.221707
          ],
          [
            108.969351,
            34.22195
          ]
        ]
      }
    },
    {
      "type": "Feature",
      "properties": {
        "from": 582,
        "to": 578,
        "distance_m": 34.0,
        "name": "坊门—街道连接",
        "type": "connector",
        "class": "connector"
      },
      "geometry": {
        "type": "LineString",
        "coordinates": [
          [
            108.975796,
            34.219344
          ],
          [
            108.97543,
            34.219344
          ]
        ]
      }
    },
    {
      "type": "Feature",
      "properties": {
        "from": 584,
        "to": 39,
        "distance_m": 282.5,
        "name": "东侧居民环城街",
        "type": "street",
        "class": "public_inner_wall_street"
      },
      "geometry": {
        "type": "LineString",
        "coordinates": [
          [
            108.988136,
            34.219344
          ],
          [
            108.988136,
            34.216848
          ]
        ]
      }
    },
    {
      "type": "Feature",
      "properties": {
        "from": 584,
        "to": 40,
        "distance_m": 295.0,
        "name": "东侧居民环城街",
        "type": "street",
        "class": "public_inner_wall_street"
      },
      "geometry": {
        "type": "LineString",
        "coordinates": [
          [
            108.988136,
            34.219344
          ],
          [
            108.988136,
            34.22195
          ]
        ]
      }
    },
    {
      "type": "Feature",
      "properties": {
        "from": 583,
        "to": 584,
        "distance_m": 30.0,
        "name": "坊门—街道连接",
        "type": "connector",
        "class": "connector"
      },
      "geometry": {
        "type": "LineString",
        "coordinates": [
          [
            108.987813,
            34.219344
          ],
          [
            108.988136,
            34.219344
          ]
        ]
      }
    },
    {
      "type": "Feature",
      "properties": {
        "from": 586,
        "to": 163,
        "distance_m": 591.5,
        "name": "皇城南第八横街",
        "type": "street",
        "class": "ordinary_public_street"
      },
      "geometry": {
        "type": "LineString",
        "coordinates": [
          [
            108.981804,
            34.216848
          ],
          [
            108.97543,
            34.216848
          ]
        ]
      }
    },
    {
      "type": "Feature",
      "properties": {
        "from": 586,
        "to": 39,
        "distance_m": 587.5,
        "name": "皇城南第八横街",
        "type": "street",
        "class": "ordinary_public_street"
      },
      "geometry": {
        "type": "LineString",
        "coordinates": [
          [
            108.981804,
            34.216848
          ],
          [
            108.988136,
            34.216848
          ]
        ]
      }
    },
    {
      "type": "Feature",
      "properties": {
        "from": 585,
        "to": 586,
        "distance_m": 15.0,
        "name": "坊门—街道连接",
        "type": "connector",
        "class": "connector"
      },
      "geometry": {
        "type": "LineString",
        "coordinates": [
          [
            108.981804,
            34.216981
          ],
          [
            108.981804,
            34.216848
          ]
        ]
      }
    },
    {
      "type": "Feature",
      "properties": {
        "from": 587,
        "to": 537,
        "distance_m": 27.5,
        "name": "坊门—街道连接",
        "type": "connector",
        "class": "connector"
      },
      "geometry": {
        "type": "LineString",
        "coordinates": [
          [
            108.981804,
            34.221707
          ],
          [
            108.981804,
            34.22195
          ]
        ]
      }
    },
    {
      "type": "Feature",
      "properties": {
        "from": 589,
        "to": 2,
        "distance_m": 280.0,
        "name": "西侧居民环城街",
        "type": "street",
        "class": "public_inner_wall_street"
      },
      "geometry": {
        "type": "LineString",
        "coordinates": [
          [
            108.883404,
            34.214375
          ],
          [
            108.883404,
            34.211901
          ]
        ]
      }
    },
    {
      "type": "Feature",
      "properties": {
        "from": 589,
        "to": 3,
        "distance_m": 280.0,
        "name": "西侧居民环城街",
        "type": "street",
        "class": "public_inner_wall_street"
      },
      "geometry": {
        "type": "LineString",
        "coordinates": [
          [
            108.883404,
            34.214375
          ],
          [
            108.883404,
            34.216848
          ]
        ]
      }
    },
    {
      "type": "Feature",
      "properties": {
        "from": 588,
        "to": 589,
        "distance_m": 30.0,
        "name": "坊门—街道连接",
        "type": "connector",
        "class": "connector"
      },
      "geometry": {
        "type": "LineString",
        "coordinates": [
          [
            108.883727,
            34.214375
          ],
          [
            108.883404,
            34.214375
          ]
        ]
      }
    },
    {
      "type": "Feature",
      "properties": {
        "from": 591,
        "to": 53,
        "distance_m": 280.0,
        "name": "光化门街（朱雀街西第四街）",
        "type": "street",
        "class": "ordinary_public_street"
      },
      "geometry": {
        "type": "LineString",
        "coordinates": [
          [
            108.895938,
            34.214375
          ],
          [
            108.895938,
            34.211901
          ]
        ]
      }
    },
    {
      "type": "Feature",
      "properties": {
        "from": 591,
        "to": 54,
        "distance_m": 280.0,
        "name": "光化门街（朱雀街西第四街）",
        "type": "street",
        "class": "ordinary_public_street"
      },
      "geometry": {
        "type": "LineString",
        "coordinates": [
          [
            108.895938,
            34.214375
          ],
          [
            108.895938,
            34.216848
          ]
        ]
      }
    },
    {
      "type": "Feature",
      "properties": {
        "from": 590,
        "to": 591,
        "distance_m": 21.0,
        "name": "坊门—街道连接",
        "type": "connector",
        "class": "connector"
      },
      "geometry": {
        "type": "LineString",
        "coordinates": [
          [
            108.895711,
            34.214375
          ],
          [
            108.895938,
            34.214375
          ]
        ]
      }
    },
    {
      "type": "Feature",
      "properties": {
        "from": 593,
        "to": 2,
        "distance_m": 586.0,
        "name": "皇城南第九横街",
        "type": "street",
        "class": "ordinary_public_street"
      },
      "geometry": {
        "type": "LineString",
        "coordinates": [
          [
            108.889719,
            34.211901
          ],
          [
            108.883404,
            34.211901
          ]
        ]
      }
    },
    {
      "type": "Feature",
      "properties": {
        "from": 593,
        "to": 53,
        "distance_m": 577.0,
        "name": "皇城南第九横街",
        "type": "street",
        "class": "ordinary_public_street"
      },
      "geometry": {
        "type": "LineString",
        "coordinates": [
          [
            108.889719,
            34.211901
          ],
          [
            108.895938,
            34.211901
          ]
        ]
      }
    },
    {
      "type": "Feature",
      "properties": {
        "from": 592,
        "to": 593,
        "distance_m": 15.0,
        "name": "坊门—街道连接",
        "type": "connector",
        "class": "connector"
      },
      "geometry": {
        "type": "LineString",
        "coordinates": [
          [
            108.889719,
            34.212034
          ],
          [
            108.889719,
            34.211901
          ]
        ]
      }
    },
    {
      "type": "Feature",
      "properties": {
        "from": 594,
        "to": 544,
        "distance_m": 15.0,
        "name": "坊门—街道连接",
        "type": "connector",
        "class": "connector"
      },
      "geometry": {
        "type": "LineString",
        "coordinates": [
          [
            108.889719,
            34.216716
          ],
          [
            108.889719,
            34.216848
          ]
        ]
      }
    },
    {
      "type": "Feature",
      "properties": {
        "from": 595,
        "to": 591,
        "distance_m": 21.0,
        "name": "坊门—街道连接",
        "type": "connector",
        "class": "connector"
      },
      "geometry": {
        "type": "LineString",
        "coordinates": [
          [
            108.896164,
            34.214375
          ],
          [
            108.895938,
            34.214375
          ]
        ]
      }
    },
    {
      "type": "Feature",
      "properties": {
        "from": 597,
        "to": 69,
        "distance_m": 280.0,
        "name": "景耀门街（朱雀街西第三街）",
        "type": "street",
        "class": "ordinary_public_street"
      },
      "geometry": {
        "type": "LineString",
        "coordinates": [
          [
            108.907906,
            34.214375
          ],
          [
            108.907906,
            34.211901
          ]
        ]
      }
    },
    {
      "type": "Feature",
      "properties": {
        "from": 597,
        "to": 70,
        "distance_m": 280.0,
        "name": "景耀门街（朱雀街西第三街）",
        "type": "street",
        "class": "ordinary_public_street"
      },
      "geometry": {
        "type": "LineString",
        "coordinates": [
          [
            108.907906,
            34.214375
          ],
          [
            108.907906,
            34.216848
          ]
        ]
      }
    },
    {
      "type": "Feature",
      "properties": {
        "from": 596,
        "to": 597,
        "distance_m": 31.5,
        "name": "坊门—街道连接",
        "type": "connector",
        "class": "connector"
      },
      "geometry": {
        "type": "LineString",
        "coordinates": [
          [
            108.907566,
            34.214375
          ],
          [
            108.907906,
            34.214375
          ]
        ]
      }
    },
    {
      "type": "Feature",
      "properties": {
        "from": 599,
        "to": 53,
        "distance_m": 550.0,
        "name": "皇城南第九横街",
        "type": "street",
        "class": "ordinary_public_street"
      },
      "geometry": {
        "type": "LineString",
        "coordinates": [
          [
            108.901865,
            34.211901
          ],
          [
            108.895938,
            34.211901
          ]
        ]
      }
    },
    {
      "type": "Feature",
      "properties": {
        "from": 599,
        "to": 69,
        "distance_m": 560.5,
        "name": "皇城南第九横街",
        "type": "street",
        "class": "ordinary_public_street"
      },
      "geometry": {
        "type": "LineString",
        "coordinates": [
          [
            108.901865,
            34.211901
          ],
          [
            108.907906,
            34.211901
          ]
        ]
      }
    },
    {
      "type": "Feature",
      "properties": {
        "from": 598,
        "to": 599,
        "distance_m": 15.0,
        "name": "坊门—街道连接",
        "type": "connector",
        "class": "connector"
      },
      "geometry": {
        "type": "LineString",
        "coordinates": [
          [
            108.901865,
            34.212034
          ],
          [
            108.901865,
            34.211901
          ]
        ]
      }
    },
    {
      "type": "Feature",
      "properties": {
        "from": 600,
        "to": 550,
        "distance_m": 15.0,
        "name": "坊门—街道连接",
        "type": "connector",
        "class": "connector"
      },
      "geometry": {
        "type": "LineString",
        "coordinates": [
          [
            108.901865,
            34.216716
          ],
          [
            108.901865,
            34.216848
          ]
        ]
      }
    },
    {
      "type": "Feature",
      "properties": {
        "from": 601,
        "to": 597,
        "distance_m": 31.5,
        "name": "坊门—街道连接",
        "type": "connector",
        "class": "connector"
      },
      "geometry": {
        "type": "LineString",
        "coordinates": [
          [
            108.908245,
            34.214375
          ],
          [
            108.907906,
            34.214375
          ]
        ]
      }
    },
    {
      "type": "Feature",
      "properties": {
        "from": 603,
        "to": 85,
        "distance_m": 280.0,
        "name": "安化门—芳林门街（皇城西街）",
        "type": "street",
        "class": "primary_public_street"
      },
      "geometry": {
        "type": "LineString",
        "coordinates": [
          [
            108.91982,
            34.214375
          ],
          [
            108.91982,
            34.211901
          ]
        ]
      }
    },
    {
      "type": "Feature",
      "properties": {
        "from": 603,
        "to": 86,
        "distance_m": 280.0,
        "name": "安化门—芳林门街（皇城西街）",
        "type": "street",
        "class": "primary_public_street"
      },
      "geometry": {
        "type": "LineString",
        "coordinates": [
          [
            108.91982,
            34.214375
          ],
          [
            108.91982,
            34.216848
          ]
        ]
      }
    },
    {
      "type": "Feature",
      "properties": {
        "from": 602,
        "to": 603,
        "distance_m": 54.0,
        "name": "坊门—街道连接",
        "type": "connector",
        "class": "connector"
      },
      "geometry": {
        "type": "LineString",
        "coordinates": [
          [
            108.919238,
            34.214375
          ],
          [
            108.91982,
            34.214375
          ]
        ]
      }
    },
    {
      "type": "Feature",
      "properties": {
        "from": 605,
        "to": 69,
        "distance_m": 541.5,
        "name": "皇城南第九横街",
        "type": "street",
        "class": "ordinary_public_street"
      },
      "geometry": {
        "type": "LineString",
        "coordinates": [
          [
            108.913741,
            34.211901
          ],
          [
            108.907906,
            34.211901
          ]
        ]
      }
    },
    {
      "type": "Feature",
      "properties": {
        "from": 605,
        "to": 85,
        "distance_m": 564.0,
        "name": "皇城南第九横街",
        "type": "street",
        "class": "ordinary_public_street"
      },
      "geometry": {
        "type": "LineString",
        "coordinates": [
          [
            108.913741,
            34.211901
          ],
          [
            108.91982,
            34.211901
          ]
        ]
      }
    },
    {
      "type": "Feature",
      "properties": {
        "from": 604,
        "to": 605,
        "distance_m": 15.0,
        "name": "坊门—街道连接",
        "type": "connector",
        "class": "connector"
      },
      "geometry": {
        "type": "LineString",
        "coordinates": [
          [
            108.913741,
            34.212034
          ],
          [
            108.913741,
            34.211901
          ]
        ]
      }
    },
    {
      "type": "Feature",
      "properties": {
        "from": 606,
        "to": 556,
        "distance_m": 15.0,
        "name": "坊门—街道连接",
        "type": "connector",
        "class": "connector"
      },
      "geometry": {
        "type": "LineString",
        "coordinates": [
          [
            108.913741,
            34.216716
          ],
          [
            108.913741,
            34.216848
          ]
        ]
      }
    },
    {
      "type": "Feature",
      "properties": {
        "from": 607,
        "to": 603,
        "distance_m": 54.0,
        "name": "坊门—街道连接",
        "type": "connector",
        "class": "connector"
      },
      "geometry": {
        "type": "LineString",
        "coordinates": [
          [
            108.920402,
            34.214375
          ],
          [
            108.91982,
            34.214375
          ]
        ]
      }
    },
    {
      "type": "Feature",
      "properties": {
        "from": 609,
        "to": 99,
        "distance_m": 280.0,
        "name": "含光门街（朱雀街西第一街）",
        "type": "street",
        "class": "ordinary_public_street"
      },
      "geometry": {
        "type": "LineString",
        "coordinates": [
          [
            108.928102,
            34.214375
          ],
          [
            108.928102,
            34.211901
          ]
        ]
      }
    },
    {
      "type": "Feature",
      "properties": {
        "from": 609,
        "to": 100,
        "distance_m": 280.0,
        "name": "含光门街（朱雀街西第一街）",
        "type": "street",
        "class": "ordinary_public_street"
      },
      "geometry": {
        "type": "LineString",
        "coordinates": [
          [
            108.928102,
            34.214375
          ],
          [
            108.928102,
            34.216848
          ]
        ]
      }
    },
    {
      "type": "Feature",
      "properties": {
        "from": 608,
        "to": 609,
        "distance_m": 31.5,
        "name": "坊门—街道连接",
        "type": "connector",
        "class": "connector"
      },
      "geometry": {
        "type": "LineString",
        "coordinates": [
          [
            108.927762,
            34.214375
          ],
          [
            108.928102,
            34.214375
          ]
        ]
      }
    },
    {
      "type": "Feature",
      "properties": {
        "from": 610,
        "to": 609,
        "distance_m": 31.5,
        "name": "坊门—街道连接",
        "type": "connector",
        "class": "connector"
      },
      "geometry": {
        "type": "LineString",
        "coordinates": [
          [
            108.928441,
            34.214375
          ],
          [
            108.928102,
            34.214375
          ]
        ]
      }
    },
    {
      "type": "Feature",
      "properties": {
        "from": 612,
        "to": 110,
        "distance_m": 280.0,
        "name": "朱雀大街（明德门—朱雀门街）",
        "type": "street",
        "class": "primary_public_street"
      },
      "geometry": {
        "type": "LineString",
        "coordinates": [
          [
            108.93529,
            34.214375
          ],
          [
            108.93529,
            34.211901
          ]
        ]
      }
    },
    {
      "type": "Feature",
      "properties": {
        "from": 612,
        "to": 111,
        "distance_m": 280.0,
        "name": "朱雀大街（明德门—朱雀门街）",
        "type": "street",
        "class": "primary_public_street"
      },
      "geometry": {
        "type": "LineString",
        "coordinates": [
          [
            108.93529,
            34.214375
          ],
          [
            108.93529,
            34.216848
          ]
        ]
      }
    },
    {
      "type": "Feature",
      "properties": {
        "from": 611,
        "to": 612,
        "distance_m": 77.5,
        "name": "坊门—街道连接",
        "type": "connector",
        "class": "connector"
      },
      "geometry": {
        "type": "LineString",
        "coordinates": [
          [
            108.934455,
            34.214375
          ],
          [
            108.93529,
            34.214375
          ]
        ]
      }
    },
    {
      "type": "Feature",
      "properties": {
        "from": 613,
        "to": 612,
        "distance_m": 77.5,
        "name": "坊门—街道连接",
        "type": "connector",
        "class": "connector"
      },
      "geometry": {
        "type": "LineString",
        "coordinates": [
          [
            108.936125,
            34.214375
          ],
          [
            108.93529,
            34.214375
          ]
        ]
      }
    },
    {
      "type": "Feature",
      "properties": {
        "from": 615,
        "to": 121,
        "distance_m": 280.0,
        "name": "安上门街（朱雀街东第一街）",
        "type": "street",
        "class": "ordinary_public_street"
      },
      "geometry": {
        "type": "LineString",
        "coordinates": [
          [
            108.942543,
            34.214375
          ],
          [
            108.942543,
            34.211901
          ]
        ]
      }
    },
    {
      "type": "Feature",
      "properties": {
        "from": 615,
        "to": 122,
        "distance_m": 280.0,
        "name": "安上门街（朱雀街东第一街）",
        "type": "street",
        "class": "ordinary_public_street"
      },
      "geometry": {
        "type": "LineString",
        "coordinates": [
          [
            108.942543,
            34.214375
          ],
          [
            108.942543,
            34.216848
          ]
        ]
      }
    },
    {
      "type": "Feature",
      "properties": {
        "from": 614,
        "to": 615,
        "distance_m": 33.5,
        "name": "坊门—街道连接",
        "type": "connector",
        "class": "connector"
      },
      "geometry": {
        "type": "LineString",
        "coordinates": [
          [
            108.942182,
            34.214375
          ],
          [
            108.942543,
            34.214375
          ]
        ]
      }
    },
    {
      "type": "Feature",
      "properties": {
        "from": 616,
        "to": 615,
        "distance_m": 33.5,
        "name": "坊门—街道连接",
        "type": "connector",
        "class": "connector"
      },
      "geometry": {
        "type": "LineString",
        "coordinates": [
          [
            108.942904,
            34.214375
          ],
          [
            108.942543,
            34.214375
          ]
        ]
      }
    },
    {
      "type": "Feature",
      "properties": {
        "from": 618,
        "to": 132,
        "distance_m": 280.0,
        "name": "启夏门—兴安门街（皇城东街）",
        "type": "street",
        "class": "primary_public_street"
      },
      "geometry": {
        "type": "LineString",
        "coordinates": [
          [
            108.95117,
            34.214375
          ],
          [
            108.95117,
            34.211901
          ]
        ]
      }
    },
    {
      "type": "Feature",
      "properties": {
        "from": 618,
        "to": 133,
        "distance_m": 280.0,
        "name": "启夏门—兴安门街（皇城东街）",
        "type": "street",
        "class": "primary_public_street"
      },
      "geometry": {
        "type": "LineString",
        "coordinates": [
          [
            108.95117,
            34.214375
          ],
          [
            108.95117,
            34.216848
          ]
        ]
      }
    },
    {
      "type": "Feature",
      "properties": {
        "from": 617,
        "to": 618,
        "distance_m": 67.0,
        "name": "坊门—街道连接",
        "type": "connector",
        "class": "connector"
      },
      "geometry": {
        "type": "LineString",
        "coordinates": [
          [
            108.950448,
            34.214375
          ],
          [
            108.95117,
            34.214375
          ]
        ]
      }
    },
    {
      "type": "Feature",
      "properties": {
        "from": 619,
        "to": 618,
        "distance_m": 67.0,
        "name": "坊门—街道连接",
        "type": "connector",
        "class": "connector"
      },
      "geometry": {
        "type": "LineString",
        "coordinates": [
          [
            108.951892,
            34.214375
          ],
          [
            108.95117,
            34.214375
          ]
        ]
      }
    },
    {
      "type": "Feature",
      "properties": {
        "from": 621,
        "to": 146,
        "distance_m": 280.0,
        "name": "朱雀街东第三街",
        "type": "street",
        "class": "ordinary_public_street"
      },
      "geometry": {
        "type": "LineString",
        "coordinates": [
          [
            108.963273,
            34.214375
          ],
          [
            108.963273,
            34.211901
          ]
        ]
      }
    },
    {
      "type": "Feature",
      "properties": {
        "from": 621,
        "to": 147,
        "distance_m": 280.0,
        "name": "朱雀街东第三街",
        "type": "street",
        "class": "ordinary_public_street"
      },
      "geometry": {
        "type": "LineString",
        "coordinates": [
          [
            108.963273,
            34.214375
          ],
          [
            108.963273,
            34.216848
          ]
        ]
      }
    },
    {
      "type": "Feature",
      "properties": {
        "from": 620,
        "to": 621,
        "distance_m": 34.0,
        "name": "坊门—街道连接",
        "type": "connector",
        "class": "connector"
      },
      "geometry": {
        "type": "LineString",
        "coordinates": [
          [
            108.962907,
            34.214375
          ],
          [
            108.963273,
            34.214375
          ]
        ]
      }
    },
    {
      "type": "Feature",
      "properties": {
        "from": 623,
        "to": 132,
        "distance_m": 578.0,
        "name": "皇城南第九横街",
        "type": "street",
        "class": "ordinary_public_street"
      },
      "geometry": {
        "type": "LineString",
        "coordinates": [
          [
            108.957399,
            34.211901
          ],
          [
            108.95117,
            34.211901
          ]
        ]
      }
    },
    {
      "type": "Feature",
      "properties": {
        "from": 623,
        "to": 146,
        "distance_m": 545.0,
        "name": "皇城南第九横街",
        "type": "street",
        "class": "ordinary_public_street"
      },
      "geometry": {
        "type": "LineString",
        "coordinates": [
          [
            108.957399,
            34.211901
          ],
          [
            108.963273,
            34.211901
          ]
        ]
      }
    },
    {
      "type": "Feature",
      "properties": {
        "from": 622,
        "to": 623,
        "distance_m": 15.0,
        "name": "坊门—街道连接",
        "type": "connector",
        "class": "connector"
      },
      "geometry": {
        "type": "LineString",
        "coordinates": [
          [
            108.957399,
            34.212034
          ],
          [
            108.957399,
            34.211901
          ]
        ]
      }
    },
    {
      "type": "Feature",
      "properties": {
        "from": 624,
        "to": 574,
        "distance_m": 15.0,
        "name": "坊门—街道连接",
        "type": "connector",
        "class": "connector"
      },
      "geometry": {
        "type": "LineString",
        "coordinates": [
          [
            108.957399,
            34.216716
          ],
          [
            108.957399,
            34.216848
          ]
        ]
      }
    },
    {
      "type": "Feature",
      "properties": {
        "from": 625,
        "to": 621,
        "distance_m": 34.0,
        "name": "坊门—街道连接",
        "type": "connector",
        "class": "connector"
      },
      "geometry": {
        "type": "LineString",
        "coordinates": [
          [
            108.963639,
            34.214375
          ],
          [
            108.963273,
            34.214375
          ]
        ]
      }
    },
    {
      "type": "Feature",
      "properties": {
        "from": 627,
        "to": 162,
        "distance_m": 280.0,
        "name": "朱雀街东第四街",
        "type": "street",
        "class": "ordinary_public_street"
      },
      "geometry": {
        "type": "LineString",
        "coordinates": [
          [
            108.97543,
            34.214375
          ],
          [
            108.97543,
            34.211901
          ]
        ]
      }
    },
    {
      "type": "Feature",
      "properties": {
        "from": 627,
        "to": 163,
        "distance_m": 280.0,
        "name": "朱雀街东第四街",
        "type": "street",
        "class": "ordinary_public_street"
      },
      "geometry": {
        "type": "LineString",
        "coordinates": [
          [
            108.97543,
            34.214375
          ],
          [
            108.97543,
            34.216848
          ]
        ]
      }
    },
    {
      "type": "Feature",
      "properties": {
        "from": 626,
        "to": 627,
        "distance_m": 34.0,
        "name": "坊门—街道连接",
        "type": "connector",
        "class": "connector"
      },
      "geometry": {
        "type": "LineString",
        "coordinates": [
          [
            108.975063,
            34.214375
          ],
          [
            108.97543,
            34.214375
          ]
        ]
      }
    },
    {
      "type": "Feature",
      "properties": {
        "from": 629,
        "to": 146,
        "distance_m": 564.0,
        "name": "皇城南第九横街",
        "type": "street",
        "class": "ordinary_public_street"
      },
      "geometry": {
        "type": "LineString",
        "coordinates": [
          [
            108.969351,
            34.211901
          ],
          [
            108.963273,
            34.211901
          ]
        ]
      }
    },
    {
      "type": "Feature",
      "properties": {
        "from": 629,
        "to": 162,
        "distance_m": 564.0,
        "name": "皇城南第九横街",
        "type": "street",
        "class": "ordinary_public_street"
      },
      "geometry": {
        "type": "LineString",
        "coordinates": [
          [
            108.969351,
            34.211901
          ],
          [
            108.97543,
            34.211901
          ]
        ]
      }
    },
    {
      "type": "Feature",
      "properties": {
        "from": 628,
        "to": 629,
        "distance_m": 15.0,
        "name": "坊门—街道连接",
        "type": "connector",
        "class": "connector"
      },
      "geometry": {
        "type": "LineString",
        "coordinates": [
          [
            108.969351,
            34.212034
          ],
          [
            108.969351,
            34.211901
          ]
        ]
      }
    },
    {
      "type": "Feature",
      "properties": {
        "from": 630,
        "to": 580,
        "distance_m": 15.0,
        "name": "坊门—街道连接",
        "type": "connector",
        "class": "connector"
      },
      "geometry": {
        "type": "LineString",
        "coordinates": [
          [
            108.969351,
            34.216716
          ],
          [
            108.969351,
            34.216848
          ]
        ]
      }
    },
    {
      "type": "Feature",
      "properties": {
        "from": 631,
        "to": 627,
        "distance_m": 34.0,
        "name": "坊门—街道连接",
        "type": "connector",
        "class": "connector"
      },
      "geometry": {
        "type": "LineString",
        "coordinates": [
          [
            108.975796,
            34.214375
          ],
          [
            108.97543,
            34.214375
          ]
        ]
      }
    },
    {
      "type": "Feature",
      "properties": {
        "from": 633,
        "to": 38,
        "distance_m": 265.0,
        "name": "东侧居民环城街",
        "type": "street",
        "class": "public_inner_wall_street"
      },
      "geometry": {
        "type": "LineString",
        "coordinates": [
          [
            108.988136,
            34.214375
          ],
          [
            108.988136,
            34.212034
          ]
        ]
      }
    },
    {
      "type": "Feature",
      "properties": {
        "from": 633,
        "to": 39,
        "distance_m": 280.0,
        "name": "东侧居民环城街",
        "type": "street",
        "class": "public_inner_wall_street"
      },
      "geometry": {
        "type": "LineString",
        "coordinates": [
          [
            108.988136,
            34.214375
          ],
          [
            108.988136,
            34.216848
          ]
        ]
      }
    },
    {
      "type": "Feature",
      "properties": {
        "from": 632,
        "to": 633,
        "distance_m": 30.0,
        "name": "坊门—街道连接",
        "type": "connector",
        "class": "connector"
      },
      "geometry": {
        "type": "LineString",
        "coordinates": [
          [
            108.987813,
            34.214375
          ],
          [
            108.988136,
            34.214375
          ]
        ]
      }
    },
    {
      "type": "Feature",
      "properties": {
        "from": 635,
        "to": 162,
        "distance_m": 591.5,
        "name": "皇城南第九横街",
        "type": "street",
        "class": "ordinary_public_street"
      },
      "geometry": {
        "type": "LineString",
        "coordinates": [
          [
            108.981804,
            34.211901
          ],
          [
            108.97543,
            34.211901
          ]
        ]
      }
    },
    {
      "type": "Feature",
      "properties": {
        "from": 635,
        "to": 37,
        "distance_m": 587.5,
        "name": "皇城南第九横街",
        "type": "street",
        "class": "ordinary_public_street"
      },
      "geometry": {
        "type": "LineString",
        "coordinates": [
          [
            108.981804,
            34.211901
          ],
          [
            108.988136,
            34.211901
          ]
        ]
      }
    },
    {
      "type": "Feature",
      "properties": {
        "from": 634,
        "to": 635,
        "distance_m": 15.0,
        "name": "坊门—街道连接",
        "type": "connector",
        "class": "connector"
      },
      "geometry": {
        "type": "LineString",
        "coordinates": [
          [
            108.981804,
            34.212034
          ],
          [
            108.981804,
            34.211901
          ]
        ]
      }
    },
    {
      "type": "Feature",
      "properties": {
        "from": 636,
        "to": 586,
        "distance_m": 15.0,
        "name": "坊门—街道连接",
        "type": "connector",
        "class": "connector"
      },
      "geometry": {
        "type": "LineString",
        "coordinates": [
          [
            108.981804,
            34.216716
          ],
          [
            108.981804,
            34.216848
          ]
        ]
      }
    },
    {
      "type": "Feature",
      "properties": {
        "from": 638,
        "to": 1,
        "distance_m": 310.0,
        "name": "西侧居民环城街",
        "type": "street",
        "class": "public_inner_wall_street"
      },
      "geometry": {
        "type": "LineString",
        "coordinates": [
          [
            108.883404,
            34.209295
          ],
          [
            108.883404,
            34.206557
          ]
        ]
      }
    },
    {
      "type": "Feature",
      "properties": {
        "from": 638,
        "to": 2,
        "distance_m": 295.0,
        "name": "西侧居民环城街",
        "type": "street",
        "class": "public_inner_wall_street"
      },
      "geometry": {
        "type": "LineString",
        "coordinates": [
          [
            108.883404,
            34.209295
          ],
          [
            108.883404,
            34.211901
          ]
        ]
      }
    },
    {
      "type": "Feature",
      "properties": {
        "from": 637,
        "to": 638,
        "distance_m": 30.0,
        "name": "坊门—街道连接",
        "type": "connector",
        "class": "connector"
      },
      "geometry": {
        "type": "LineString",
        "coordinates": [
          [
            108.883727,
            34.209295
          ],
          [
            108.883404,
            34.209295
          ]
        ]
      }
    },
    {
      "type": "Feature",
      "properties": {
        "from": 640,
        "to": 17,
        "distance_m": 310.0,
        "name": "光化门街（朱雀街西第四街）",
        "type": "street",
        "class": "ordinary_public_street"
      },
      "geometry": {
        "type": "LineString",
        "coordinates": [
          [
            108.895938,
            34.209295
          ],
          [
            108.895938,
            34.206557
          ]
        ]
      }
    },
    {
      "type": "Feature",
      "properties": {
        "from": 640,
        "to": 53,
        "distance_m": 295.0,
        "name": "光化门街（朱雀街西第四街）",
        "type": "street",
        "class": "ordinary_public_street"
      },
      "geometry": {
        "type": "LineString",
        "coordinates": [
          [
            108.895938,
            34.209295
          ],
          [
            108.895938,
            34.211901
          ]
        ]
      }
    },
    {
      "type": "Feature",
      "properties": {
        "from": 639,
        "to": 640,
        "distance_m": 21.0,
        "name": "坊门—街道连接",
        "type": "connector",
        "class": "connector"
      },
      "geometry": {
        "type": "LineString",
        "coordinates": [
          [
            108.895711,
            34.209295
          ],
          [
            108.895938,
            34.209295
          ]
        ]
      }
    },
    {
      "type": "Feature",
      "properties": {
        "from": 642,
        "to": 1,
        "distance_m": 586.0,
        "name": "南侧居民环城街",
        "type": "street",
        "class": "public_inner_wall_street"
      },
      "geometry": {
        "type": "LineString",
        "coordinates": [
          [
            108.889719,
            34.206557
          ],
          [
            108.883404,
            34.206557
          ]
        ]
      }
    },
    {
      "type": "Feature",
      "properties": {
        "from": 642,
        "to": 17,
        "distance_m": 577.0,
        "name": "南侧居民环城街",
        "type": "street",
        "class": "public_inner_wall_street"
      },
      "geometry": {
        "type": "LineString",
        "coordinates": [
          [
            108.889719,
            34.206557
          ],
          [
            108.895938,
            34.206557
          ]
        ]
      }
    },
    {
      "type": "Feature",
      "properties": {
        "from": 641,
        "to": 642,
        "distance_m": 30.0,
        "name": "坊门—街道连接",
        "type": "connector",
        "class": "connector"
      },
      "geometry": {
        "type": "LineString",
        "coordinates": [
          [
            108.889719,
            34.206822
          ],
          [
            108.889719,
            34.206557
          ]
        ]
      }
    },
    {
      "type": "Feature",
      "properties": {
        "from": 643,
        "to": 593,
        "distance_m": 15.0,
        "name": "坊门—街道连接",
        "type": "connector",
        "class": "connector"
      },
      "geometry": {
        "type": "LineString",
        "coordinates": [
          [
            108.889719,
            34.211769
          ],
          [
            108.889719,
            34.211901
          ]
        ]
      }
    },
    {
      "type": "Feature",
      "properties": {
        "from": 644,
        "to": 640,
        "distance_m": 21.0,
        "name": "坊门—街道连接",
        "type": "connector",
        "class": "connector"
      },
      "geometry": {
        "type": "LineString",
        "coordinates": [
          [
            108.896164,
            34.209295
          ],
          [
            108.895938,
            34.209295
          ]
        ]
      }
    },
    {
      "type": "Feature",
      "properties": {
        "from": 646,
        "to": 18,
        "distance_m": 310.0,
        "name": "景耀门街（朱雀街西第三街）",
        "type": "street",
        "class": "ordinary_public_street"
      },
      "geometry": {
        "type": "LineString",
        "coordinates": [
          [
            108.907906,
            34.209295
          ],
          [
            108.907906,
            34.206557
          ]
        ]
      }
    },
    {
      "type": "Feature",
      "properties": {
        "from": 646,
        "to": 69,
        "distance_m": 295.0,
        "name": "景耀门街（朱雀街西第三街）",
        "type": "street",
        "class": "ordinary_public_street"
      },
      "geometry": {
        "type": "LineString",
        "coordinates": [
          [
            108.907906,
            34.209295
          ],
          [
            108.907906,
            34.211901
          ]
        ]
      }
    },
    {
      "type": "Feature",
      "properties": {
        "from": 645,
        "to": 646,
        "distance_m": 31.5,
        "name": "坊门—街道连接",
        "type": "connector",
        "class": "connector"
      },
      "geometry": {
        "type": "LineString",
        "coordinates": [
          [
            108.907566,
            34.209295
          ],
          [
            108.907906,
            34.209295
          ]
        ]
      }
    },
    {
      "type": "Feature",
      "properties": {
        "from": 648,
        "to": 17,
        "distance_m": 550.0,
        "name": "南侧居民环城街",
        "type": "street",
        "class": "public_inner_wall_street"
      },
      "geometry": {
        "type": "LineString",
        "coordinates": [
          [
            108.901865,
            34.206557
          ],
          [
            108.895938,
            34.206557
          ]
        ]
      }
    },
    {
      "type": "Feature",
      "properties": {
        "from": 648,
        "to": 18,
        "distance_m": 560.5,
        "name": "南侧居民环城街",
        "type": "street",
        "class": "public_inner_wall_street"
      },
      "geometry": {
        "type": "LineString",
        "coordinates": [
          [
            108.901865,
            34.206557
          ],
          [
            108.907906,
            34.206557
          ]
        ]
      }
    },
    {
      "type": "Feature",
      "properties": {
        "from": 647,
        "to": 648,
        "distance_m": 30.0,
        "name": "坊门—街道连接",
        "type": "connector",
        "class": "connector"
      },
      "geometry": {
        "type": "LineString",
        "coordinates": [
          [
            108.901865,
            34.206822
          ],
          [
            108.901865,
            34.206557
          ]
        ]
      }
    },
    {
      "type": "Feature",
      "properties": {
        "from": 649,
        "to": 599,
        "distance_m": 15.0,
        "name": "坊门—街道连接",
        "type": "connector",
        "class": "connector"
      },
      "geometry": {
        "type": "LineString",
        "coordinates": [
          [
            108.901865,
            34.211769
          ],
          [
            108.901865,
            34.211901
          ]
        ]
      }
    },
    {
      "type": "Feature",
      "properties": {
        "from": 650,
        "to": 646,
        "distance_m": 31.5,
        "name": "坊门—街道连接",
        "type": "connector",
        "class": "connector"
      },
      "geometry": {
        "type": "LineString",
        "coordinates": [
          [
            108.908245,
            34.209295
          ],
          [
            108.907906,
            34.209295
          ]
        ]
      }
    },
    {
      "type": "Feature",
      "properties": {
        "from": 652,
        "to": 19,
        "distance_m": 310.0,
        "name": "安化门—芳林门街（皇城西街）",
        "type": "street",
        "class": "primary_public_street"
      },
      "geometry": {
        "type": "LineString",
        "coordinates": [
          [
            108.91982,
            34.209295
          ],
          [
            108.91982,
            34.206557
          ]
        ]
      }
    },
    {
      "type": "Feature",
      "properties": {
        "from": 652,
        "to": 85,
        "distance_m": 295.0,
        "name": "安化门—芳林门街（皇城西街）",
        "type": "street",
        "class": "primary_public_street"
      },
      "geometry": {
        "type": "LineString",
        "coordinates": [
          [
            108.91982,
            34.209295
          ],
          [
            108.91982,
            34.211901
          ]
        ]
      }
    },
    {
      "type": "Feature",
      "properties": {
        "from": 651,
        "to": 652,
        "distance_m": 54.0,
        "name": "坊门—街道连接",
        "type": "connector",
        "class": "connector"
      },
      "geometry": {
        "type": "LineString",
        "coordinates": [
          [
            108.919238,
            34.209295
          ],
          [
            108.91982,
            34.209295
          ]
        ]
      }
    },
    {
      "type": "Feature",
      "properties": {
        "from": 654,
        "to": 18,
        "distance_m": 541.5,
        "name": "南侧居民环城街",
        "type": "street",
        "class": "public_inner_wall_street"
      },
      "geometry": {
        "type": "LineString",
        "coordinates": [
          [
            108.913741,
            34.206557
          ],
          [
            108.907906,
            34.206557
          ]
        ]
      }
    },
    {
      "type": "Feature",
      "properties": {
        "from": 654,
        "to": 19,
        "distance_m": 564.0,
        "name": "南侧居民环城街",
        "type": "street",
        "class": "public_inner_wall_street"
      },
      "geometry": {
        "type": "LineString",
        "coordinates": [
          [
            108.913741,
            34.206557
          ],
          [
            108.91982,
            34.206557
          ]
        ]
      }
    },
    {
      "type": "Feature",
      "properties": {
        "from": 653,
        "to": 654,
        "distance_m": 30.0,
        "name": "坊门—街道连接",
        "type": "connector",
        "class": "connector"
      },
      "geometry": {
        "type": "LineString",
        "coordinates": [
          [
            108.913741,
            34.206822
          ],
          [
            108.913741,
            34.206557
          ]
        ]
      }
    },
    {
      "type": "Feature",
      "properties": {
        "from": 655,
        "to": 605,
        "distance_m": 15.0,
        "name": "坊门—街道连接",
        "type": "connector",
        "class": "connector"
      },
      "geometry": {
        "type": "LineString",
        "coordinates": [
          [
            108.913741,
            34.211769
          ],
          [
            108.913741,
            34.211901
          ]
        ]
      }
    },
    {
      "type": "Feature",
      "properties": {
        "from": 656,
        "to": 652,
        "distance_m": 54.0,
        "name": "坊门—街道连接",
        "type": "connector",
        "class": "connector"
      },
      "geometry": {
        "type": "LineString",
        "coordinates": [
          [
            108.920402,
            34.209295
          ],
          [
            108.91982,
            34.209295
          ]
        ]
      }
    },
    {
      "type": "Feature",
      "properties": {
        "from": 658,
        "to": 20,
        "distance_m": 310.0,
        "name": "含光门街（朱雀街西第一街）",
        "type": "street",
        "class": "ordinary_public_street"
      },
      "geometry": {
        "type": "LineString",
        "coordinates": [
          [
            108.928102,
            34.209295
          ],
          [
            108.928102,
            34.206557
          ]
        ]
      }
    },
    {
      "type": "Feature",
      "properties": {
        "from": 658,
        "to": 99,
        "distance_m": 295.0,
        "name": "含光门街（朱雀街西第一街）",
        "type": "street",
        "class": "ordinary_public_street"
      },
      "geometry": {
        "type": "LineString",
        "coordinates": [
          [
            108.928102,
            34.209295
          ],
          [
            108.928102,
            34.211901
          ]
        ]
      }
    },
    {
      "type": "Feature",
      "properties": {
        "from": 657,
        "to": 658,
        "distance_m": 31.5,
        "name": "坊门—街道连接",
        "type": "connector",
        "class": "connector"
      },
      "geometry": {
        "type": "LineString",
        "coordinates": [
          [
            108.927762,
            34.209295
          ],
          [
            108.928102,
            34.209295
          ]
        ]
      }
    },
    {
      "type": "Feature",
      "properties": {
        "from": 659,
        "to": 658,
        "distance_m": 31.5,
        "name": "坊门—街道连接",
        "type": "connector",
        "class": "connector"
      },
      "geometry": {
        "type": "LineString",
        "coordinates": [
          [
            108.928441,
            34.209295
          ],
          [
            108.928102,
            34.209295
          ]
        ]
      }
    },
    {
      "type": "Feature",
      "properties": {
        "from": 661,
        "to": 21,
        "distance_m": 310.0,
        "name": "朱雀大街（明德门—朱雀门街）",
        "type": "street",
        "class": "primary_public_street"
      },
      "geometry": {
        "type": "LineString",
        "coordinates": [
          [
            108.93529,
            34.209295
          ],
          [
            108.93529,
            34.206557
          ]
        ]
      }
    },
    {
      "type": "Feature",
      "properties": {
        "from": 661,
        "to": 110,
        "distance_m": 295.0,
        "name": "朱雀大街（明德门—朱雀门街）",
        "type": "street",
        "class": "primary_public_street"
      },
      "geometry": {
        "type": "LineString",
        "coordinates": [
          [
            108.93529,
            34.209295
          ],
          [
            108.93529,
            34.211901
          ]
        ]
      }
    },
    {
      "type": "Feature",
      "properties": {
        "from": 660,
        "to": 661,
        "distance_m": 77.5,
        "name": "坊门—街道连接",
        "type": "connector",
        "class": "connector"
      },
      "geometry": {
        "type": "LineString",
        "coordinates": [
          [
            108.934455,
            34.209295
          ],
          [
            108.93529,
            34.209295
          ]
        ]
      }
    },
    {
      "type": "Feature",
      "properties": {
        "from": 662,
        "to": 661,
        "distance_m": 77.5,
        "name": "坊门—街道连接",
        "type": "connector",
        "class": "connector"
      },
      "geometry": {
        "type": "LineString",
        "coordinates": [
          [
            108.936125,
            34.209295
          ],
          [
            108.93529,
            34.209295
          ]
        ]
      }
    },
    {
      "type": "Feature",
      "properties": {
        "from": 664,
        "to": 22,
        "distance_m": 310.0,
        "name": "安上门街（朱雀街东第一街）",
        "type": "street",
        "class": "ordinary_public_street"
      },
      "geometry": {
        "type": "LineString",
        "coordinates": [
          [
            108.942543,
            34.209295
          ],
          [
            108.942543,
            34.206557
          ]
        ]
      }
    },
    {
      "type": "Feature",
      "properties": {
        "from": 664,
        "to": 121,
        "distance_m": 295.0,
        "name": "安上门街（朱雀街东第一街）",
        "type": "street",
        "class": "ordinary_public_street"
      },
      "geometry": {
        "type": "LineString",
        "coordinates": [
          [
            108.942543,
            34.209295
          ],
          [
            108.942543,
            34.211901
          ]
        ]
      }
    },
    {
      "type": "Feature",
      "properties": {
        "from": 663,
        "to": 664,
        "distance_m": 33.5,
        "name": "坊门—街道连接",
        "type": "connector",
        "class": "connector"
      },
      "geometry": {
        "type": "LineString",
        "coordinates": [
          [
            108.942182,
            34.209295
          ],
          [
            108.942543,
            34.209295
          ]
        ]
      }
    },
    {
      "type": "Feature",
      "properties": {
        "from": 665,
        "to": 664,
        "distance_m": 33.5,
        "name": "坊门—街道连接",
        "type": "connector",
        "class": "connector"
      },
      "geometry": {
        "type": "LineString",
        "coordinates": [
          [
            108.942904,
            34.209295
          ],
          [
            108.942543,
            34.209295
          ]
        ]
      }
    },
    {
      "type": "Feature",
      "properties": {
        "from": 667,
        "to": 23,
        "distance_m": 310.0,
        "name": "启夏门—兴安门街（皇城东街）",
        "type": "street",
        "class": "primary_public_street"
      },
      "geometry": {
        "type": "LineString",
        "coordinates": [
          [
            108.95117,
            34.209295
          ],
          [
            108.95117,
            34.206557
          ]
        ]
      }
    },
    {
      "type": "Feature",
      "properties": {
        "from": 667,
        "to": 132,
        "distance_m": 295.0,
        "name": "启夏门—兴安门街（皇城东街）",
        "type": "street",
        "class": "primary_public_street"
      },
      "geometry": {
        "type": "LineString",
        "coordinates": [
          [
            108.95117,
            34.209295
          ],
          [
            108.95117,
            34.211901
          ]
        ]
      }
    },
    {
      "type": "Feature",
      "properties": {
        "from": 666,
        "to": 667,
        "distance_m": 67.0,
        "name": "坊门—街道连接",
        "type": "connector",
        "class": "connector"
      },
      "geometry": {
        "type": "LineString",
        "coordinates": [
          [
            108.950448,
            34.209295
          ],
          [
            108.95117,
            34.209295
          ]
        ]
      }
    },
    {
      "type": "Feature",
      "properties": {
        "from": 668,
        "to": 667,
        "distance_m": 67.0,
        "name": "坊门—街道连接",
        "type": "connector",
        "class": "connector"
      },
      "geometry": {
        "type": "LineString",
        "coordinates": [
          [
            108.951892,
            34.209295
          ],
          [
            108.95117,
            34.209295
          ]
        ]
      }
    },
    {
      "type": "Feature",
      "properties": {
        "from": 670,
        "to": 24,
        "distance_m": 310.0,
        "name": "朱雀街东第三街",
        "type": "street",
        "class": "ordinary_public_street"
      },
      "geometry": {
        "type": "LineString",
        "coordinates": [
          [
            108.963273,
            34.209295
          ],
          [
            108.963273,
            34.206557
          ]
        ]
      }
    },
    {
      "type": "Feature",
      "properties": {
        "from": 670,
        "to": 146,
        "distance_m": 295.0,
        "name": "朱雀街东第三街",
        "type": "street",
        "class": "ordinary_public_street"
      },
      "geometry": {
        "type": "LineString",
        "coordinates": [
          [
            108.963273,
            34.209295
          ],
          [
            108.963273,
            34.211901
          ]
        ]
      }
    },
    {
      "type": "Feature",
      "properties": {
        "from": 669,
        "to": 670,
        "distance_m": 34.0,
        "name": "坊门—街道连接",
        "type": "connector",
        "class": "connector"
      },
      "geometry": {
        "type": "LineString",
        "coordinates": [
          [
            108.962907,
            34.209295
          ],
          [
            108.963273,
            34.209295
          ]
        ]
      }
    },
    {
      "type": "Feature",
      "properties": {
        "from": 672,
        "to": 23,
        "distance_m": 578.0,
        "name": "南侧居民环城街",
        "type": "street",
        "class": "public_inner_wall_street"
      },
      "geometry": {
        "type": "LineString",
        "coordinates": [
          [
            108.957399,
            34.206557
          ],
          [
            108.95117,
            34.206557
          ]
        ]
      }
    },
    {
      "type": "Feature",
      "properties": {
        "from": 672,
        "to": 24,
        "distance_m": 545.0,
        "name": "南侧居民环城街",
        "type": "street",
        "class": "public_inner_wall_street"
      },
      "geometry": {
        "type": "LineString",
        "coordinates": [
          [
            108.957399,
            34.206557
          ],
          [
            108.963273,
            34.206557
          ]
        ]
      }
    },
    {
      "type": "Feature",
      "properties": {
        "from": 671,
        "to": 672,
        "distance_m": 30.0,
        "name": "坊门—街道连接",
        "type": "connector",
        "class": "connector"
      },
      "geometry": {
        "type": "LineString",
        "coordinates": [
          [
            108.957399,
            34.206822
          ],
          [
            108.957399,
            34.206557
          ]
        ]
      }
    },
    {
      "type": "Feature",
      "properties": {
        "from": 673,
        "to": 623,
        "distance_m": 15.0,
        "name": "坊门—街道连接",
        "type": "connector",
        "class": "connector"
      },
      "geometry": {
        "type": "LineString",
        "coordinates": [
          [
            108.957399,
            34.211769
          ],
          [
            108.957399,
            34.211901
          ]
        ]
      }
    },
    {
      "type": "Feature",
      "properties": {
        "from": 674,
        "to": 670,
        "distance_m": 34.0,
        "name": "坊门—街道连接",
        "type": "connector",
        "class": "connector"
      },
      "geometry": {
        "type": "LineString",
        "coordinates": [
          [
            108.963639,
            34.209295
          ],
          [
            108.963273,
            34.209295
          ]
        ]
      }
    },
    {
      "type": "Feature",
      "properties": {
        "from": 676,
        "to": 25,
        "distance_m": 310.0,
        "name": "朱雀街东第四街",
        "type": "street",
        "class": "ordinary_public_street"
      },
      "geometry": {
        "type": "LineString",
        "coordinates": [
          [
            108.97543,
            34.209295
          ],
          [
            108.97543,
            34.206557
          ]
        ]
      }
    },
    {
      "type": "Feature",
      "properties": {
        "from": 676,
        "to": 162,
        "distance_m": 295.0,
        "name": "朱雀街东第四街",
        "type": "street",
        "class": "ordinary_public_street"
      },
      "geometry": {
        "type": "LineString",
        "coordinates": [
          [
            108.97543,
            34.209295
          ],
          [
            108.97543,
            34.211901
          ]
        ]
      }
    },
    {
      "type": "Feature",
      "properties": {
        "from": 675,
        "to": 676,
        "distance_m": 34.0,
        "name": "坊门—街道连接",
        "type": "connector",
        "class": "connector"
      },
      "geometry": {
        "type": "LineString",
        "coordinates": [
          [
            108.975063,
            34.209295
          ],
          [
            108.97543,
            34.209295
          ]
        ]
      }
    },
    {
      "type": "Feature",
      "properties": {
        "from": 678,
        "to": 24,
        "distance_m": 564.0,
        "name": "南侧居民环城街",
        "type": "street",
        "class": "public_inner_wall_street"
      },
      "geometry": {
        "type": "LineString",
        "coordinates": [
          [
            108.969351,
            34.206557
          ],
          [
            108.963273,
            34.206557
          ]
        ]
      }
    },
    {
      "type": "Feature",
      "properties": {
        "from": 678,
        "to": 25,
        "distance_m": 564.0,
        "name": "南侧居民环城街",
        "type": "street",
        "class": "public_inner_wall_street"
      },
      "geometry": {
        "type": "LineString",
        "coordinates": [
          [
            108.969351,
            34.206557
          ],
          [
            108.97543,
            34.206557
          ]
        ]
      }
    },
    {
      "type": "Feature",
      "properties": {
        "from": 677,
        "to": 678,
        "distance_m": 30.0,
        "name": "坊门—街道连接",
        "type": "connector",
        "class": "connector"
      },
      "geometry": {
        "type": "LineString",
        "coordinates": [
          [
            108.969351,
            34.206822
          ],
          [
            108.969351,
            34.206557
          ]
        ]
      }
    },
    {
      "type": "Feature",
      "properties": {
        "from": 679,
        "to": 629,
        "distance_m": 15.0,
        "name": "坊门—街道连接",
        "type": "connector",
        "class": "connector"
      },
      "geometry": {
        "type": "LineString",
        "coordinates": [
          [
            108.969351,
            34.211769
          ],
          [
            108.969351,
            34.211901
          ]
        ]
      }
    },
    {
      "type": "Feature",
      "properties": {
        "from": 681,
        "to": 13,
        "distance_m": 332.0,
        "name": "西侧居民环城街",
        "type": "street",
        "class": "public_inner_wall_street"
      },
      "geometry": {
        "type": "LineString",
        "coordinates": [
          [
            108.883404,
            34.278227
          ],
          [
            108.883404,
            34.275294
          ]
        ]
      }
    },
    {
      "type": "Feature",
      "properties": {
        "from": 681,
        "to": 14,
        "distance_m": 324.0,
        "name": "西侧居民环城街",
        "type": "street",
        "class": "public_inner_wall_street"
      },
      "geometry": {
        "type": "LineString",
        "coordinates": [
          [
            108.883404,
            34.278227
          ],
          [
            108.883404,
            34.281089
          ]
        ]
      }
    },
    {
      "type": "Feature",
      "properties": {
        "from": 680,
        "to": 681,
        "distance_m": 30.0,
        "name": "坊门—街道连接",
        "type": "connector",
        "class": "connector"
      },
      "geometry": {
        "type": "LineString",
        "coordinates": [
          [
            108.883727,
            34.278227
          ],
          [
            108.883404,
            34.278227
          ]
        ]
      }
    },
    {
      "type": "Feature",
      "properties": {
        "from": 683,
        "to": 66,
        "distance_m": 332.0,
        "name": "光化门街（朱雀街西第四街）",
        "type": "street",
        "class": "ordinary_public_street"
      },
      "geometry": {
        "type": "LineString",
        "coordinates": [
          [
            108.895938,
            34.278227
          ],
          [
            108.895938,
            34.275294
          ]
        ]
      }
    },
    {
      "type": "Feature",
      "properties": {
        "from": 683,
        "to": 67,
        "distance_m": 294.0,
        "name": "光化门街（朱雀街西第四街）",
        "type": "street",
        "class": "ordinary_public_street"
      },
      "geometry": {
        "type": "LineString",
        "coordinates": [
          [
            108.895938,
            34.278227
          ],
          [
            108.895938,
            34.280824
          ]
        ]
      }
    },
    {
      "type": "Feature",
      "properties": {
        "from": 682,
        "to": 683,
        "distance_m": 21.0,
        "name": "坊门—街道连接",
        "type": "connector",
        "class": "connector"
      },
      "geometry": {
        "type": "LineString",
        "coordinates": [
          [
            108.895711,
            34.278227
          ],
          [
            108.895938,
            34.278227
          ]
        ]
      }
    },
    {
      "type": "Feature",
      "properties": {
        "from": 685,
        "to": 13,
        "distance_m": 586.0,
        "name": "北一横街",
        "type": "street",
        "class": "ordinary_public_street"
      },
      "geometry": {
        "type": "LineString",
        "coordinates": [
          [
            108.889719,
            34.275294
          ],
          [
            108.883404,
            34.275294
          ]
        ]
      }
    },
    {
      "type": "Feature",
      "properties": {
        "from": 685,
        "to": 66,
        "distance_m": 577.0,
        "name": "北一横街",
        "type": "street",
        "class": "ordinary_public_street"
      },
      "geometry": {
        "type": "LineString",
        "coordinates": [
          [
            108.889719,
            34.275294
          ],
          [
            108.895938,
            34.275294
          ]
        ]
      }
    },
    {
      "type": "Feature",
      "properties": {
        "from": 684,
        "to": 685,
        "distance_m": 38.0,
        "name": "坊门—街道连接",
        "type": "connector",
        "class": "connector"
      },
      "geometry": {
        "type": "LineString",
        "coordinates": [
          [
            108.889719,
            34.27563
          ],
          [
            108.889719,
            34.275294
          ]
        ]
      }
    },
    {
      "type": "Feature",
      "properties": {
        "from": 687,
        "to": 14,
        "distance_m": 586.0,
        "name": "北侧居民环城街",
        "type": "street",
        "class": "public_inner_wall_street"
      },
      "geometry": {
        "type": "LineString",
        "coordinates": [
          [
            108.889719,
            34.281089
          ],
          [
            108.883404,
            34.281089
          ]
        ]
      }
    },
    {
      "type": "Feature",
      "properties": {
        "from": 687,
        "to": 28,
        "distance_m": 577.0,
        "name": "北侧居民环城街",
        "type": "street",
        "class": "public_inner_wall_street"
      },
      "geometry": {
        "type": "LineString",
        "coordinates": [
          [
            108.889719,
            34.281089
          ],
          [
            108.895938,
            34.281089
          ]
        ]
      }
    },
    {
      "type": "Feature",
      "properties": {
        "from": 686,
        "to": 687,
        "distance_m": 30.0,
        "name": "坊门—街道连接",
        "type": "connector",
        "class": "connector"
      },
      "geometry": {
        "type": "LineString",
        "coordinates": [
          [
            108.889719,
            34.280824
          ],
          [
            108.889719,
            34.281089
          ]
        ]
      }
    },
    {
      "type": "Feature",
      "properties": {
        "from": 688,
        "to": 683,
        "distance_m": 21.0,
        "name": "坊门—街道连接",
        "type": "connector",
        "class": "connector"
      },
      "geometry": {
        "type": "LineString",
        "coordinates": [
          [
            108.896164,
            34.278227
          ],
          [
            108.895938,
            34.278227
          ]
        ]
      }
    },
    {
      "type": "Feature",
      "properties": {
        "from": 690,
        "to": 82,
        "distance_m": 332.0,
        "name": "景耀门街（朱雀街西第三街）",
        "type": "street",
        "class": "ordinary_public_street"
      },
      "geometry": {
        "type": "LineString",
        "coordinates": [
          [
            108.907906,
            34.278227
          ],
          [
            108.907906,
            34.275294
          ]
        ]
      }
    },
    {
      "type": "Feature",
      "properties": {
        "from": 690,
        "to": 83,
        "distance_m": 294.0,
        "name": "景耀门街（朱雀街西第三街）",
        "type": "street",
        "class": "ordinary_public_street"
      },
      "geometry": {
        "type": "LineString",
        "coordinates": [
          [
            108.907906,
            34.278227
          ],
          [
            108.907906,
            34.280824
          ]
        ]
      }
    },
    {
      "type": "Feature",
      "properties": {
        "from": 689,
        "to": 690,
        "distance_m": 31.5,
        "name": "坊门—街道连接",
        "type": "connector",
        "class": "connector"
      },
      "geometry": {
        "type": "LineString",
        "coordinates": [
          [
            108.907566,
            34.278227
          ],
          [
            108.907906,
            34.278227
          ]
        ]
      }
    },
    {
      "type": "Feature",
      "properties": {
        "from": 692,
        "to": 66,
        "distance_m": 550.0,
        "name": "北一横街",
        "type": "street",
        "class": "ordinary_public_street"
      },
      "geometry": {
        "type": "LineString",
        "coordinates": [
          [
            108.901865,
            34.275294
          ],
          [
            108.895938,
            34.275294
          ]
        ]
      }
    },
    {
      "type": "Feature",
      "properties": {
        "from": 692,
        "to": 82,
        "distance_m": 560.5,
        "name": "北一横街",
        "type": "street",
        "class": "ordinary_public_street"
      },
      "geometry": {
        "type": "LineString",
        "coordinates": [
          [
            108.901865,
            34.275294
          ],
          [
            108.907906,
            34.275294
          ]
        ]
      }
    },
    {
      "type": "Feature",
      "properties": {
        "from": 691,
        "to": 692,
        "distance_m": 38.0,
        "name": "坊门—街道连接",
        "type": "connector",
        "class": "connector"
      },
      "geometry": {
        "type": "LineString",
        "coordinates": [
          [
            108.901865,
            34.27563
          ],
          [
            108.901865,
            34.275294
          ]
        ]
      }
    },
    {
      "type": "Feature",
      "properties": {
        "from": 694,
        "to": 28,
        "distance_m": 550.0,
        "name": "北侧居民环城街",
        "type": "street",
        "class": "public_inner_wall_street"
      },
      "geometry": {
        "type": "LineString",
        "coordinates": [
          [
            108.901865,
            34.281089
          ],
          [
            108.895938,
            34.281089
          ]
        ]
      }
    },
    {
      "type": "Feature",
      "properties": {
        "from": 694,
        "to": 29,
        "distance_m": 560.5,
        "name": "北侧居民环城街",
        "type": "street",
        "class": "public_inner_wall_street"
      },
      "geometry": {
        "type": "LineString",
        "coordinates": [
          [
            108.901865,
            34.281089
          ],
          [
            108.907906,
            34.281089
          ]
        ]
      }
    },
    {
      "type": "Feature",
      "properties": {
        "from": 693,
        "to": 694,
        "distance_m": 30.0,
        "name": "坊门—街道连接",
        "type": "connector",
        "class": "connector"
      },
      "geometry": {
        "type": "LineString",
        "coordinates": [
          [
            108.901865,
            34.280824
          ],
          [
            108.901865,
            34.281089
          ]
        ]
      }
    },
    {
      "type": "Feature",
      "properties": {
        "from": 695,
        "to": 690,
        "distance_m": 31.5,
        "name": "坊门—街道连接",
        "type": "connector",
        "class": "connector"
      },
      "geometry": {
        "type": "LineString",
        "coordinates": [
          [
            108.908245,
            34.278227
          ],
          [
            108.907906,
            34.278227
          ]
        ]
      }
    },
    {
      "type": "Feature",
      "properties": {
        "from": 697,
        "to": 96,
        "distance_m": 332.0,
        "name": "安化门—芳林门街（皇城西街）",
        "type": "street",
        "class": "primary_public_street"
      },
      "geometry": {
        "type": "LineString",
        "coordinates": [
          [
            108.91982,
            34.278227
          ],
          [
            108.91982,
            34.275294
          ]
        ]
      }
    },
    {
      "type": "Feature",
      "properties": {
        "from": 697,
        "to": 97,
        "distance_m": 294.0,
        "name": "安化门—芳林门街（皇城西街）",
        "type": "street",
        "class": "primary_public_street"
      },
      "geometry": {
        "type": "LineString",
        "coordinates": [
          [
            108.91982,
            34.278227
          ],
          [
            108.91982,
            34.280824
          ]
        ]
      }
    },
    {
      "type": "Feature",
      "properties": {
        "from": 696,
        "to": 697,
        "distance_m": 54.0,
        "name": "坊门—街道连接",
        "type": "connector",
        "class": "connector"
      },
      "geometry": {
        "type": "LineString",
        "coordinates": [
          [
            108.919238,
            34.278227
          ],
          [
            108.91982,
            34.278227
          ]
        ]
      }
    },
    {
      "type": "Feature",
      "properties": {
        "from": 699,
        "to": 82,
        "distance_m": 541.5,
        "name": "北一横街",
        "type": "street",
        "class": "ordinary_public_street"
      },
      "geometry": {
        "type": "LineString",
        "coordinates": [
          [
            108.913741,
            34.275294
          ],
          [
            108.907906,
            34.275294
          ]
        ]
      }
    },
    {
      "type": "Feature",
      "properties": {
        "from": 699,
        "to": 96,
        "distance_m": 564.0,
        "name": "北一横街",
        "type": "street",
        "class": "ordinary_public_street"
      },
      "geometry": {
        "type": "LineString",
        "coordinates": [
          [
            108.913741,
            34.275294
          ],
          [
            108.91982,
            34.275294
          ]
        ]
      }
    },
    {
      "type": "Feature",
      "properties": {
        "from": 698,
        "to": 699,
        "distance_m": 38.0,
        "name": "坊门—街道连接",
        "type": "connector",
        "class": "connector"
      },
      "geometry": {
        "type": "LineString",
        "coordinates": [
          [
            108.913741,
            34.27563
          ],
          [
            108.913741,
            34.275294
          ]
        ]
      }
    },
    {
      "type": "Feature",
      "properties": {
        "from": 701,
        "to": 29,
        "distance_m": 541.5,
        "name": "北侧居民环城街",
        "type": "street",
        "class": "public_inner_wall_street"
      },
      "geometry": {
        "type": "LineString",
        "coordinates": [
          [
            108.913741,
            34.281089
          ],
          [
            108.907906,
            34.281089
          ]
        ]
      }
    },
    {
      "type": "Feature",
      "properties": {
        "from": 701,
        "to": 30,
        "distance_m": 564.0,
        "name": "北侧居民环城街",
        "type": "street",
        "class": "public_inner_wall_street"
      },
      "geometry": {
        "type": "LineString",
        "coordinates": [
          [
            108.913741,
            34.281089
          ],
          [
            108.91982,
            34.281089
          ]
        ]
      }
    },
    {
      "type": "Feature",
      "properties": {
        "from": 700,
        "to": 701,
        "distance_m": 30.0,
        "name": "坊门—街道连接",
        "type": "connector",
        "class": "connector"
      },
      "geometry": {
        "type": "LineString",
        "coordinates": [
          [
            108.913741,
            34.280824
          ],
          [
            108.913741,
            34.281089
          ]
        ]
      }
    },
    {
      "type": "Feature",
      "properties": {
        "from": 703,
        "to": 12,
        "distance_m": 370.0,
        "name": "西侧居民环城街",
        "type": "street",
        "class": "public_inner_wall_street"
      },
      "geometry": {
        "type": "LineString",
        "coordinates": [
          [
            108.883404,
            34.272361
          ],
          [
            108.883404,
            34.269093
          ]
        ]
      }
    },
    {
      "type": "Feature",
      "properties": {
        "from": 703,
        "to": 13,
        "distance_m": 332.0,
        "name": "西侧居民环城街",
        "type": "street",
        "class": "public_inner_wall_street"
      },
      "geometry": {
        "type": "LineString",
        "coordinates": [
          [
            108.883404,
            34.272361
          ],
          [
            108.883404,
            34.275294
          ]
        ]
      }
    },
    {
      "type": "Feature",
      "properties": {
        "from": 702,
        "to": 703,
        "distance_m": 30.0,
        "name": "坊门—街道连接",
        "type": "connector",
        "class": "connector"
      },
      "geometry": {
        "type": "LineString",
        "coordinates": [
          [
            108.883727,
            34.272361
          ],
          [
            108.883404,
            34.272361
          ]
        ]
      }
    },
    {
      "type": "Feature",
      "properties": {
        "from": 705,
        "to": 65,
        "distance_m": 370.0,
        "name": "光化门街（朱雀街西第四街）",
        "type": "street",
        "class": "ordinary_public_street"
      },
      "geometry": {
        "type": "LineString",
        "coordinates": [
          [
            108.895938,
            34.272361
          ],
          [
            108.895938,
            34.269093
          ]
        ]
      }
    },
    {
      "type": "Feature",
      "properties": {
        "from": 705,
        "to": 66,
        "distance_m": 332.0,
        "name": "光化门街（朱雀街西第四街）",
        "type": "street",
        "class": "ordinary_public_street"
      },
      "geometry": {
        "type": "LineString",
        "coordinates": [
          [
            108.895938,
            34.272361
          ],
          [
            108.895938,
            34.275294
          ]
        ]
      }
    },
    {
      "type": "Feature",
      "properties": {
        "from": 704,
        "to": 705,
        "distance_m": 21.0,
        "name": "坊门—街道连接",
        "type": "connector",
        "class": "connector"
      },
      "geometry": {
        "type": "LineString",
        "coordinates": [
          [
            108.895711,
            34.272361
          ],
          [
            108.895938,
            34.272361
          ]
        ]
      }
    },
    {
      "type": "Feature",
      "properties": {
        "from": 707,
        "to": 12,
        "distance_m": 586.0,
        "name": "开远门—通化门街",
        "type": "street",
        "class": "primary_public_street"
      },
      "geometry": {
        "type": "LineString",
        "coordinates": [
          [
            108.889719,
            34.269093
          ],
          [
            108.883404,
            34.269093
          ]
        ]
      }
    },
    {
      "type": "Feature",
      "properties": {
        "from": 707,
        "to": 65,
        "distance_m": 577.0,
        "name": "开远门—通化门街",
        "type": "street",
        "class": "primary_public_street"
      },
      "geometry": {
        "type": "LineString",
        "coordinates": [
          [
            108.889719,
            34.269093
          ],
          [
            108.895938,
            34.269093
          ]
        ]
      }
    },
    {
      "type": "Feature",
      "properties": {
        "from": 706,
        "to": 707,
        "distance_m": 76.0,
        "name": "坊门—街道连接",
        "type": "connector",
        "class": "connector"
      },
      "geometry": {
        "type": "LineString",
        "coordinates": [
          [
            108.889719,
            34.269764
          ],
          [
            108.889719,
            34.269093
          ]
        ]
      }
    },
    {
      "type": "Feature",
      "properties": {
        "from": 708,
        "to": 685,
        "distance_m": 38.0,
        "name": "坊门—街道连接",
        "type": "connector",
        "class": "connector"
      },
      "geometry": {
        "type": "LineString",
        "coordinates": [
          [
            108.889719,
            34.274958
          ],
          [
            108.889719,
            34.275294
          ]
        ]
      }
    },
    {
      "type": "Feature",
      "properties": {
        "from": 709,
        "to": 705,
        "distance_m": 21.0,
        "name": "坊门—街道连接",
        "type": "connector",
        "class": "connector"
      },
      "geometry": {
        "type": "LineString",
        "coordinates": [
          [
            108.896164,
            34.272361
          ],
          [
            108.895938,
            34.272361
          ]
        ]
      }
    },
    {
      "type": "Feature",
      "properties": {
        "from": 711,
        "to": 81,
        "distance_m": 370.0,
        "name": "景耀门街（朱雀街西第三街）",
        "type": "street",
        "class": "ordinary_public_street"
      },
      "geometry": {
        "type": "LineString",
        "coordinates": [
          [
            108.907906,
            34.272361
          ],
          [
            108.907906,
            34.269093
          ]
        ]
      }
    },
    {
      "type": "Feature",
      "properties": {
        "from": 711,
        "to": 82,
        "distance_m": 332.0,
        "name": "景耀门街（朱雀街西第三街）",
        "type": "street",
        "class": "ordinary_public_street"
      },
      "geometry": {
        "type": "LineString",
        "coordinates": [
          [
            108.907906,
            34.272361
          ],
          [
            108.907906,
            34.275294
          ]
        ]
      }
    },
    {
      "type": "Feature",
      "properties": {
        "from": 710,
        "to": 711,
        "distance_m": 31.5,
        "name": "坊门—街道连接",
        "type": "connector",
        "class": "connector"
      },
      "geometry": {
        "type": "LineString",
        "coordinates": [
          [
            108.907566,
            34.272361
          ],
          [
            108.907906,
            34.272361
          ]
        ]
      }
    },
    {
      "type": "Feature",
      "properties": {
        "from": 713,
        "to": 65,
        "distance_m": 550.0,
        "name": "开远门—通化门街",
        "type": "street",
        "class": "primary_public_street"
      },
      "geometry": {
        "type": "LineString",
        "coordinates": [
          [
            108.901865,
            34.269093
          ],
          [
            108.895938,
            34.269093
          ]
        ]
      }
    },
    {
      "type": "Feature",
      "properties": {
        "from": 713,
        "to": 81,
        "distance_m": 560.5,
        "name": "开远门—通化门街",
        "type": "street",
        "class": "primary_public_street"
      },
      "geometry": {
        "type": "LineString",
        "coordinates": [
          [
            108.901865,
            34.269093
          ],
          [
            108.907906,
            34.269093
          ]
        ]
      }
    },
    {
      "type": "Feature",
      "properties": {
        "from": 712,
        "to": 713,
        "distance_m": 76.0,
        "name": "坊门—街道连接",
        "type": "connector",
        "class": "connector"
      },
      "geometry": {
        "type": "LineString",
        "coordinates": [
          [
            108.901865,
            34.269764
          ],
          [
            108.901865,
            34.269093
          ]
        ]
      }
    },
    {
      "type": "Feature",
      "properties": {
        "from": 714,
        "to": 692,
        "distance_m": 38.0,
        "name": "坊门—街道连接",
        "type": "connector",
        "class": "connector"
      },
      "geometry": {
        "type": "LineString",
        "coordinates": [
          [
            108.901865,
            34.274958
          ],
          [
            108.901865,
            34.275294
          ]
        ]
      }
    },
    {
      "type": "Feature",
      "properties": {
        "from": 715,
        "to": 711,
        "distance_m": 31.5,
        "name": "坊门—街道连接",
        "type": "connector",
        "class": "connector"
      },
      "geometry": {
        "type": "LineString",
        "coordinates": [
          [
            108.908245,
            34.272361
          ],
          [
            108.907906,
            34.272361
          ]
        ]
      }
    },
    {
      "type": "Feature",
      "properties": {
        "from": 717,
        "to": 95,
        "distance_m": 370.0,
        "name": "安化门—芳林门街（皇城西街）",
        "type": "street",
        "class": "primary_public_street"
      },
      "geometry": {
        "type": "LineString",
        "coordinates": [
          [
            108.91982,
            34.272361
          ],
          [
            108.91982,
            34.269093
          ]
        ]
      }
    },
    {
      "type": "Feature",
      "properties": {
        "from": 717,
        "to": 96,
        "distance_m": 332.0,
        "name": "安化门—芳林门街（皇城西街）",
        "type": "street",
        "class": "primary_public_street"
      },
      "geometry": {
        "type": "LineString",
        "coordinates": [
          [
            108.91982,
            34.272361
          ],
          [
            108.91982,
            34.275294
          ]
        ]
      }
    },
    {
      "type": "Feature",
      "properties": {
        "from": 716,
        "to": 717,
        "distance_m": 54.0,
        "name": "坊门—街道连接",
        "type": "connector",
        "class": "connector"
      },
      "geometry": {
        "type": "LineString",
        "coordinates": [
          [
            108.919238,
            34.272361
          ],
          [
            108.91982,
            34.272361
          ]
        ]
      }
    },
    {
      "type": "Feature",
      "properties": {
        "from": 719,
        "to": 81,
        "distance_m": 541.5,
        "name": "开远门—通化门街",
        "type": "street",
        "class": "primary_public_street"
      },
      "geometry": {
        "type": "LineString",
        "coordinates": [
          [
            108.913741,
            34.269093
          ],
          [
            108.907906,
            34.269093
          ]
        ]
      }
    },
    {
      "type": "Feature",
      "properties": {
        "from": 719,
        "to": 95,
        "distance_m": 564.0,
        "name": "开远门—通化门街",
        "type": "street",
        "class": "primary_public_street"
      },
      "geometry": {
        "type": "LineString",
        "coordinates": [
          [
            108.913741,
            34.269093
          ],
          [
            108.91982,
            34.269093
          ]
        ]
      }
    },
    {
      "type": "Feature",
      "properties": {
        "from": 718,
        "to": 719,
        "distance_m": 76.0,
        "name": "坊门—街道连接",
        "type": "connector",
        "class": "connector"
      },
      "geometry": {
        "type": "LineString",
        "coordinates": [
          [
            108.913741,
            34.269764
          ],
          [
            108.913741,
            34.269093
          ]
        ]
      }
    },
    {
      "type": "Feature",
      "properties": {
        "from": 720,
        "to": 699,
        "distance_m": 38.0,
        "name": "坊门—街道连接",
        "type": "connector",
        "class": "connector"
      },
      "geometry": {
        "type": "LineString",
        "coordinates": [
          [
            108.913741,
            34.274958
          ],
          [
            108.913741,
            34.275294
          ]
        ]
      }
    },
    {
      "type": "Feature",
      "properties": {
        "from": 722,
        "to": 11,
        "distance_m": 415.5,
        "name": "西侧居民环城街",
        "type": "street",
        "class": "public_inner_wall_street"
      },
      "geometry": {
        "type": "LineString",
        "coordinates": [
          [
            108.883404,
            34.265086
          ],
          [
            108.883404,
            34.261416
          ]
        ]
      }
    },
    {
      "type": "Feature",
      "properties": {
        "from": 722,
        "to": 12,
        "distance_m": 453.5,
        "name": "西侧居民环城街",
        "type": "street",
        "class": "public_inner_wall_street"
      },
      "geometry": {
        "type": "LineString",
        "coordinates": [
          [
            108.883404,
            34.265086
          ],
          [
            108.883404,
            34.269093
          ]
        ]
      }
    },
    {
      "type": "Feature",
      "properties": {
        "from": 721,
        "to": 722,
        "distance_m": 30.0,
        "name": "坊门—街道连接",
        "type": "connector",
        "class": "connector"
      },
      "geometry": {
        "type": "LineString",
        "coordinates": [
          [
            108.883727,
            34.265086
          ],
          [
            108.883404,
            34.265086
          ]
        ]
      }
    },
    {
      "type": "Feature",
      "properties": {
        "from": 724,
        "to": 64,
        "distance_m": 415.5,
        "name": "光化门街（朱雀街西第四街）",
        "type": "street",
        "class": "ordinary_public_street"
      },
      "geometry": {
        "type": "LineString",
        "coordinates": [
          [
            108.895938,
            34.265086
          ],
          [
            108.895938,
            34.261416
          ]
        ]
      }
    },
    {
      "type": "Feature",
      "properties": {
        "from": 724,
        "to": 65,
        "distance_m": 453.5,
        "name": "光化门街（朱雀街西第四街）",
        "type": "street",
        "class": "ordinary_public_street"
      },
      "geometry": {
        "type": "LineString",
        "coordinates": [
          [
            108.895938,
            34.265086
          ],
          [
            108.895938,
            34.269093
          ]
        ]
      }
    },
    {
      "type": "Feature",
      "properties": {
        "from": 723,
        "to": 724,
        "distance_m": 21.0,
        "name": "坊门—街道连接",
        "type": "connector",
        "class": "connector"
      },
      "geometry": {
        "type": "LineString",
        "coordinates": [
          [
            108.895711,
            34.265086
          ],
          [
            108.895938,
            34.265086
          ]
        ]
      }
    },
    {
      "type": "Feature",
      "properties": {
        "from": 726,
        "to": 11,
        "distance_m": 586.0,
        "name": "北三横街",
        "type": "street",
        "class": "ordinary_public_street"
      },
      "geometry": {
        "type": "LineString",
        "coordinates": [
          [
            108.889719,
            34.261416
          ],
          [
            108.883404,
            34.261416
          ]
        ]
      }
    },
    {
      "type": "Feature",
      "properties": {
        "from": 726,
        "to": 64,
        "distance_m": 577.0,
        "name": "北三横街",
        "type": "street",
        "class": "ordinary_public_street"
      },
      "geometry": {
        "type": "LineString",
        "coordinates": [
          [
            108.889719,
            34.261416
          ],
          [
            108.895938,
            34.261416
          ]
        ]
      }
    },
    {
      "type": "Feature",
      "properties": {
        "from": 725,
        "to": 726,
        "distance_m": 38.0,
        "name": "坊门—街道连接",
        "type": "connector",
        "class": "connector"
      },
      "geometry": {
        "type": "LineString",
        "coordinates": [
          [
            108.889719,
            34.261752
          ],
          [
            108.889719,
            34.261416
          ]
        ]
      }
    },
    {
      "type": "Feature",
      "properties": {
        "from": 727,
        "to": 707,
        "distance_m": 76.0,
        "name": "坊门—街道连接",
        "type": "connector",
        "class": "connector"
      },
      "geometry": {
        "type": "LineString",
        "coordinates": [
          [
            108.889719,
            34.268421
          ],
          [
            108.889719,
            34.269093
          ]
        ]
      }
    },
    {
      "type": "Feature",
      "properties": {
        "from": 728,
        "to": 724,
        "distance_m": 21.0,
        "name": "坊门—街道连接",
        "type": "connector",
        "class": "connector"
      },
      "geometry": {
        "type": "LineString",
        "coordinates": [
          [
            108.896164,
            34.265086
          ],
          [
            108.895938,
            34.265086
          ]
        ]
      }
    },
    {
      "type": "Feature",
      "properties": {
        "from": 730,
        "to": 80,
        "distance_m": 415.5,
        "name": "景耀门街（朱雀街西第三街）",
        "type": "street",
        "class": "ordinary_public_street"
      },
      "geometry": {
        "type": "LineString",
        "coordinates": [
          [
            108.907906,
            34.265086
          ],
          [
            108.907906,
            34.261416
          ]
        ]
      }
    },
    {
      "type": "Feature",
      "properties": {
        "from": 730,
        "to": 81,
        "distance_m": 453.5,
        "name": "景耀门街（朱雀街西第三街）",
        "type": "street",
        "class": "ordinary_public_street"
      },
      "geometry": {
        "type": "LineString",
        "coordinates": [
          [
            108.907906,
            34.265086
          ],
          [
            108.907906,
            34.269093
          ]
        ]
      }
    },
    {
      "type": "Feature",
      "properties": {
        "from": 729,
        "to": 730,
        "distance_m": 31.5,
        "name": "坊门—街道连接",
        "type": "connector",
        "class": "connector"
      },
      "geometry": {
        "type": "LineString",
        "coordinates": [
          [
            108.907566,
            34.265086
          ],
          [
            108.907906,
            34.265086
          ]
        ]
      }
    },
    {
      "type": "Feature",
      "properties": {
        "from": 732,
        "to": 64,
        "distance_m": 550.0,
        "name": "北三横街",
        "type": "street",
        "class": "ordinary_public_street"
      },
      "geometry": {
        "type": "LineString",
        "coordinates": [
          [
            108.901865,
            34.261416
          ],
          [
            108.895938,
            34.261416
          ]
        ]
      }
    },
    {
      "type": "Feature",
      "properties": {
        "from": 732,
        "to": 80,
        "distance_m": 560.5,
        "name": "北三横街",
        "type": "street",
        "class": "ordinary_public_street"
      },
      "geometry": {
        "type": "LineString",
        "coordinates": [
          [
            108.901865,
            34.261416
          ],
          [
            108.907906,
            34.261416
          ]
        ]
      }
    },
    {
      "type": "Feature",
      "properties": {
        "from": 731,
        "to": 732,
        "distance_m": 38.0,
        "name": "坊门—街道连接",
        "type": "connector",
        "class": "connector"
      },
      "geometry": {
        "type": "LineString",
        "coordinates": [
          [
            108.901865,
            34.261752
          ],
          [
            108.901865,
            34.261416
          ]
        ]
      }
    },
    {
      "type": "Feature",
      "properties": {
        "from": 733,
        "to": 713,
        "distance_m": 76.0,
        "name": "坊门—街道连接",
        "type": "connector",
        "class": "connector"
      },
      "geometry": {
        "type": "LineString",
        "coordinates": [
          [
            108.901865,
            34.268421
          ],
          [
            108.901865,
            34.269093
          ]
        ]
      }
    },
    {
      "type": "Feature",
      "properties": {
        "from": 734,
        "to": 730,
        "distance_m": 31.5,
        "name": "坊门—街道连接",
        "type": "connector",
        "class": "connector"
      },
      "geometry": {
        "type": "LineString",
        "coordinates": [
          [
            108.908245,
            34.265086
          ],
          [
            108.907906,
            34.265086
          ]
        ]
      }
    },
    {
      "type": "Feature",
      "properties": {
        "from": 736,
        "to": 94,
        "distance_m": 415.5,
        "name": "安化门—芳林门街（皇城西街）",
        "type": "street",
        "class": "primary_public_street"
      },
      "geometry": {
        "type": "LineString",
        "coordinates": [
          [
            108.91982,
            34.265086
          ],
          [
            108.91982,
            34.261416
          ]
        ]
      }
    },
    {
      "type": "Feature",
      "properties": {
        "from": 736,
        "to": 95,
        "distance_m": 453.5,
        "name": "安化门—芳林门街（皇城西街）",
        "type": "street",
        "class": "primary_public_street"
      },
      "geometry": {
        "type": "LineString",
        "coordinates": [
          [
            108.91982,
            34.265086
          ],
          [
            108.91982,
            34.269093
          ]
        ]
      }
    },
    {
      "type": "Feature",
      "properties": {
        "from": 735,
        "to": 736,
        "distance_m": 54.0,
        "name": "坊门—街道连接",
        "type": "connector",
        "class": "connector"
      },
      "geometry": {
        "type": "LineString",
        "coordinates": [
          [
            108.919238,
            34.265086
          ],
          [
            108.91982,
            34.265086
          ]
        ]
      }
    },
    {
      "type": "Feature",
      "properties": {
        "from": 738,
        "to": 80,
        "distance_m": 541.5,
        "name": "北三横街",
        "type": "street",
        "class": "ordinary_public_street"
      },
      "geometry": {
        "type": "LineString",
        "coordinates": [
          [
            108.913741,
            34.261416
          ],
          [
            108.907906,
            34.261416
          ]
        ]
      }
    },
    {
      "type": "Feature",
      "properties": {
        "from": 738,
        "to": 94,
        "distance_m": 564.0,
        "name": "北三横街",
        "type": "street",
        "class": "ordinary_public_street"
      },
      "geometry": {
        "type": "LineString",
        "coordinates": [
          [
            108.913741,
            34.261416
          ],
          [
            108.91982,
            34.261416
          ]
        ]
      }
    },
    {
      "type": "Feature",
      "properties": {
        "from": 737,
        "to": 738,
        "distance_m": 38.0,
        "name": "坊门—街道连接",
        "type": "connector",
        "class": "connector"
      },
      "geometry": {
        "type": "LineString",
        "coordinates": [
          [
            108.913741,
            34.261752
          ],
          [
            108.913741,
            34.261416
          ]
        ]
      }
    },
    {
      "type": "Feature",
      "properties": {
        "from": 739,
        "to": 719,
        "distance_m": 76.0,
        "name": "坊门—街道连接",
        "type": "connector",
        "class": "connector"
      },
      "geometry": {
        "type": "LineString",
        "coordinates": [
          [
            108.913741,
            34.268421
          ],
          [
            108.913741,
            34.269093
          ]
        ]
      }
    },
    {
      "type": "Feature",
      "properties": {
        "from": 741,
        "to": 10,
        "distance_m": 479.0,
        "name": "西侧居民环城街",
        "type": "street",
        "class": "public_inner_wall_street"
      },
      "geometry": {
        "type": "LineString",
        "coordinates": [
          [
            108.883404,
            34.257379
          ],
          [
            108.883404,
            34.253147
          ]
        ]
      }
    },
    {
      "type": "Feature",
      "properties": {
        "from": 741,
        "to": 11,
        "distance_m": 457.0,
        "name": "西侧居民环城街",
        "type": "street",
        "class": "public_inner_wall_street"
      },
      "geometry": {
        "type": "LineString",
        "coordinates": [
          [
            108.883404,
            34.257379
          ],
          [
            108.883404,
            34.261416
          ]
        ]
      }
    },
    {
      "type": "Feature",
      "properties": {
        "from": 740,
        "to": 741,
        "distance_m": 30.0,
        "name": "坊门—街道连接",
        "type": "connector",
        "class": "connector"
      },
      "geometry": {
        "type": "LineString",
        "coordinates": [
          [
            108.883727,
            34.257379
          ],
          [
            108.883404,
            34.257379
          ]
        ]
      }
    },
    {
      "type": "Feature",
      "properties": {
        "from": 743,
        "to": 63,
        "distance_m": 479.0,
        "name": "光化门街（朱雀街西第四街）",
        "type": "street",
        "class": "ordinary_public_street"
      },
      "geometry": {
        "type": "LineString",
        "coordinates": [
          [
            108.895938,
            34.257379
          ],
          [
            108.895938,
            34.253147
          ]
        ]
      }
    },
    {
      "type": "Feature",
      "properties": {
        "from": 743,
        "to": 64,
        "distance_m": 457.0,
        "name": "光化门街（朱雀街西第四街）",
        "type": "street",
        "class": "ordinary_public_street"
      },
      "geometry": {
        "type": "LineString",
        "coordinates": [
          [
            108.895938,
            34.257379
          ],
          [
            108.895938,
            34.261416
          ]
        ]
      }
    },
    {
      "type": "Feature",
      "properties": {
        "from": 742,
        "to": 743,
        "distance_m": 21.0,
        "name": "坊门—街道连接",
        "type": "connector",
        "class": "connector"
      },
      "geometry": {
        "type": "LineString",
        "coordinates": [
          [
            108.895711,
            34.257379
          ],
          [
            108.895938,
            34.257379
          ]
        ]
      }
    },
    {
      "type": "Feature",
      "properties": {
        "from": 744,
        "to": 266,
        "distance_m": 60.0,
        "name": "坊门—街道连接",
        "type": "connector",
        "class": "connector"
      },
      "geometry": {
        "type": "LineString",
        "coordinates": [
          [
            108.889719,
            34.253677
          ],
          [
            108.889719,
            34.253147
          ]
        ]
      }
    },
    {
      "type": "Feature",
      "properties": {
        "from": 745,
        "to": 726,
        "distance_m": 38.0,
        "name": "坊门—街道连接",
        "type": "connector",
        "class": "connector"
      },
      "geometry": {
        "type": "LineString",
        "coordinates": [
          [
            108.889719,
            34.26108
          ],
          [
            108.889719,
            34.261416
          ]
        ]
      }
    },
    {
      "type": "Feature",
      "properties": {
        "from": 746,
        "to": 743,
        "distance_m": 21.0,
        "name": "坊门—街道连接",
        "type": "connector",
        "class": "connector"
      },
      "geometry": {
        "type": "LineString",
        "coordinates": [
          [
            108.896164,
            34.257379
          ],
          [
            108.895938,
            34.257379
          ]
        ]
      }
    },
    {
      "type": "Feature",
      "properties": {
        "from": 748,
        "to": 79,
        "distance_m": 479.0,
        "name": "景耀门街（朱雀街西第三街）",
        "type": "street",
        "class": "ordinary_public_street"
      },
      "geometry": {
        "type": "LineString",
        "coordinates": [
          [
            108.907906,
            34.257379
          ],
          [
            108.907906,
            34.253147
          ]
        ]
      }
    },
    {
      "type": "Feature",
      "properties": {
        "from": 748,
        "to": 80,
        "distance_m": 457.0,
        "name": "景耀门街（朱雀街西第三街）",
        "type": "street",
        "class": "ordinary_public_street"
      },
      "geometry": {
        "type": "LineString",
        "coordinates": [
          [
            108.907906,
            34.257379
          ],
          [
            108.907906,
            34.261416
          ]
        ]
      }
    },
    {
      "type": "Feature",
      "properties": {
        "from": 747,
        "to": 748,
        "distance_m": 31.5,
        "name": "坊门—街道连接",
        "type": "connector",
        "class": "connector"
      },
      "geometry": {
        "type": "LineString",
        "coordinates": [
          [
            108.907566,
            34.257379
          ],
          [
            108.907906,
            34.257379
          ]
        ]
      }
    },
    {
      "type": "Feature",
      "properties": {
        "from": 750,
        "to": 188,
        "distance_m": 494.0,
        "name": "金光门—春明门街",
        "type": "street",
        "class": "primary_public_street"
      },
      "geometry": {
        "type": "LineString",
        "coordinates": [
          [
            108.901865,
            34.253147
          ],
          [
            108.896541,
            34.253147
          ]
        ]
      }
    },
    {
      "type": "Feature",
      "properties": {
        "from": 750,
        "to": 189,
        "distance_m": 494.0,
        "name": "金光门—春明门街",
        "type": "street",
        "class": "primary_public_street"
      },
      "geometry": {
        "type": "LineString",
        "coordinates": [
          [
            108.901865,
            34.253147
          ],
          [
            108.907189,
            34.253147
          ]
        ]
      }
    },
    {
      "type": "Feature",
      "properties": {
        "from": 749,
        "to": 750,
        "distance_m": 60.0,
        "name": "坊门—街道连接",
        "type": "connector",
        "class": "connector"
      },
      "geometry": {
        "type": "LineString",
        "coordinates": [
          [
            108.901865,
            34.253677
          ],
          [
            108.901865,
            34.253147
          ]
        ]
      }
    },
    {
      "type": "Feature",
      "properties": {
        "from": 751,
        "to": 732,
        "distance_m": 38.0,
        "name": "坊门—街道连接",
        "type": "connector",
        "class": "connector"
      },
      "geometry": {
        "type": "LineString",
        "coordinates": [
          [
            108.901865,
            34.26108
          ],
          [
            108.901865,
            34.261416
          ]
        ]
      }
    },
    {
      "type": "Feature",
      "properties": {
        "from": 752,
        "to": 748,
        "distance_m": 31.5,
        "name": "坊门—街道连接",
        "type": "connector",
        "class": "connector"
      },
      "geometry": {
        "type": "LineString",
        "coordinates": [
          [
            108.908245,
            34.257379
          ],
          [
            108.907906,
            34.257379
          ]
        ]
      }
    },
    {
      "type": "Feature",
      "properties": {
        "from": 754,
        "to": 93,
        "distance_m": 479.0,
        "name": "安化门—芳林门街（皇城西街）",
        "type": "street",
        "class": "primary_public_street"
      },
      "geometry": {
        "type": "LineString",
        "coordinates": [
          [
            108.91982,
            34.257379
          ],
          [
            108.91982,
            34.253147
          ]
        ]
      }
    },
    {
      "type": "Feature",
      "properties": {
        "from": 754,
        "to": 94,
        "distance_m": 457.0,
        "name": "安化门—芳林门街（皇城西街）",
        "type": "street",
        "class": "primary_public_street"
      },
      "geometry": {
        "type": "LineString",
        "coordinates": [
          [
            108.91982,
            34.257379
          ],
          [
            108.91982,
            34.261416
          ]
        ]
      }
    },
    {
      "type": "Feature",
      "properties": {
        "from": 753,
        "to": 754,
        "distance_m": 54.0,
        "name": "坊门—街道连接",
        "type": "connector",
        "class": "connector"
      },
      "geometry": {
        "type": "LineString",
        "coordinates": [
          [
            108.919238,
            34.257379
          ],
          [
            108.91982,
            34.257379
          ]
        ]
      }
    },
    {
      "type": "Feature",
      "properties": {
        "from": 755,
        "to": 274,
        "distance_m": 60.0,
        "name": "坊门—街道连接",
        "type": "connector",
        "class": "connector"
      },
      "geometry": {
        "type": "LineString",
        "coordinates": [
          [
            108.913741,
            34.253677
          ],
          [
            108.913741,
            34.253147
          ]
        ]
      }
    },
    {
      "type": "Feature",
      "properties": {
        "from": 756,
        "to": 738,
        "distance_m": 38.0,
        "name": "坊门—街道连接",
        "type": "connector",
        "class": "connector"
      },
      "geometry": {
        "type": "LineString",
        "coordinates": [
          [
            108.913741,
            34.26108
          ],
          [
            108.913741,
            34.261416
          ]
        ]
      }
    },
    {
      "type": "Feature",
      "properties": {
        "from": 758,
        "to": 143,
        "distance_m": 332.0,
        "name": "启夏门—兴安门街（皇城东街）",
        "type": "street",
        "class": "primary_public_street"
      },
      "geometry": {
        "type": "LineString",
        "coordinates": [
          [
            108.95117,
            34.278227
          ],
          [
            108.95117,
            34.275294
          ]
        ]
      }
    },
    {
      "type": "Feature",
      "properties": {
        "from": 758,
        "to": 144,
        "distance_m": 294.0,
        "name": "启夏门—兴安门街（皇城东街）",
        "type": "street",
        "class": "primary_public_street"
      },
      "geometry": {
        "type": "LineString",
        "coordinates": [
          [
            108.95117,
            34.278227
          ],
          [
            108.95117,
            34.280824
          ]
        ]
      }
    },
    {
      "type": "Feature",
      "properties": {
        "from": 757,
        "to": 758,
        "distance_m": 67.0,
        "name": "坊门—街道连接",
        "type": "connector",
        "class": "connector"
      },
      "geometry": {
        "type": "LineString",
        "coordinates": [
          [
            108.951892,
            34.278227
          ],
          [
            108.95117,
            34.278227
          ]
        ]
      }
    },
    {
      "type": "Feature",
      "properties": {
        "from": 760,
        "to": 180,
        "distance_m": 332.0,
        "name": "丹凤门大街",
        "type": "street",
        "class": "ordinary_public_street"
      },
      "geometry": {
        "type": "LineString",
        "coordinates": [
          [
            108.959625,
            34.278227
          ],
          [
            108.959625,
            34.275294
          ]
        ]
      }
    },
    {
      "type": "Feature",
      "properties": {
        "from": 760,
        "to": 181,
        "distance_m": 294.0,
        "name": "丹凤门大街",
        "type": "street",
        "class": "ordinary_public_street"
      },
      "geometry": {
        "type": "LineString",
        "coordinates": [
          [
            108.959625,
            34.278227
          ],
          [
            108.959625,
            34.280824
          ]
        ]
      }
    },
    {
      "type": "Feature",
      "properties": {
        "from": 759,
        "to": 760,
        "distance_m": 46.0,
        "name": "坊门—街道连接",
        "type": "connector",
        "class": "connector"
      },
      "geometry": {
        "type": "LineString",
        "coordinates": [
          [
            108.959129,
            34.278227
          ],
          [
            108.959625,
            34.278227
          ]
        ]
      }
    },
    {
      "type": "Feature",
      "properties": {
        "from": 761,
        "to": 760,
        "distance_m": 46.0,
        "name": "坊门—街道连接",
        "type": "connector",
        "class": "connector"
      },
      "geometry": {
        "type": "LineString",
        "coordinates": [
          [
            108.960121,
            34.278227
          ],
          [
            108.959625,
            34.278227
          ]
        ]
      }
    },
    {
      "type": "Feature",
      "properties": {
        "from": 763,
        "to": 159,
        "distance_m": 332.0,
        "name": "朱雀街东第三街",
        "type": "street",
        "class": "ordinary_public_street"
      },
      "geometry": {
        "type": "LineString",
        "coordinates": [
          [
            108.963273,
            34.278227
          ],
          [
            108.963273,
            34.275294
          ]
        ]
      }
    },
    {
      "type": "Feature",
      "properties": {
        "from": 763,
        "to": 160,
        "distance_m": 294.0,
        "name": "朱雀街东第三街",
        "type": "street",
        "class": "ordinary_public_street"
      },
      "geometry": {
        "type": "LineString",
        "coordinates": [
          [
            108.963273,
            34.278227
          ],
          [
            108.963273,
            34.280824
          ]
        ]
      }
    },
    {
      "type": "Feature",
      "properties": {
        "from": 762,
        "to": 763,
        "distance_m": 34.0,
        "name": "坊门—街道连接",
        "type": "connector",
        "class": "connector"
      },
      "geometry": {
        "type": "LineString",
        "coordinates": [
          [
            108.962907,
            34.278227
          ],
          [
            108.963273,
            34.278227
          ]
        ]
      }
    },
    {
      "type": "Feature",
      "properties": {
        "from": 764,
        "to": 763,
        "distance_m": 34.0,
        "name": "坊门—街道连接",
        "type": "connector",
        "class": "connector"
      },
      "geometry": {
        "type": "LineString",
        "coordinates": [
          [
            108.963639,
            34.278227
          ],
          [
            108.963273,
            34.278227
          ]
        ]
      }
    },
    {
      "type": "Feature",
      "properties": {
        "from": 766,
        "to": 176,
        "distance_m": 332.0,
        "name": "朱雀街东第四街",
        "type": "street",
        "class": "ordinary_public_street"
      },
      "geometry": {
        "type": "LineString",
        "coordinates": [
          [
            108.97543,
            34.278227
          ],
          [
            108.97543,
            34.275294
          ]
        ]
      }
    },
    {
      "type": "Feature",
      "properties": {
        "from": 766,
        "to": 177,
        "distance_m": 294.0,
        "name": "朱雀街东第四街",
        "type": "street",
        "class": "ordinary_public_street"
      },
      "geometry": {
        "type": "LineString",
        "coordinates": [
          [
            108.97543,
            34.278227
          ],
          [
            108.97543,
            34.280824
          ]
        ]
      }
    },
    {
      "type": "Feature",
      "properties": {
        "from": 765,
        "to": 766,
        "distance_m": 34.0,
        "name": "坊门—街道连接",
        "type": "connector",
        "class": "connector"
      },
      "geometry": {
        "type": "LineString",
        "coordinates": [
          [
            108.975063,
            34.278227
          ],
          [
            108.97543,
            34.278227
          ]
        ]
      }
    },
    {
      "type": "Feature",
      "properties": {
        "from": 768,
        "to": 159,
        "distance_m": 564.0,
        "name": "北一横街",
        "type": "street",
        "class": "ordinary_public_street"
      },
      "geometry": {
        "type": "LineString",
        "coordinates": [
          [
            108.969351,
            34.275294
          ],
          [
            108.963273,
            34.275294
          ]
        ]
      }
    },
    {
      "type": "Feature",
      "properties": {
        "from": 768,
        "to": 176,
        "distance_m": 564.0,
        "name": "北一横街",
        "type": "street",
        "class": "ordinary_public_street"
      },
      "geometry": {
        "type": "LineString",
        "coordinates": [
          [
            108.969351,
            34.275294
          ],
          [
            108.97543,
            34.275294
          ]
        ]
      }
    },
    {
      "type": "Feature",
      "properties": {
        "from": 767,
        "to": 768,
        "distance_m": 38.0,
        "name": "坊门—街道连接",
        "type": "connector",
        "class": "connector"
      },
      "geometry": {
        "type": "LineString",
        "coordinates": [
          [
            108.969351,
            34.27563
          ],
          [
            108.969351,
            34.275294
          ]
        ]
      }
    },
    {
      "type": "Feature",
      "properties": {
        "from": 770,
        "to": 33,
        "distance_m": 564.0,
        "name": "北侧居民环城街",
        "type": "street",
        "class": "public_inner_wall_street"
      },
      "geometry": {
        "type": "LineString",
        "coordinates": [
          [
            108.969351,
            34.281089
          ],
          [
            108.963273,
            34.281089
          ]
        ]
      }
    },
    {
      "type": "Feature",
      "properties": {
        "from": 770,
        "to": 34,
        "distance_m": 564.0,
        "name": "北侧居民环城街",
        "type": "street",
        "class": "public_inner_wall_street"
      },
      "geometry": {
        "type": "LineString",
        "coordinates": [
          [
            108.969351,
            34.281089
          ],
          [
            108.97543,
            34.281089
          ]
        ]
      }
    },
    {
      "type": "Feature",
      "properties": {
        "from": 769,
        "to": 770,
        "distance_m": 30.0,
        "name": "坊门—街道连接",
        "type": "connector",
        "class": "connector"
      },
      "geometry": {
        "type": "LineString",
        "coordinates": [
          [
            108.969351,
            34.280824
          ],
          [
            108.969351,
            34.281089
          ]
        ]
      }
    },
    {
      "type": "Feature",
      "properties": {
        "from": 771,
        "to": 766,
        "distance_m": 34.0,
        "name": "坊门—街道连接",
        "type": "connector",
        "class": "connector"
      },
      "geometry": {
        "type": "LineString",
        "coordinates": [
          [
            108.975796,
            34.278227
          ],
          [
            108.97543,
            34.278227
          ]
        ]
      }
    },
    {
      "type": "Feature",
      "properties": {
        "from": 774,
        "to": 176,
        "distance_m": 258.25,
        "name": "北一横街",
        "type": "street",
        "class": "ordinary_public_street"
      },
      "geometry": {
        "type": "LineString",
        "coordinates": [
          [
            108.978213,
            34.275294
          ],
          [
            108.97543,
            34.275294
          ]
        ]
      }
    },
    {
      "type": "Feature",
      "properties": {
        "from": 774,
        "to": 50,
        "distance_m": 920.75,
        "name": "北一横街",
        "type": "street",
        "class": "ordinary_public_street"
      },
      "geometry": {
        "type": "LineString",
        "coordinates": [
          [
            108.978213,
            34.275294
          ],
          [
            108.988136,
            34.275294
          ]
        ]
      }
    },
    {
      "type": "Feature",
      "properties": {
        "from": 773,
        "to": 774,
        "distance_m": 38.0,
        "name": "坊门—街道连接",
        "type": "connector",
        "class": "connector"
      },
      "geometry": {
        "type": "LineString",
        "coordinates": [
          [
            108.978213,
            34.27563
          ],
          [
            108.978213,
            34.275294
          ]
        ]
      }
    },
    {
      "type": "Feature",
      "properties": {
        "from": 776,
        "to": 34,
        "distance_m": 258.25,
        "name": "北侧居民环城街",
        "type": "street",
        "class": "public_inner_wall_street"
      },
      "geometry": {
        "type": "LineString",
        "coordinates": [
          [
            108.978213,
            34.281089
          ],
          [
            108.97543,
            34.281089
          ]
        ]
      }
    },
    {
      "type": "Feature",
      "properties": {
        "from": 776,
        "to": 35,
        "distance_m": 890.75,
        "name": "北侧居民环城街",
        "type": "street",
        "class": "public_inner_wall_street"
      },
      "geometry": {
        "type": "LineString",
        "coordinates": [
          [
            108.978213,
            34.281089
          ],
          [
            108.987813,
            34.281089
          ]
        ]
      }
    },
    {
      "type": "Feature",
      "properties": {
        "from": 775,
        "to": 776,
        "distance_m": 30.0,
        "name": "坊门—街道连接",
        "type": "connector",
        "class": "connector"
      },
      "geometry": {
        "type": "LineString",
        "coordinates": [
          [
            108.978213,
            34.280824
          ],
          [
            108.978213,
            34.281089
          ]
        ]
      }
    },
    {
      "type": "Feature",
      "properties": {
        "from": 778,
        "to": 50,
        "distance_m": 332.0,
        "name": "东侧居民环城街",
        "type": "street",
        "class": "public_inner_wall_street"
      },
      "geometry": {
        "type": "LineString",
        "coordinates": [
          [
            108.988136,
            34.278227
          ],
          [
            108.988136,
            34.275294
          ]
        ]
      }
    },
    {
      "type": "Feature",
      "properties": {
        "from": 778,
        "to": 36,
        "distance_m": 324.0,
        "name": "东侧居民环城街",
        "type": "street",
        "class": "public_inner_wall_street"
      },
      "geometry": {
        "type": "LineString",
        "coordinates": [
          [
            108.988136,
            34.278227
          ],
          [
            108.988136,
            34.281089
          ]
        ]
      }
    },
    {
      "type": "Feature",
      "properties": {
        "from": 777,
        "to": 778,
        "distance_m": 30.0,
        "name": "坊门—街道连接",
        "type": "connector",
        "class": "connector"
      },
      "geometry": {
        "type": "LineString",
        "coordinates": [
          [
            108.987813,
            34.278227
          ],
          [
            108.988136,
            34.278227
          ]
        ]
      }
    },
    {
      "type": "Feature",
      "properties": {
        "from": 780,
        "to": 774,
        "distance_m": 557.5,
        "name": "北一横街",
        "type": "street",
        "class": "ordinary_public_street"
      },
      "geometry": {
        "type": "LineString",
        "coordinates": [
          [
            108.984221,
            34.275294
          ],
          [
            108.978213,
            34.275294
          ]
        ]
      }
    },
    {
      "type": "Feature",
      "properties": {
        "from": 780,
        "to": 50,
        "distance_m": 363.25,
        "name": "北一横街",
        "type": "street",
        "class": "ordinary_public_street"
      },
      "geometry": {
        "type": "LineString",
        "coordinates": [
          [
            108.984221,
            34.275294
          ],
          [
            108.988136,
            34.275294
          ]
        ]
      }
    },
    {
      "type": "Feature",
      "properties": {
        "from": 779,
        "to": 780,
        "distance_m": 38.0,
        "name": "坊门—街道连接",
        "type": "connector",
        "class": "connector"
      },
      "geometry": {
        "type": "LineString",
        "coordinates": [
          [
            108.984221,
            34.27563
          ],
          [
            108.984221,
            34.275294
          ]
        ]
      }
    },
    {
      "type": "Feature",
      "properties": {
        "from": 782,
        "to": 776,
        "distance_m": 557.5,
        "name": "北侧居民环城街",
        "type": "street",
        "class": "public_inner_wall_street"
      },
      "geometry": {
        "type": "LineString",
        "coordinates": [
          [
            108.984221,
            34.281089
          ],
          [
            108.978213,
            34.281089
          ]
        ]
      }
    },
    {
      "type": "Feature",
      "properties": {
        "from": 782,
        "to": 35,
        "distance_m": 333.25,
        "name": "北侧居民环城街",
        "type": "street",
        "class": "public_inner_wall_street"
      },
      "geometry": {
        "type": "LineString",
        "coordinates": [
          [
            108.984221,
            34.281089
          ],
          [
            108.987813,
            34.281089
          ]
        ]
      }
    },
    {
      "type": "Feature",
      "properties": {
        "from": 781,
        "to": 782,
        "distance_m": 30.0,
        "name": "坊门—街道连接",
        "type": "connector",
        "class": "connector"
      },
      "geometry": {
        "type": "LineString",
        "coordinates": [
          [
            108.984221,
            34.280824
          ],
          [
            108.984221,
            34.281089
          ]
        ]
      }
    },
    {
      "type": "Feature",
      "properties": {
        "from": 784,
        "to": 142,
        "distance_m": 370.0,
        "name": "启夏门—兴安门街（皇城东街）",
        "type": "street",
        "class": "primary_public_street"
      },
      "geometry": {
        "type": "LineString",
        "coordinates": [
          [
            108.95117,
            34.272361
          ],
          [
            108.95117,
            34.269093
          ]
        ]
      }
    },
    {
      "type": "Feature",
      "properties": {
        "from": 784,
        "to": 143,
        "distance_m": 332.0,
        "name": "启夏门—兴安门街（皇城东街）",
        "type": "street",
        "class": "primary_public_street"
      },
      "geometry": {
        "type": "LineString",
        "coordinates": [
          [
            108.95117,
            34.272361
          ],
          [
            108.95117,
            34.275294
          ]
        ]
      }
    },
    {
      "type": "Feature",
      "properties": {
        "from": 783,
        "to": 784,
        "distance_m": 67.0,
        "name": "坊门—街道连接",
        "type": "connector",
        "class": "connector"
      },
      "geometry": {
        "type": "LineString",
        "coordinates": [
          [
            108.951892,
            34.272361
          ],
          [
            108.95117,
            34.272361
          ]
        ]
      }
    },
    {
      "type": "Feature",
      "properties": {
        "from": 786,
        "to": 179,
        "distance_m": 294.0,
        "name": "丹凤门大街",
        "type": "street",
        "class": "ordinary_public_street"
      },
      "geometry": {
        "type": "LineString",
        "coordinates": [
          [
            108.959625,
            34.272361
          ],
          [
            108.959625,
            34.269764
          ]
        ]
      }
    },
    {
      "type": "Feature",
      "properties": {
        "from": 786,
        "to": 180,
        "distance_m": 332.0,
        "name": "丹凤门大街",
        "type": "street",
        "class": "ordinary_public_street"
      },
      "geometry": {
        "type": "LineString",
        "coordinates": [
          [
            108.959625,
            34.272361
          ],
          [
            108.959625,
            34.275294
          ]
        ]
      }
    },
    {
      "type": "Feature",
      "properties": {
        "from": 785,
        "to": 786,
        "distance_m": 46.0,
        "name": "坊门—街道连接",
        "type": "connector",
        "class": "connector"
      },
      "geometry": {
        "type": "LineString",
        "coordinates": [
          [
            108.959129,
            34.272361
          ],
          [
            108.959625,
            34.272361
          ]
        ]
      }
    },
    {
      "type": "Feature",
      "properties": {
        "from": 787,
        "to": 786,
        "distance_m": 46.0,
        "name": "坊门—街道连接",
        "type": "connector",
        "class": "connector"
      },
      "geometry": {
        "type": "LineString",
        "coordinates": [
          [
            108.960121,
            34.272361
          ],
          [
            108.959625,
            34.272361
          ]
        ]
      }
    },
    {
      "type": "Feature",
      "properties": {
        "from": 789,
        "to": 158,
        "distance_m": 370.0,
        "name": "朱雀街东第三街",
        "type": "street",
        "class": "ordinary_public_street"
      },
      "geometry": {
        "type": "LineString",
        "coordinates": [
          [
            108.963273,
            34.272361
          ],
          [
            108.963273,
            34.269093
          ]
        ]
      }
    },
    {
      "type": "Feature",
      "properties": {
        "from": 789,
        "to": 159,
        "distance_m": 332.0,
        "name": "朱雀街东第三街",
        "type": "street",
        "class": "ordinary_public_street"
      },
      "geometry": {
        "type": "LineString",
        "coordinates": [
          [
            108.963273,
            34.272361
          ],
          [
            108.963273,
            34.275294
          ]
        ]
      }
    },
    {
      "type": "Feature",
      "properties": {
        "from": 788,
        "to": 789,
        "distance_m": 34.0,
        "name": "坊门—街道连接",
        "type": "connector",
        "class": "connector"
      },
      "geometry": {
        "type": "LineString",
        "coordinates": [
          [
            108.962907,
            34.272361
          ],
          [
            108.963273,
            34.272361
          ]
        ]
      }
    },
    {
      "type": "Feature",
      "properties": {
        "from": 790,
        "to": 789,
        "distance_m": 34.0,
        "name": "坊门—街道连接",
        "type": "connector",
        "class": "connector"
      },
      "geometry": {
        "type": "LineString",
        "coordinates": [
          [
            108.963639,
            34.272361
          ],
          [
            108.963273,
            34.272361
          ]
        ]
      }
    },
    {
      "type": "Feature",
      "properties": {
        "from": 792,
        "to": 175,
        "distance_m": 370.0,
        "name": "朱雀街东第四街",
        "type": "street",
        "class": "ordinary_public_street"
      },
      "geometry": {
        "type": "LineString",
        "coordinates": [
          [
            108.97543,
            34.272361
          ],
          [
            108.97543,
            34.269093
          ]
        ]
      }
    },
    {
      "type": "Feature",
      "properties": {
        "from": 792,
        "to": 176,
        "distance_m": 332.0,
        "name": "朱雀街东第四街",
        "type": "street",
        "class": "ordinary_public_street"
      },
      "geometry": {
        "type": "LineString",
        "coordinates": [
          [
            108.97543,
            34.272361
          ],
          [
            108.97543,
            34.275294
          ]
        ]
      }
    },
    {
      "type": "Feature",
      "properties": {
        "from": 791,
        "to": 792,
        "distance_m": 34.0,
        "name": "坊门—街道连接",
        "type": "connector",
        "class": "connector"
      },
      "geometry": {
        "type": "LineString",
        "coordinates": [
          [
            108.975063,
            34.272361
          ],
          [
            108.97543,
            34.272361
          ]
        ]
      }
    },
    {
      "type": "Feature",
      "properties": {
        "from": 794,
        "to": 158,
        "distance_m": 564.0,
        "name": "开远门—通化门街",
        "type": "street",
        "class": "primary_public_street"
      },
      "geometry": {
        "type": "LineString",
        "coordinates": [
          [
            108.969351,
            34.269093
          ],
          [
            108.963273,
            34.269093
          ]
        ]
      }
    },
    {
      "type": "Feature",
      "properties": {
        "from": 794,
        "to": 175,
        "distance_m": 564.0,
        "name": "开远门—通化门街",
        "type": "street",
        "class": "primary_public_street"
      },
      "geometry": {
        "type": "LineString",
        "coordinates": [
          [
            108.969351,
            34.269093
          ],
          [
            108.97543,
            34.269093
          ]
        ]
      }
    },
    {
      "type": "Feature",
      "properties": {
        "from": 793,
        "to": 794,
        "distance_m": 76.0,
        "name": "坊门—街道连接",
        "type": "connector",
        "class": "connector"
      },
      "geometry": {
        "type": "LineString",
        "coordinates": [
          [
            108.969351,
            34.269764
          ],
          [
            108.969351,
            34.269093
          ]
        ]
      }
    },
    {
      "type": "Feature",
      "properties": {
        "from": 795,
        "to": 768,
        "distance_m": 38.0,
        "name": "坊门—街道连接",
        "type": "connector",
        "class": "connector"
      },
      "geometry": {
        "type": "LineString",
        "coordinates": [
          [
            108.969351,
            34.274958
          ],
          [
            108.969351,
            34.275294
          ]
        ]
      }
    },
    {
      "type": "Feature",
      "properties": {
        "from": 796,
        "to": 792,
        "distance_m": 34.0,
        "name": "坊门—街道连接",
        "type": "connector",
        "class": "connector"
      },
      "geometry": {
        "type": "LineString",
        "coordinates": [
          [
            108.975796,
            34.272361
          ],
          [
            108.97543,
            34.272361
          ]
        ]
      }
    },
    {
      "type": "Feature",
      "properties": {
        "from": 798,
        "to": 49,
        "distance_m": 370.0,
        "name": "东侧居民环城街",
        "type": "street",
        "class": "public_inner_wall_street"
      },
      "geometry": {
        "type": "LineString",
        "coordinates": [
          [
            108.988136,
            34.272361
          ],
          [
            108.988136,
            34.269093
          ]
        ]
      }
    },
    {
      "type": "Feature",
      "properties": {
        "from": 798,
        "to": 50,
        "distance_m": 332.0,
        "name": "东侧居民环城街",
        "type": "street",
        "class": "public_inner_wall_street"
      },
      "geometry": {
        "type": "LineString",
        "coordinates": [
          [
            108.988136,
            34.272361
          ],
          [
            108.988136,
            34.275294
          ]
        ]
      }
    },
    {
      "type": "Feature",
      "properties": {
        "from": 797,
        "to": 798,
        "distance_m": 30.0,
        "name": "坊门—街道连接",
        "type": "connector",
        "class": "connector"
      },
      "geometry": {
        "type": "LineString",
        "coordinates": [
          [
            108.987813,
            34.272361
          ],
          [
            108.988136,
            34.272361
          ]
        ]
      }
    },
    {
      "type": "Feature",
      "properties": {
        "from": 800,
        "to": 175,
        "distance_m": 591.5,
        "name": "开远门—通化门街",
        "type": "street",
        "class": "primary_public_street"
      },
      "geometry": {
        "type": "LineString",
        "coordinates": [
          [
            108.981804,
            34.269093
          ],
          [
            108.97543,
            34.269093
          ]
        ]
      }
    },
    {
      "type": "Feature",
      "properties": {
        "from": 800,
        "to": 49,
        "distance_m": 587.5,
        "name": "开远门—通化门街",
        "type": "street",
        "class": "primary_public_street"
      },
      "geometry": {
        "type": "LineString",
        "coordinates": [
          [
            108.981804,
            34.269093
          ],
          [
            108.988136,
            34.269093
          ]
        ]
      }
    },
    {
      "type": "Feature",
      "properties": {
        "from": 799,
        "to": 800,
        "distance_m": 76.0,
        "name": "坊门—街道连接",
        "type": "connector",
        "class": "connector"
      },
      "geometry": {
        "type": "LineString",
        "coordinates": [
          [
            108.981804,
            34.269764
          ],
          [
            108.981804,
            34.269093
          ]
        ]
      }
    },
    {
      "type": "Feature",
      "properties": {
        "from": 802,
        "to": 774,
        "distance_m": 333.25,
        "name": "北一横街",
        "type": "street",
        "class": "ordinary_public_street"
      },
      "geometry": {
        "type": "LineString",
        "coordinates": [
          [
            108.981804,
            34.275294
          ],
          [
            108.978213,
            34.275294
          ]
        ]
      }
    },
    {
      "type": "Feature",
      "properties": {
        "from": 802,
        "to": 780,
        "distance_m": 224.25,
        "name": "北一横街",
        "type": "street",
        "class": "ordinary_public_street"
      },
      "geometry": {
        "type": "LineString",
        "coordinates": [
          [
            108.981804,
            34.275294
          ],
          [
            108.984221,
            34.275294
          ]
        ]
      }
    },
    {
      "type": "Feature",
      "properties": {
        "from": 801,
        "to": 802,
        "distance_m": 38.0,
        "name": "坊门—街道连接",
        "type": "connector",
        "class": "connector"
      },
      "geometry": {
        "type": "LineString",
        "coordinates": [
          [
            108.981804,
            34.274958
          ],
          [
            108.981804,
            34.275294
          ]
        ]
      }
    },
    {
      "type": "Feature",
      "properties": {
        "from": 804,
        "to": 141,
        "distance_m": 415.5,
        "name": "启夏门—兴安门街（皇城东街）",
        "type": "street",
        "class": "primary_public_street"
      },
      "geometry": {
        "type": "LineString",
        "coordinates": [
          [
            108.95117,
            34.265086
          ],
          [
            108.95117,
            34.261416
          ]
        ]
      }
    },
    {
      "type": "Feature",
      "properties": {
        "from": 804,
        "to": 142,
        "distance_m": 453.5,
        "name": "启夏门—兴安门街（皇城东街）",
        "type": "street",
        "class": "primary_public_street"
      },
      "geometry": {
        "type": "LineString",
        "coordinates": [
          [
            108.95117,
            34.265086
          ],
          [
            108.95117,
            34.269093
          ]
        ]
      }
    },
    {
      "type": "Feature",
      "properties": {
        "from": 803,
        "to": 804,
        "distance_m": 67.0,
        "name": "坊门—街道连接",
        "type": "connector",
        "class": "connector"
      },
      "geometry": {
        "type": "LineString",
        "coordinates": [
          [
            108.951892,
            34.265086
          ],
          [
            108.95117,
            34.265086
          ]
        ]
      }
    },
    {
      "type": "Feature",
      "properties": {
        "from": 806,
        "to": 157,
        "distance_m": 415.5,
        "name": "朱雀街东第三街",
        "type": "street",
        "class": "ordinary_public_street"
      },
      "geometry": {
        "type": "LineString",
        "coordinates": [
          [
            108.963273,
            34.265086
          ],
          [
            108.963273,
            34.261416
          ]
        ]
      }
    },
    {
      "type": "Feature",
      "properties": {
        "from": 806,
        "to": 158,
        "distance_m": 453.5,
        "name": "朱雀街东第三街",
        "type": "street",
        "class": "ordinary_public_street"
      },
      "geometry": {
        "type": "LineString",
        "coordinates": [
          [
            108.963273,
            34.265086
          ],
          [
            108.963273,
            34.269093
          ]
        ]
      }
    },
    {
      "type": "Feature",
      "properties": {
        "from": 805,
        "to": 806,
        "distance_m": 34.0,
        "name": "坊门—街道连接",
        "type": "connector",
        "class": "connector"
      },
      "geometry": {
        "type": "LineString",
        "coordinates": [
          [
            108.962907,
            34.265086
          ],
          [
            108.963273,
            34.265086
          ]
        ]
      }
    },
    {
      "type": "Feature",
      "properties": {
        "from": 808,
        "to": 141,
        "distance_m": 578.0,
        "name": "北三横街",
        "type": "street",
        "class": "ordinary_public_street"
      },
      "geometry": {
        "type": "LineString",
        "coordinates": [
          [
            108.957399,
            34.261416
          ],
          [
            108.95117,
            34.261416
          ]
        ]
      }
    },
    {
      "type": "Feature",
      "properties": {
        "from": 808,
        "to": 157,
        "distance_m": 545.0,
        "name": "北三横街",
        "type": "street",
        "class": "ordinary_public_street"
      },
      "geometry": {
        "type": "LineString",
        "coordinates": [
          [
            108.957399,
            34.261416
          ],
          [
            108.963273,
            34.261416
          ]
        ]
      }
    },
    {
      "type": "Feature",
      "properties": {
        "from": 807,
        "to": 808,
        "distance_m": 38.0,
        "name": "坊门—街道连接",
        "type": "connector",
        "class": "connector"
      },
      "geometry": {
        "type": "LineString",
        "coordinates": [
          [
            108.957399,
            34.261752
          ],
          [
            108.957399,
            34.261416
          ]
        ]
      }
    },
    {
      "type": "Feature",
      "properties": {
        "from": 810,
        "to": 142,
        "distance_m": 578.0,
        "name": "开远门—通化门街",
        "type": "street",
        "class": "primary_public_street"
      },
      "geometry": {
        "type": "LineString",
        "coordinates": [
          [
            108.957399,
            34.269093
          ],
          [
            108.95117,
            34.269093
          ]
        ]
      }
    },
    {
      "type": "Feature",
      "properties": {
        "from": 810,
        "to": 178,
        "distance_m": 206.5,
        "name": "开远门—通化门街",
        "type": "street",
        "class": "primary_public_street"
      },
      "geometry": {
        "type": "LineString",
        "coordinates": [
          [
            108.957399,
            34.269093
          ],
          [
            108.959625,
            34.269093
          ]
        ]
      }
    },
    {
      "type": "Feature",
      "properties": {
        "from": 809,
        "to": 810,
        "distance_m": 76.0,
        "name": "坊门—街道连接",
        "type": "connector",
        "class": "connector"
      },
      "geometry": {
        "type": "LineString",
        "coordinates": [
          [
            108.957399,
            34.268421
          ],
          [
            108.957399,
            34.269093
          ]
        ]
      }
    },
    {
      "type": "Feature",
      "properties": {
        "from": 811,
        "to": 806,
        "distance_m": 34.0,
        "name": "坊门—街道连接",
        "type": "connector",
        "class": "connector"
      },
      "geometry": {
        "type": "LineString",
        "coordinates": [
          [
            108.963639,
            34.265086
          ],
          [
            108.963273,
            34.265086
          ]
        ]
      }
    },
    {
      "type": "Feature",
      "properties": {
        "from": 813,
        "to": 174,
        "distance_m": 164.5,
        "name": "朱雀街东第四街",
        "type": "street",
        "class": "ordinary_public_street"
      },
      "geometry": {
        "type": "LineString",
        "coordinates": [
          [
            108.97543,
            34.265086
          ],
          [
            108.97543,
            34.263633
          ]
        ]
      }
    },
    {
      "type": "Feature",
      "properties": {
        "from": 813,
        "to": 175,
        "distance_m": 453.5,
        "name": "朱雀街东第四街",
        "type": "street",
        "class": "ordinary_public_street"
      },
      "geometry": {
        "type": "LineString",
        "coordinates": [
          [
            108.97543,
            34.265086
          ],
          [
            108.97543,
            34.269093
          ]
        ]
      }
    },
    {
      "type": "Feature",
      "properties": {
        "from": 812,
        "to": 813,
        "distance_m": 34.0,
        "name": "坊门—街道连接",
        "type": "connector",
        "class": "connector"
      },
      "geometry": {
        "type": "LineString",
        "coordinates": [
          [
            108.975063,
            34.265086
          ],
          [
            108.97543,
            34.265086
          ]
        ]
      }
    },
    {
      "type": "Feature",
      "properties": {
        "from": 815,
        "to": 157,
        "distance_m": 564.0,
        "name": "北三横街",
        "type": "street",
        "class": "ordinary_public_street"
      },
      "geometry": {
        "type": "LineString",
        "coordinates": [
          [
            108.969351,
            34.261416
          ],
          [
            108.963273,
            34.261416
          ]
        ]
      }
    },
    {
      "type": "Feature",
      "properties": {
        "from": 815,
        "to": 184,
        "distance_m": 540.0,
        "name": "北三横街",
        "type": "street",
        "class": "ordinary_public_street"
      },
      "geometry": {
        "type": "LineString",
        "coordinates": [
          [
            108.969351,
            34.261416
          ],
          [
            108.975171,
            34.261416
          ]
        ]
      }
    },
    {
      "type": "Feature",
      "properties": {
        "from": 814,
        "to": 815,
        "distance_m": 38.0,
        "name": "坊门—街道连接",
        "type": "connector",
        "class": "connector"
      },
      "geometry": {
        "type": "LineString",
        "coordinates": [
          [
            108.969351,
            34.261752
          ],
          [
            108.969351,
            34.261416
          ]
        ]
      }
    },
    {
      "type": "Feature",
      "properties": {
        "from": 816,
        "to": 794,
        "distance_m": 76.0,
        "name": "坊门—街道连接",
        "type": "connector",
        "class": "connector"
      },
      "geometry": {
        "type": "LineString",
        "coordinates": [
          [
            108.969351,
            34.268421
          ],
          [
            108.969351,
            34.269093
          ]
        ]
      }
    },
    {
      "type": "Feature",
      "properties": {
        "from": 818,
        "to": 813,
        "distance_m": 120.0,
        "name": "朱雀街东第四街",
        "type": "street",
        "class": "ordinary_public_street"
      },
      "geometry": {
        "type": "LineString",
        "coordinates": [
          [
            108.97543,
            34.266146
          ],
          [
            108.97543,
            34.265086
          ]
        ]
      }
    },
    {
      "type": "Feature",
      "properties": {
        "from": 818,
        "to": 175,
        "distance_m": 333.5,
        "name": "朱雀街东第四街",
        "type": "street",
        "class": "ordinary_public_street"
      },
      "geometry": {
        "type": "LineString",
        "coordinates": [
          [
            108.97543,
            34.266146
          ],
          [
            108.97543,
            34.269093
          ]
        ]
      }
    },
    {
      "type": "Feature",
      "properties": {
        "from": 817,
        "to": 818,
        "distance_m": 34.0,
        "name": "坊门—街道连接",
        "type": "connector",
        "class": "connector"
      },
      "geometry": {
        "type": "LineString",
        "coordinates": [
          [
            108.975796,
            34.266146
          ],
          [
            108.97543,
            34.266146
          ]
        ]
      }
    },
    {
      "type": "Feature",
      "properties": {
        "from": 820,
        "to": 48,
        "distance_m": 284.5,
        "name": "东侧居民环城街",
        "type": "street",
        "class": "public_inner_wall_street"
      },
      "geometry": {
        "type": "LineString",
        "coordinates": [
          [
            108.988136,
            34.266146
          ],
          [
            108.988136,
            34.263633
          ]
        ]
      }
    },
    {
      "type": "Feature",
      "properties": {
        "from": 820,
        "to": 49,
        "distance_m": 333.5,
        "name": "东侧居民环城街",
        "type": "street",
        "class": "public_inner_wall_street"
      },
      "geometry": {
        "type": "LineString",
        "coordinates": [
          [
            108.988136,
            34.266146
          ],
          [
            108.988136,
            34.269093
          ]
        ]
      }
    },
    {
      "type": "Feature",
      "properties": {
        "from": 819,
        "to": 820,
        "distance_m": 30.0,
        "name": "坊门—街道连接",
        "type": "connector",
        "class": "connector"
      },
      "geometry": {
        "type": "LineString",
        "coordinates": [
          [
            108.987813,
            34.266146
          ],
          [
            108.988136,
            34.266146
          ]
        ]
      }
    },
    {
      "type": "Feature",
      "properties": {
        "from": 822,
        "to": 233,
        "distance_m": 557.5,
        "name": "兴庆宫北街",
        "type": "street",
        "class": "ordinary_public_street"
      },
      "geometry": {
        "type": "LineString",
        "coordinates": [
          [
            108.981804,
            34.263633
          ],
          [
            108.975796,
            34.263633
          ]
        ]
      }
    },
    {
      "type": "Feature",
      "properties": {
        "from": 822,
        "to": 234,
        "distance_m": 557.5,
        "name": "兴庆宫北街",
        "type": "street",
        "class": "ordinary_public_street"
      },
      "geometry": {
        "type": "LineString",
        "coordinates": [
          [
            108.981804,
            34.263633
          ],
          [
            108.987813,
            34.263633
          ]
        ]
      }
    },
    {
      "type": "Feature",
      "properties": {
        "from": 821,
        "to": 822,
        "distance_m": 27.0,
        "name": "坊门—街道连接",
        "type": "connector",
        "class": "connector"
      },
      "geometry": {
        "type": "LineString",
        "coordinates": [
          [
            108.981804,
            34.263872
          ],
          [
            108.981804,
            34.263633
          ]
        ]
      }
    },
    {
      "type": "Feature",
      "properties": {
        "from": 823,
        "to": 800,
        "distance_m": 76.0,
        "name": "坊门—街道连接",
        "type": "connector",
        "class": "connector"
      },
      "geometry": {
        "type": "LineString",
        "coordinates": [
          [
            108.981804,
            34.268421
          ],
          [
            108.981804,
            34.269093
          ]
        ]
      }
    },
    {
      "type": "Feature",
      "properties": {
        "from": 825,
        "to": 140,
        "distance_m": 479.0,
        "name": "启夏门—兴安门街（皇城东街）",
        "type": "street",
        "class": "primary_public_street"
      },
      "geometry": {
        "type": "LineString",
        "coordinates": [
          [
            108.95117,
            34.257379
          ],
          [
            108.95117,
            34.253147
          ]
        ]
      }
    },
    {
      "type": "Feature",
      "properties": {
        "from": 825,
        "to": 141,
        "distance_m": 457.0,
        "name": "启夏门—兴安门街（皇城东街）",
        "type": "street",
        "class": "primary_public_street"
      },
      "geometry": {
        "type": "LineString",
        "coordinates": [
          [
            108.95117,
            34.257379
          ],
          [
            108.95117,
            34.261416
          ]
        ]
      }
    },
    {
      "type": "Feature",
      "properties": {
        "from": 824,
        "to": 825,
        "distance_m": 67.0,
        "name": "坊门—街道连接",
        "type": "connector",
        "class": "connector"
      },
      "geometry": {
        "type": "LineString",
        "coordinates": [
          [
            108.951892,
            34.257379
          ],
          [
            108.95117,
            34.257379
          ]
        ]
      }
    },
    {
      "type": "Feature",
      "properties": {
        "from": 827,
        "to": 156,
        "distance_m": 479.0,
        "name": "朱雀街东第三街",
        "type": "street",
        "class": "ordinary_public_street"
      },
      "geometry": {
        "type": "LineString",
        "coordinates": [
          [
            108.963273,
            34.257379
          ],
          [
            108.963273,
            34.253147
          ]
        ]
      }
    },
    {
      "type": "Feature",
      "properties": {
        "from": 827,
        "to": 157,
        "distance_m": 457.0,
        "name": "朱雀街东第三街",
        "type": "street",
        "class": "ordinary_public_street"
      },
      "geometry": {
        "type": "LineString",
        "coordinates": [
          [
            108.963273,
            34.257379
          ],
          [
            108.963273,
            34.261416
          ]
        ]
      }
    },
    {
      "type": "Feature",
      "properties": {
        "from": 826,
        "to": 827,
        "distance_m": 34.0,
        "name": "坊门—街道连接",
        "type": "connector",
        "class": "connector"
      },
      "geometry": {
        "type": "LineString",
        "coordinates": [
          [
            108.962907,
            34.257379
          ],
          [
            108.963273,
            34.257379
          ]
        ]
      }
    },
    {
      "type": "Feature",
      "properties": {
        "from": 828,
        "to": 293,
        "distance_m": 60.0,
        "name": "坊门—街道连接",
        "type": "connector",
        "class": "connector"
      },
      "geometry": {
        "type": "LineString",
        "coordinates": [
          [
            108.957399,
            34.253677
          ],
          [
            108.957399,
            34.253147
          ]
        ]
      }
    },
    {
      "type": "Feature",
      "properties": {
        "from": 829,
        "to": 808,
        "distance_m": 38.0,
        "name": "坊门—街道连接",
        "type": "connector",
        "class": "connector"
      },
      "geometry": {
        "type": "LineString",
        "coordinates": [
          [
            108.957399,
            34.26108
          ],
          [
            108.957399,
            34.261416
          ]
        ]
      }
    },
    {
      "type": "Feature",
      "properties": {
        "from": 830,
        "to": 827,
        "distance_m": 34.0,
        "name": "坊门—街道连接",
        "type": "connector",
        "class": "connector"
      },
      "geometry": {
        "type": "LineString",
        "coordinates": [
          [
            108.963639,
            34.257379
          ],
          [
            108.963273,
            34.257379
          ]
        ]
      }
    },
    {
      "type": "Feature",
      "properties": {
        "from": 832,
        "to": 183,
        "distance_m": 419.0,
        "name": "兴庆宫西侧街",
        "type": "street",
        "class": "ordinary_public_street"
      },
      "geometry": {
        "type": "LineString",
        "coordinates": [
          [
            108.975171,
            34.257379
          ],
          [
            108.975171,
            34.253677
          ]
        ]
      }
    },
    {
      "type": "Feature",
      "properties": {
        "from": 832,
        "to": 184,
        "distance_m": 457.0,
        "name": "兴庆宫西侧街",
        "type": "street",
        "class": "ordinary_public_street"
      },
      "geometry": {
        "type": "LineString",
        "coordinates": [
          [
            108.975171,
            34.257379
          ],
          [
            108.975171,
            34.261416
          ]
        ]
      }
    },
    {
      "type": "Feature",
      "properties": {
        "from": 831,
        "to": 832,
        "distance_m": 58.0,
        "name": "坊门—街道连接",
        "type": "connector",
        "class": "connector"
      },
      "geometry": {
        "type": "LineString",
        "coordinates": [
          [
            108.974546,
            34.257379
          ],
          [
            108.975171,
            34.257379
          ]
        ]
      }
    },
    {
      "type": "Feature",
      "properties": {
        "from": 834,
        "to": 190,
        "distance_m": 471.0,
        "name": "金光门—春明门街",
        "type": "street",
        "class": "primary_public_street"
      },
      "geometry": {
        "type": "LineString",
        "coordinates": [
          [
            108.969093,
            34.253147
          ],
          [
            108.964017,
            34.253147
          ]
        ]
      }
    },
    {
      "type": "Feature",
      "properties": {
        "from": 834,
        "to": 191,
        "distance_m": 519.0,
        "name": "金光门—春明门街",
        "type": "street",
        "class": "primary_public_street"
      },
      "geometry": {
        "type": "LineString",
        "coordinates": [
          [
            108.969093,
            34.253147
          ],
          [
            108.974686,
            34.253147
          ]
        ]
      }
    },
    {
      "type": "Feature",
      "properties": {
        "from": 833,
        "to": 834,
        "distance_m": 60.0,
        "name": "坊门—街道连接",
        "type": "connector",
        "class": "connector"
      },
      "geometry": {
        "type": "LineString",
        "coordinates": [
          [
            108.969093,
            34.253677
          ],
          [
            108.969093,
            34.253147
          ]
        ]
      }
    },
    {
      "type": "Feature",
      "properties": {
        "from": 836,
        "to": 157,
        "distance_m": 540.0,
        "name": "北三横街",
        "type": "street",
        "class": "ordinary_public_street"
      },
      "geometry": {
        "type": "LineString",
        "coordinates": [
          [
            108.969093,
            34.261416
          ],
          [
            108.963273,
            34.261416
          ]
        ]
      }
    },
    {
      "type": "Feature",
      "properties": {
        "from": 836,
        "to": 815,
        "distance_m": 24.0,
        "name": "北三横街",
        "type": "street",
        "class": "ordinary_public_street"
      },
      "geometry": {
        "type": "LineString",
        "coordinates": [
          [
            108.969093,
            34.261416
          ],
          [
            108.969351,
            34.261416
          ]
        ]
      }
    },
    {
      "type": "Feature",
      "properties": {
        "from": 835,
        "to": 836,
        "distance_m": 38.0,
        "name": "坊门—街道连接",
        "type": "connector",
        "class": "connector"
      },
      "geometry": {
        "type": "LineString",
        "coordinates": [
          [
            108.969093,
            34.26108
          ],
          [
            108.969093,
            34.261416
          ]
        ]
      }
    },
    {
      "type": "Feature",
      "properties": {
        "from": 837,
        "to": 28,
        "distance_m": 170.0,
        "name": "光化门街（朱雀街西第四街）",
        "type": "street",
        "class": "ordinary_public_street"
      },
      "geometry": {
        "type": "LineString",
        "coordinates": [
          [
            108.895938,
            34.282591
          ],
          [
            108.895938,
            34.281089
          ]
        ]
      }
    },
    {
      "type": "Feature",
      "properties": {
        "from": 838,
        "to": 29,
        "distance_m": 170.0,
        "name": "景耀门街（朱雀街西第三街）",
        "type": "street",
        "class": "ordinary_public_street"
      },
      "geometry": {
        "type": "LineString",
        "coordinates": [
          [
            108.907906,
            34.282591
          ],
          [
            108.907906,
            34.281089
          ]
        ]
      }
    },
    {
      "type": "Feature",
      "properties": {
        "from": 839,
        "to": 30,
        "distance_m": 170.0,
        "name": "安化门—芳林门街（皇城西街）",
        "type": "street",
        "class": "primary_public_street"
      },
      "geometry": {
        "type": "LineString",
        "coordinates": [
          [
            108.91982,
            34.282591
          ],
          [
            108.91982,
            34.281089
          ]
        ]
      }
    },
    {
      "type": "Feature",
      "properties": {
        "from": 840,
        "to": 31,
        "distance_m": 170.0,
        "name": "启夏门—兴安门街（皇城东街）",
        "type": "street",
        "class": "primary_public_street"
      },
      "geometry": {
        "type": "LineString",
        "coordinates": [
          [
            108.95117,
            34.282591
          ],
          [
            108.95117,
            34.281089
          ]
        ]
      }
    },
    {
      "type": "Feature",
      "properties": {
        "from": 841,
        "to": 32,
        "distance_m": 170.0,
        "name": "丹凤门大街",
        "type": "street",
        "class": "ordinary_public_street"
      },
      "geometry": {
        "type": "LineString",
        "coordinates": [
          [
            108.959625,
            34.282591
          ],
          [
            108.959625,
            34.281089
          ]
        ]
      }
    },
    {
      "type": "Feature",
      "properties": {
        "from": 843,
        "to": 832,
        "distance_m": 214.0,
        "name": "兴庆宫西侧街",
        "type": "street",
        "class": "ordinary_public_street"
      },
      "geometry": {
        "type": "LineString",
        "coordinates": [
          [
            108.975171,
            34.259269
          ],
          [
            108.975171,
            34.257379
          ]
        ]
      }
    },
    {
      "type": "Feature",
      "properties": {
        "from": 843,
        "to": 184,
        "distance_m": 243.0,
        "name": "兴庆宫西侧街",
        "type": "street",
        "class": "ordinary_public_street"
      },
      "geometry": {
        "type": "LineString",
        "coordinates": [
          [
            108.975171,
            34.259269
          ],
          [
            108.975171,
            34.261416
          ]
        ]
      }
    },
    {
      "type": "Feature",
      "properties": {
        "from": 842,
        "to": 843,
        "distance_m": 58.0,
        "name": "城门—街道连接",
        "type": "connector",
        "class": "connector"
      },
      "geometry": {
        "type": "LineString",
        "coordinates": [
          [
            108.975796,
            34.259269
          ],
          [
            108.975171,
            34.259269
          ]
        ]
      }
    },
    {
      "type": "Feature",
      "properties": {
        "from": 845,
        "to": 183,
        "distance_m": 228.0,
        "name": "兴庆宫西侧街",
        "type": "street",
        "class": "ordinary_public_street"
      },
      "geometry": {
        "type": "LineString",
        "coordinates": [
          [
            108.975171,
            34.255691
          ],
          [
            108.975171,
            34.253677
          ]
        ]
      }
    },
    {
      "type": "Feature",
      "properties": {
        "from": 845,
        "to": 832,
        "distance_m": 191.0,
        "name": "兴庆宫西侧街",
        "type": "street",
        "class": "ordinary_public_street"
      },
      "geometry": {
        "type": "LineString",
        "coordinates": [
          [
            108.975171,
            34.255691
          ],
          [
            108.975171,
            34.257379
          ]
        ]
      }
    },
    {
      "type": "Feature",
      "properties": {
        "from": 844,
        "to": 845,
        "distance_m": 58.0,
        "name": "城门—街道连接",
        "type": "connector",
        "class": "connector"
      },
      "geometry": {
        "type": "LineString",
        "coordinates": [
          [
            108.975796,
            34.255691
          ],
          [
            108.975171,
            34.255691
          ]
        ]
      }
    },
    {
      "type": "Feature",
      "properties": {
        "from": 850,
        "to": 30,
        "distance_m": 1435.5,
        "name": "北侧居民环城街",
        "type": "street",
        "class": "public_inner_wall_street"
      },
      "geometry": {
        "type": "LineString",
        "coordinates": [
          [
            108.93529,
            34.281089
          ],
          [
            108.91982,
            34.281089
          ]
        ]
      }
    },
    {
      "type": "Feature",
      "properties": {
        "from": 850,
        "to": 31,
        "distance_m": 1473.5,
        "name": "北侧居民环城街",
        "type": "street",
        "class": "public_inner_wall_street"
      },
      "geometry": {
        "type": "LineString",
        "coordinates": [
          [
            108.93529,
            34.281089
          ],
          [
            108.95117,
            34.281089
          ]
        ]
      }
    },
    {
      "type": "Feature",
      "properties": {
        "from": 849,
        "to": 850,
        "distance_m": 30.0,
        "name": "城门—街道连接",
        "type": "connector",
        "class": "connector"
      },
      "geometry": {
        "type": "LineString",
        "coordinates": [
          [
            108.93529,
            34.280824
          ],
          [
            108.93529,
            34.281089
          ]
        ]
      }
    },
    {
      "type": "Feature",
      "properties": {
        "from": 851,
        "to": 841,
        "distance_m": 260.0,
        "name": "城门—街道连接",
        "type": "connector",
        "class": "connector"
      },
      "geometry": {
        "type": "LineString",
        "coordinates": [
          [
            108.956823,
            34.282591
          ],
          [
            108.959625,
            34.282591
          ]
        ]
      }
    },
    {
      "type": "Feature",
      "properties": {
        "from": 852,
        "to": 841,
        "distance_m": 260.0,
        "name": "城门—街道连接",
        "type": "connector",
        "class": "connector"
      },
      "geometry": {
        "type": "LineString",
        "coordinates": [
          [
            108.962427,
            34.282591
          ],
          [
            108.959625,
            34.282591
          ]
        ]
      }
    }
  ]
}