{
  "type": "FeatureCollection",
  "features": [
    {
      "type": "Feature",
      "properties": {
        "index": 0,
        "x_svg": 30.0,
        "y_svg": 8637.0
      },
      "geometry": {
        "type": "Point",
        "coordinates": [
          108.883404,
          34.206292
        ]
      }
    },
    {
      "type": "Feature",
      "properties": {
        "index": 1,
        "x_svg": 30.0,
        "y_svg": 8607.0
      },
      "geometry": {
        "type": "Point",
        "coordinates": [
          108.883404,
          34.206557
        ]
      }
    },
    {
      "type": "Feature",
      "properties": {
        "index": 2,
        "x_svg": 30.0,
        "y_svg": 8002.0
      },
      "geometry": {
        "type": "Point",
        "coordinates": [
          108.883404,
          34.211901
        ]
      }
    },
    {
      "type": "Feature",
      "properties": {
        "index": 3,
        "x_svg": 30.0,
        "y_svg": 7442.0
      },
      "geometry": {
        "type": "Point",
        "coordinates": [
          108.883404,
          34.216848
        ]
      }
    },
    {
      "type": "Feature",
      "properties": {
        "index": 4,
        "x_svg": 30.0,
        "y_svg": 6864.5
      },
      "geometry": {
        "type": "Point",
        "coordinates": [
          108.883404,
          34.22195
        ]
      }
    },
    {
      "type": "Feature",
      "properties": {
        "index": 5,
        "x_svg": 30.0,
        "y_svg": 6279.5
      },
      "geometry": {
        "type": "Point",
        "coordinates": [
          108.883404,
          34.227118
        ]
      }
    },
    {
      "type": "Feature",
      "properties": {
        "index": 6,
        "x_svg": 30.0,
        "y_svg": 5689.5
      },
      "geometry": {
        "type": "Point",
        "coordinates": [
          108.883404,
          34.23233
        ]
      }
    },
    {
      "type": "Feature",
      "properties": {
        "index": 7,
        "x_svg": 30.0,
        "y_svg": 5089.5
      },
      "geometry": {
        "type": "Point",
        "coordinates": [
          108.883404,
          34.23763
        ]
      }
    },
    {
      "type": "Feature",
      "properties": {
        "index": 8,
        "x_svg": 30.0,
        "y_svg": 4507.0
      },
      "geometry": {
        "type": "Point",
        "coordinates": [
          108.883404,
          34.242776
        ]
      }
    },
    {
      "type": "Feature",
      "properties": {
        "index": 9,
        "x_svg": 30.0,
        "y_svg": 3935.0
      },
      "geometry": {
        "type": "Point",
        "coordinates": [
          108.883404,
          34.247829
        ]
      }
    },
    {
      "type": "Feature",
      "properties": {
        "index": 10,
        "x_svg": 30.0,
        "y_svg": 3333.0
      },
      "geometry": {
        "type": "Point",
        "coordinates": [
          108.883404,
          34.253147
        ]
      }
    },
    {
      "type": "Feature",
      "properties": {
        "index": 11,
        "x_svg": 30.0,
        "y_svg": 2397.0
      },
      "geometry": {
        "type": "Point",
        "coordinates": [
          108.883404,
          34.261416
        ]
      }
    },
    {
      "type": "Feature",
      "properties": {
        "index": 12,
        "x_svg": 30.0,
        "y_svg": 1528.0
      },
      "geometry": {
        "type": "Point",
        "coordinates": [
          108.883404,
          34.269093
        ]
      }
    },
    {
      "type": "Feature",
      "properties": {
        "index": 13,
        "x_svg": 30.0,
        "y_svg": 826.0
      },
      "geometry": {
        "type": "Point",
        "coordinates": [
          108.883404,
          34.275294
        ]
      }
    },
    {
      "type": "Feature",
      "properties": {
        "index": 14,
        "x_svg": 30.0,
        "y_svg": 170.0
      },
      "geometry": {
        "type": "Point",
        "coordinates": [
          108.883404,
          34.281089
        ]
      }
    },
    {
      "type": "Feature",
      "properties": {
        "index": 15,
        "x_svg": 30.0,
        "y_svg": 0.0
      },
      "geometry": {
        "type": "Point",
        "coordinates": [
          108.883404,
          34.282591
        ]
      }
    },
    {
      "type": "Feature",
      "properties": {
        "index": 16,
        "x_svg": 0.0,
        "y_svg": 8607.0
      },
      "geometry": {
        "type": "Point",
        "coordinates": [
          108.88308,
          34.206557
        ]
      }
    },
    {
      "type": "Feature",
      "properties": {
        "index": 17,
        "x_svg": 1193.0,
        "y_svg": 8607.0
      },
      "geometry": {
        "type": "Point",
        "coordinates": [
          108.895938,
          34.206557
        ]
      }
    },
    {
      "type": "Feature",
      "properties": {
        "index": 18,
        "x_svg": 2303.5,
        "y_svg": 8607.0
      },
      "geometry": {
        "type": "Point",
        "coordinates": [
          108.907906,
          34.206557
        ]
      }
    },
    {
      "type": "Feature",
      "properties": {
        "index": 19,
        "x_svg": 3409.0,
        "y_svg": 8607.0
      },
      "geometry": {
        "type": "Point",
        "coordinates": [
          108.91982,
          34.206557
        ]
      }
    },
    {
      "type": "Feature",
      "properties": {
        "index": 20,
        "x_svg": 4177.5,
        "y_svg": 8607.0
      },
      "geometry": {
        "type": "Point",
        "coordinates": [
          108.928102,
          34.206557
        ]
      }
    },
    {
      "type": "Feature",
      "properties": {
        "index": 21,
        "x_svg": 4844.5,
        "y_svg": 8607.0
      },
      "geometry": {
        "type": "Point",
        "coordinates": [
          108.93529,
          34.206557
        ]
      }
    },
    {
      "type": "Feature",
      "properties": {
        "index": 22,
        "x_svg": 5517.5,
        "y_svg": 8607.0
      },
      "geometry": {
        "type": "Point",
        "coordinates": [
          108.942543,
          34.206557
        ]
      }
    },
    {
      "type": "Feature",
      "properties": {
        "index": 23,
        "x_svg": 6318.0,
        "y_svg": 8607.0
      },
      "geometry": {
        "type": "Point",
        "coordinates": [
          108.95117,
          34.206557
        ]
      }
    },
    {
      "type": "Feature",
      "properties": {
        "index": 24,
        "x_svg": 7441.0,
        "y_svg": 8607.0
      },
      "geometry": {
        "type": "Point",
        "coordinates": [
          108.963273,
          34.206557
        ]
      }
    },
    {
      "type": "Feature",
      "properties": {
        "index": 25,
        "x_svg": 8569.0,
        "y_svg": 8607.0
      },
      "geometry": {
        "type": "Point",
        "coordinates": [
          108.97543,
          34.206557
        ]
      }
    },
    {
      "type": "Feature",
      "properties": {
        "index": 26,
        "x_svg": 9918.0,
        "y_svg": 8607.0
      },
      "geometry": {
        "type": "Point",
        "coordinates": [
          108.989968,
          34.206557
        ]
      }
    },
    {
      "type": "Feature",
      "properties": {
        "index": 27,
        "x_svg": 0.0,
        "y_svg": 170.0
      },
      "geometry": {
        "type": "Point",
        "coordinates": [
          108.88308,
          34.281089
        ]
      }
    },
    {
      "type": "Feature",
      "properties": {
        "index": 28,
        "x_svg": 1193.0,
        "y_svg": 170.0
      },
      "geometry": {
        "type": "Point",
        "coordinates": [
          108.895938,
          34.281089
        ]
      }
    },
    {
      "type": "Feature",
      "properties": {
        "index": 29,
        "x_svg": 2303.5,
        "y_svg": 170.0
      },
      "geometry": {
        "type": "Point",
        "coordinates": [
          108.907906,
          34.281089
        ]
      }
    },
    {
      "type": "Feature",
      "properties": {
        "index": 30,
        "x_svg": 3409.0,
        "y_svg": 170.0
      },
      "geometry": {
        "type": "Point",
        "coordinates": [
          108.91982,
          34.281089
        ]
      }
    },
    {
      "type": "Feature",
      "properties": {
        "index": 31,
        "x_svg": 6318.0,
        "y_svg": 170.0
      },
      "geometry": {
        "type": "Point",
        "coordinates": [
          108.95117,
          34.281089
        ]
      }
    },
    {
      "type": "Feature",
      "properties": {
        "index": 32,
        "x_svg": 7102.5,
        "y_svg": 170.0
      },
      "geometry": {
        "type": "Point",
        "coordinates": [
          108.959625,
          34.281089
        ]
      }
    },
    {
      "type": "Feature",
      "properties": {
        "index": 33,
        "x_svg": 7441.0,
        "y_svg": 170.0
      },
      "geometry": {
        "type": "Point",
        "coordinates": [
          108.963273,
          34.281089
        ]
      }
    },
    {
      "type": "Feature",
      "properties": {
        "index": 34,
        "x_svg": 8569.0,
        "y_svg": 170.0
      },
      "geometry": {
        "type": "Point",
        "coordinates": [
          108.97543,
          34.281089
        ]
      }
    },
    {
      "type": "Feature",
      "properties": {
        "index": 35,
        "x_svg": 9718.0,
        "y_svg": 170.0
      },
      "geometry": {
        "type": "Point",
        "coordinates": [
          108.987813,
          34.281089
        ]
      }
    },
    {
      "type": "Feature",
      "properties": {
        "index": 36,
        "x_svg": 9748.0,
        "y_svg": 170.0
      },
      "geometry": {
        "type": "Point",
        "coordinates": [
          108.988136,
          34.281089
        ]
      }
    },
    {
      "type": "Feature",
      "properties": {
        "index": 37,
        "x_svg": 9748.0,
        "y_svg": 8002.0
      },
      "geometry": {
        "type": "Point",
        "coordinates": [
          108.988136,
          34.211901
        ]
      }
    },
    {
      "type": "Feature",
      "properties": {
        "index": 38,
        "x_svg": 9748.0,
        "y_svg": 7987.0
      },
      "geometry": {
        "type": "Point",
        "coordinates": [
          108.988136,
          34.212034
        ]
      }
    },
    {
      "type": "Feature",
      "properties": {
        "index": 39,
        "x_svg": 9748.0,
        "y_svg": 7442.0
      },
      "geometry": {
        "type": "Point",
        "coordinates": [
          108.988136,
          34.216848
        ]
      }
    },
    {
      "type": "Feature",
      "properties": {
        "index": 40,
        "x_svg": 9748.0,
        "y_svg": 6864.5
      },
      "geometry": {
        "type": "Point",
        "coordinates": [
          108.988136,
          34.22195
        ]
      }
    },
    {
      "type": "Feature",
      "properties": {
        "index": 41,
        "x_svg": 9748.0,
        "y_svg": 6279.5
      },
      "geometry": {
        "type": "Point",
        "coordinates": [
          108.988136,
          34.227118
        ]
      }
    },
    {
      "type": "Feature",
      "properties": {
        "index": 42,
        "x_svg": 9748.0,
        "y_svg": 5689.5
      },
      "geometry": {
        "type": "Point",
        "coordinates": [
          108.988136,
          34.23233
        ]
      }
    },
    {
      "type": "Feature",
      "properties": {
        "index": 43,
        "x_svg": 9748.0,
        "y_svg": 5089.5
      },
      "geometry": {
        "type": "Point",
        "coordinates": [
          108.988136,
          34.23763
        ]
      }
    },
    {
      "type": "Feature",
      "properties": {
        "index": 44,
        "x_svg": 9748.0,
        "y_svg": 4507.0
      },
      "geometry": {
        "type": "Point",
        "coordinates": [
          108.988136,
          34.242776
        ]
      }
    },
    {
      "type": "Feature",
      "properties": {
        "index": 45,
        "x_svg": 9748.0,
        "y_svg": 3935.0
      },
      "geometry": {
        "type": "Point",
        "coordinates": [
          108.988136,
          34.247829
        ]
      }
    },
    {
      "type": "Feature",
      "properties": {
        "index": 46,
        "x_svg": 9748.0,
        "y_svg": 3333.0
      },
      "geometry": {
        "type": "Point",
        "coordinates": [
          108.988136,
          34.253147
        ]
      }
    },
    {
      "type": "Feature",
      "properties": {
        "index": 47,
        "x_svg": 9748.0,
        "y_svg": 2397.0
      },
      "geometry": {
        "type": "Point",
        "coordinates": [
          108.988136,
          34.261416
        ]
      }
    },
    {
      "type": "Feature",
      "properties": {
        "index": 48,
        "x_svg": 9748.0,
        "y_svg": 2146.0
      },
      "geometry": {
        "type": "Point",
        "coordinates": [
          108.988136,
          34.263633
        ]
      }
    },
    {
      "type": "Feature",
      "properties": {
        "index": 49,
        "x_svg": 9748.0,
        "y_svg": 1528.0
      },
      "geometry": {
        "type": "Point",
        "coordinates": [
          108.988136,
          34.269093
        ]
      }
    },
    {
      "type": "Feature",
      "properties": {
        "index": 50,
        "x_svg": 9748.0,
        "y_svg": 826.0
      },
      "geometry": {
        "type": "Point",
        "coordinates": [
          108.988136,
          34.275294
        ]
      }
    },
    {
      "type": "Feature",
      "properties": {
        "index": 51,
        "x_svg": 9748.0,
        "y_svg": 0.0
      },
      "geometry": {
        "type": "Point",
        "coordinates": [
          108.988136,
          34.282591
        ]
      }
    },
    {
      "type": "Feature",
      "properties": {
        "index": 52,
        "x_svg": 1193.0,
        "y_svg": 8637.0
      },
      "geometry": {
        "type": "Point",
        "coordinates": [
          108.895938,
          34.206292
        ]
      }
    },
    {
      "type": "Feature",
      "properties": {
        "index": 53,
        "x_svg": 1193.0,
        "y_svg": 8002.0
      },
      "geometry": {
        "type": "Point",
        "coordinates": [
          108.895938,
          34.211901
        ]
      }
    },
    {
      "type": "Feature",
      "properties": {
        "index": 54,
        "x_svg": 1193.0,
        "y_svg": 7442.0
      },
      "geometry": {
        "type": "Point",
        "coordinates": [
          108.895938,
          34.216848
        ]
      }
    },
    {
      "type": "Feature",
      "properties": {
        "index": 55,
        "x_svg": 1193.0,
        "y_svg": 6864.5
      },
      "geometry": {
        "type": "Point",
        "coordinates": [
          108.895938,
          34.22195
        ]
      }
    },
    {
      "type": "Feature",
      "properties": {
        "index": 56,
        "x_svg": 1193.0,
        "y_svg": 6279.5
      },
      "geometry": {
        "type": "Point",
        "coordinates": [
          108.895938,
          34.227118
        ]
      }
    },
    {
      "type": "Feature",
      "properties": {
        "index": 57,
        "x_svg": 1193.0,
        "y_svg": 5689.5
      },
      "geometry": {
        "type": "Point",
        "coordinates": [
          108.895938,
          34.23233
        ]
      }
    },
    {
      "type": "Feature",
      "properties": {
        "index": 58,
        "x_svg": 1193.0,
        "y_svg": 5089.5
      },
      "geometry": {
        "type": "Point",
        "coordinates": [
          108.895938,
          34.23763
        ]
      }
    },
    {
      "type": "Feature",
      "properties": {
        "index": 59,
        "x_svg": 1193.0,
        "y_svg": 4507.0
      },
      "geometry": {
        "type": "Point",
        "coordinates": [
          108.895938,
          34.242776
        ]
      }
    },
    {
      "type": "Feature",
      "properties": {
        "index": 60,
        "x_svg": 1193.0,
        "y_svg": 4447.0
      },
      "geometry": {
        "type": "Point",
        "coordinates": [
          108.895938,
          34.243306
        ]
      }
    },
    {
      "type": "Feature",
      "properties": {
        "index": 61,
        "x_svg": 1193.0,
        "y_svg": 3935.0
      },
      "geometry": {
        "type": "Point",
        "coordinates": [
          108.895938,
          34.247829
        ]
      }
    },
    {
      "type": "Feature",
      "properties": {
        "index": 62,
        "x_svg": 1193.0,
        "y_svg": 3433.0
      },
      "geometry": {
        "type": "Point",
        "coordinates": [
          108.895938,
          34.252264
        ]
      }
    },
    {
      "type": "Feature",
      "properties": {
        "index": 63,
        "x_svg": 1193.0,
        "y_svg": 3333.0
      },
      "geometry": {
        "type": "Point",
        "coordinates": [
          108.895938,
          34.253147
        ]
      }
    },
    {
      "type": "Feature",
      "properties": {
        "index": 64,
        "x_svg": 1193.0,
        "y_svg": 2397.0
      },
      "geometry": {
        "type": "Point",
        "coordinates": [
          108.895938,
          34.261416
        ]
      }
    },
    {
      "type": "Feature",
      "properties": {
        "index": 65,
        "x_svg": 1193.0,
        "y_svg": 1528.0
      },
      "geometry": {
        "type": "Point",
        "coordinates": [
          108.895938,
          34.269093
        ]
      }
    },
    {
      "type": "Feature",
      "properties": {
        "index": 66,
        "x_svg": 1193.0,
        "y_svg": 826.0
      },
      "geometry": {
        "type": "Point",
        "coordinates": [
          108.895938,
          34.275294
        ]
      }
    },
    {
      "type": "Feature",
      "properties": {
        "index": 67,
        "x_svg": 1193.0,
        "y_svg": 200.0
      },
      "geometry": {
        "type": "Point",
        "coordinates": [
          108.895938,
          34.280824
        ]
      }
    },
    {
      "type": "Feature",
      "properties": {
        "index": 68,
        "x_svg": 2303.5,
        "y_svg": 8637.0
      },
      "geometry": {
        "type": "Point",
        "coordinates": [
          108.907906,
          34.206292
        ]
      }
    },
    {
      "type": "Feature",
      "properties": {
        "index": 69,
        "x_svg": 2303.5,
        "y_svg": 8002.0
      },
      "geometry": {
        "type": "Point",
        "coordinates": [
          108.907906,
          34.211901
        ]
      }
    },
    {
      "type": "Feature",
      "properties": {
        "index": 70,
        "x_svg": 2303.5,
        "y_svg": 7442.0
      },
      "geometry": {
        "type": "Point",
        "coordinates": [
          108.907906,
          34.216848
        ]
      }
    },
    {
      "type": "Feature",
      "properties": {
        "index": 71,
        "x_svg": 2303.5,
        "y_svg": 6864.5
      },
      "geometry": {
        "type": "Point",
        "coordinates": [
          108.907906,
          34.22195
        ]
      }
    },
    {
      "type": "Feature",
      "properties": {
        "index": 72,
        "x_svg": 2303.5,
        "y_svg": 6279.5
      },
      "geometry": {
        "type": "Point",
        "coordinates": [
          108.907906,
          34.227118
        ]
      }
    },
    {
      "type": "Feature",
      "properties": {
        "index": 73,
        "x_svg": 2303.5,
        "y_svg": 5689.5
      },
      "geometry": {
        "type": "Point",
        "coordinates": [
          108.907906,
          34.23233
        ]
      }
    },
    {
      "type": "Feature",
      "properties": {
        "index": 74,
        "x_svg": 2303.5,
        "y_svg": 5089.5
      },
      "geometry": {
        "type": "Point",
        "coordinates": [
          108.907906,
          34.23763
        ]
      }
    },
    {
      "type": "Feature",
      "properties": {
        "index": 75,
        "x_svg": 2303.5,
        "y_svg": 4507.0
      },
      "geometry": {
        "type": "Point",
        "coordinates": [
          108.907906,
          34.242776
        ]
      }
    },
    {
      "type": "Feature",
      "properties": {
        "index": 76,
        "x_svg": 2303.5,
        "y_svg": 4447.0
      },
      "geometry": {
        "type": "Point",
        "coordinates": [
          108.907906,
          34.243306
        ]
      }
    },
    {
      "type": "Feature",
      "properties": {
        "index": 77,
        "x_svg": 2303.5,
        "y_svg": 3935.0
      },
      "geometry": {
        "type": "Point",
        "coordinates": [
          108.907906,
          34.247829
        ]
      }
    },
    {
      "type": "Feature",
      "properties": {
        "index": 78,
        "x_svg": 2303.5,
        "y_svg": 3433.0
      },
      "geometry": {
        "type": "Point",
        "coordinates": [
          108.907906,
          34.252264
        ]
      }
    },
    {
      "type": "Feature",
      "properties": {
        "index": 79,
        "x_svg": 2303.5,
        "y_svg": 3333.0
      },
      "geometry": {
        "type": "Point",
        "coordinates": [
          108.907906,
          34.253147
        ]
      }
    },
    {
      "type": "Feature",
      "properties": {
        "index": 80,
        "x_svg": 2303.5,
        "y_svg": 2397.0
      },
      "geometry": {
        "type": "Point",
        "coordinates": [
          108.907906,
          34.261416
        ]
      }
    },
    {
      "type": "Feature",
      "properties": {
        "index": 81,
        "x_svg": 2303.5,
        "y_svg": 1528.0
      },
      "geometry": {
        "type": "Point",
        "coordinates": [
          108.907906,
          34.269093
        ]
      }
    },
    {
      "type": "Feature",
      "properties": {
        "index": 82,
        "x_svg": 2303.5,
        "y_svg": 826.0
      },
      "geometry": {
        "type": "Point",
        "coordinates": [
          108.907906,
          34.275294
        ]
      }
    },
    {
      "type": "Feature",
      "properties": {
        "index": 83,
        "x_svg": 2303.5,
        "y_svg": 200.0
      },
      "geometry": {
        "type": "Point",
        "coordinates": [
          108.907906,
          34.280824
        ]
      }
    },
    {
      "type": "Feature",
      "properties": {
        "index": 84,
        "x_svg": 3409.0,
        "y_svg": 8637.0
      },
      "geometry": {
        "type": "Point",
        "coordinates": [
          108.91982,
          34.206292
        ]
      }
    },
    {
      "type": "Feature",
      "properties": {
        "index": 85,
        "x_svg": 3409.0,
        "y_svg": 8002.0
      },
      "geometry": {
        "type": "Point",
        "coordinates": [
          108.91982,
          34.211901
        ]
      }
    },
    {
      "type": "Feature",
      "properties": {
        "index": 86,
        "x_svg": 3409.0,
        "y_svg": 7442.0
      },
      "geometry": {
        "type": "Point",
        "coordinates": [
          108.91982,
          34.216848
        ]
      }
    },
    {
      "type": "Feature",
      "properties": {
        "index": 87,
        "x_svg": 3409.0,
        "y_svg": 6864.5
      },
      "geometry": {
        "type": "Point",
        "coordinates": [
          108.91982,
          34.22195
        ]
      }
    },
    {
      "type": "Feature",
      "properties": {
        "index": 88,
        "x_svg": 3409.0,
        "y_svg": 6279.5
      },
      "geometry": {
        "type": "Point",
        "coordinates": [
          108.91982,
          34.227118
        ]
      }
    },
    {
      "type": "Feature",
      "properties": {
        "index": 89,
        "x_svg": 3409.0,
        "y_svg": 5689.5
      },
      "geometry": {
        "type": "Point",
        "coordinates": [
          108.91982,
          34.23233
        ]
      }
    },
    {
      "type": "Feature",
      "properties": {
        "index": 90,
        "x_svg": 3409.0,
        "y_svg": 5089.5
      },
      "geometry": {
        "type": "Point",
        "coordinates": [
          108.91982,
          34.23763
        ]
      }
    },
    {
      "type": "Feature",
      "properties": {
        "index": 91,
        "x_svg": 3409.0,
        "y_svg": 4507.0
      },
      "geometry": {
        "type": "Point",
        "coordinates": [
          108.91982,
          34.242776
        ]
      }
    },
    {
      "type": "Feature",
      "properties": {
        "index": 92,
        "x_svg": 3409.0,
        "y_svg": 3935.0
      },
      "geometry": {
        "type": "Point",
        "coordinates": [
          108.91982,
          34.247829
        ]
      }
    },
    {
      "type": "Feature",
      "properties": {
        "index": 93,
        "x_svg": 3409.0,
        "y_svg": 3333.0
      },
      "geometry": {
        "type": "Point",
        "coordinates": [
          108.91982,
          34.253147
        ]
      }
    },
    {
      "type": "Feature",
      "properties": {
        "index": 94,
        "x_svg": 3409.0,
        "y_svg": 2397.0
      },
      "geometry": {
        "type": "Point",
        "coordinates": [
          108.91982,
          34.261416
        ]
      }
    },
    {
      "type": "Feature",
      "properties": {
        "index": 95,
        "x_svg": 3409.0,
        "y_svg": 1528.0
      },
      "geometry": {
        "type": "Point",
        "coordinates": [
          108.91982,
          34.269093
        ]
      }
    },
    {
      "type": "Feature",
      "properties": {
        "index": 96,
        "x_svg": 3409.0,
        "y_svg": 826.0
      },
      "geometry": {
        "type": "Point",
        "coordinates": [
          108.91982,
          34.275294
        ]
      }
    },
    {
      "type": "Feature",
      "properties": {
        "index": 97,
        "x_svg": 3409.0,
        "y_svg": 200.0
      },
      "geometry": {
        "type": "Point",
        "coordinates": [
          108.91982,
          34.280824
        ]
      }
    },
    {
      "type": "Feature",
      "properties": {
        "index": 98,
        "x_svg": 4177.5,
        "y_svg": 8637.0
      },
      "geometry": {
        "type": "Point",
        "coordinates": [
          108.928102,
          34.206292
        ]
      }
    },
    {
      "type": "Feature",
      "properties": {
        "index": 99,
        "x_svg": 4177.5,
        "y_svg": 8002.0
      },
      "geometry": {
        "type": "Point",
        "coordinates": [
          108.928102,
          34.211901
        ]
      }
    },
    {
      "type": "Feature",
      "properties": {
        "index": 100,
        "x_svg": 4177.5,
        "y_svg": 7442.0
      },
      "geometry": {
        "type": "Point",
        "coordinates": [
          108.928102,
          34.216848
        ]
      }
    },
    {
      "type": "Feature",
      "properties": {
        "index": 101,
        "x_svg": 4177.5,
        "y_svg": 6864.5
      },
      "geometry": {
        "type": "Point",
        "coordinates": [
          108.928102,
          34.22195
        ]
      }
    },
    {
      "type": "Feature",
      "properties": {
        "index": 102,
        "x_svg": 4177.5,
        "y_svg": 6279.5
      },
      "geometry": {
        "type": "Point",
        "coordinates": [
          108.928102,
          34.227118
        ]
      }
    },
    {
      "type": "Feature",
      "properties": {
        "index": 103,
        "x_svg": 4177.5,
        "y_svg": 5689.5
      },
      "geometry": {
        "type": "Point",
        "coordinates": [
          108.928102,
          34.23233
        ]
      }
    },
    {
      "type": "Feature",
      "properties": {
        "index": 104,
        "x_svg": 4177.5,
        "y_svg": 5089.5
      },
      "geometry": {
        "type": "Point",
        "coordinates": [
          108.928102,
          34.23763
        ]
      }
    },
    {
      "type": "Feature",
      "properties": {
        "index": 105,
        "x_svg": 4177.5,
        "y_svg": 4507.0
      },
      "geometry": {
        "type": "Point",
        "coordinates": [
          108.928102,
          34.242776
        ]
      }
    },
    {
      "type": "Feature",
      "properties": {
        "index": 106,
        "x_svg": 4177.5,
        "y_svg": 3935.0
      },
      "geometry": {
        "type": "Point",
        "coordinates": [
          108.928102,
          34.247829
        ]
      }
    },
    {
      "type": "Feature",
      "properties": {
        "index": 107,
        "x_svg": 4177.5,
        "y_svg": 3333.0
      },
      "geometry": {
        "type": "Point",
        "coordinates": [
          108.928102,
          34.253147
        ]
      }
    },
    {
      "type": "Feature",
      "properties": {
        "index": 108,
        "x_svg": 4177.5,
        "y_svg": 3273.0
      },
      "geometry": {
        "type": "Point",
        "coordinates": [
          108.928102,
          34.253677
        ]
      }
    },
    {
      "type": "Feature",
      "properties": {
        "index": 109,
        "x_svg": 4844.5,
        "y_svg": 8637.0
      },
      "geometry": {
        "type": "Point",
        "coordinates": [
          108.93529,
          34.206292
        ]
      }
    },
    {
      "type": "Feature",
      "properties": {
        "index": 110,
        "x_svg": 4844.5,
        "y_svg": 8002.0
      },
      "geometry": {
        "type": "Point",
        "coordinates": [
          108.93529,
          34.211901
        ]
      }
    },
    {
      "type": "Feature",
      "properties": {
        "index": 111,
        "x_svg": 4844.5,
        "y_svg": 7442.0
      },
      "geometry": {
        "type": "Point",
        "coordinates": [
          108.93529,
          34.216848
        ]
      }
    },
    {
      "type": "Feature",
      "properties": {
        "index": 112,
        "x_svg": 4844.5,
        "y_svg": 6864.5
      },
      "geometry": {
        "type": "Point",
        "coordinates": [
          108.93529,
          34.22195
        ]
      }
    },
    {
      "type": "Feature",
      "properties": {
        "index": 113,
        "x_svg": 4844.5,
        "y_svg": 6279.5
      },
      "geometry": {
        "type": "Point",
        "coordinates": [
          108.93529,
          34.227118
        ]
      }
    },
    {
      "type": "Feature",
      "properties": {
        "index": 114,
        "x_svg": 4844.5,
        "y_svg": 5689.5
      },
      "geometry": {
        "type": "Point",
        "coordinates": [
          108.93529,
          34.23233
        ]
      }
    },
    {
      "type": "Feature",
      "properties": {
        "index": 115,
        "x_svg": 4844.5,
        "y_svg": 5089.5
      },
      "geometry": {
        "type": "Point",
        "coordinates": [
          108.93529,
          34.23763
        ]
      }
    },
    {
      "type": "Feature",
      "properties": {
        "index": 116,
        "x_svg": 4844.5,
        "y_svg": 4507.0
      },
      "geometry": {
        "type": "Point",
        "coordinates": [
          108.93529,
          34.242776
        ]
      }
    },
    {
      "type": "Feature",
      "properties": {
        "index": 117,
        "x_svg": 4844.5,
        "y_svg": 3935.0
      },
      "geometry": {
        "type": "Point",
        "coordinates": [
          108.93529,
          34.247829
        ]
      }
    },
    {
      "type": "Feature",
      "properties": {
        "index": 118,
        "x_svg": 4844.5,
        "y_svg": 3333.0
      },
      "geometry": {
        "type": "Point",
        "coordinates": [
          108.93529,
          34.253147
        ]
      }
    },
    {
      "type": "Feature",
      "properties": {
        "index": 119,
        "x_svg": 4844.5,
        "y_svg": 3273.0
      },
      "geometry": {
        "type": "Point",
        "coordinates": [
          108.93529,
          34.253677
        ]
      }
    },
    {
      "type": "Feature",
      "properties": {
        "index": 120,
        "x_svg": 5517.5,
        "y_svg": 8637.0
      },
      "geometry": {
        "type": "Point",
        "coordinates": [
          108.942543,
          34.206292
        ]
      }
    },
    {
      "type": "Feature",
      "properties": {
        "index": 121,
        "x_svg": 5517.5,
        "y_svg": 8002.0
      },
      "geometry": {
        "type": "Point",
        "coordinates": [
          108.942543,
          34.211901
        ]
      }
    },
    {
      "type": "Feature",
      "properties": {
        "index": 122,
        "x_svg": 5517.5,
        "y_svg": 7442.0
      },
      "geometry": {
        "type": "Point",
        "coordinates": [
          108.942543,
          34.216848
        ]
      }
    },
    {
      "type": "Feature",
      "properties": {
        "index": 123,
        "x_svg": 5517.5,
        "y_svg": 6864.5
      },
      "geometry": {
        "type": "Point",
        "coordinates": [
          108.942543,
          34.22195
        ]
      }
    },
    {
      "type": "Feature",
      "properties": {
        "index": 124,
        "x_svg": 5517.5,
        "y_svg": 6279.5
      },
      "geometry": {
        "type": "Point",
        "coordinates": [
          108.942543,
          34.227118
        ]
      }
    },
    {
      "type": "Feature",
      "properties": {
        "index": 125,
        "x_svg": 5517.5,
        "y_svg": 5689.5
      },
      "geometry": {
        "type": "Point",
        "coordinates": [
          108.942543,
          34.23233
        ]
      }
    },
    {
      "type": "Feature",
      "properties": {
        "index": 126,
        "x_svg": 5517.5,
        "y_svg": 5089.5
      },
      "geometry": {
        "type": "Point",
        "coordinates": [
          108.942543,
          34.23763
        ]
      }
    },
    {
      "type": "Feature",
      "properties": {
        "index": 127,
        "x_svg": 5517.5,
        "y_svg": 4507.0
      },
      "geometry": {
        "type": "Point",
        "coordinates": [
          108.942543,
          34.242776
        ]
      }
    },
    {
      "type": "Feature",
      "properties": {
        "index": 128,
        "x_svg": 5517.5,
        "y_svg": 3935.0
      },
      "geometry": {
        "type": "Point",
        "coordinates": [
          108.942543,
          34.247829
        ]
      }
    },
    {
      "type": "Feature",
      "properties": {
        "index": 129,
        "x_svg": 5517.5,
        "y_svg": 3333.0
      },
      "geometry": {
        "type": "Point",
        "coordinates": [
          108.942543,
          34.253147
        ]
      }
    },
    {
      "type": "Feature",
      "properties": {
        "index": 130,
        "x_svg": 5517.5,
        "y_svg": 3273.0
      },
      "geometry": {
        "type": "Point",
        "coordinates": [
          108.942543,
          34.253677
        ]
      }
    },
    {
      "type": "Feature",
      "properties": {
        "index": 131,
        "x_svg": 6318.0,
        "y_svg": 8637.0
      },
      "geometry": {
        "type": "Point",
        "coordinates": [
          108.95117,
          34.206292
        ]
      }
    },
    {
      "type": "Feature",
      "properties": {
        "index": 132,
        "x_svg": 6318.0,
        "y_svg": 8002.0
      },
      "geometry": {
        "type": "Point",
        "coordinates": [
          108.95117,
          34.211901
        ]
      }
    },
    {
      "type": "Feature",
      "properties": {
        "index": 133,
        "x_svg": 6318.0,
        "y_svg": 7442.0
      },
      "geometry": {
        "type": "Point",
        "coordinates": [
          108.95117,
          34.216848
        ]
      }
    },
    {
      "type": "Feature",
      "properties": {
        "index": 134,
        "x_svg": 6318.0,
        "y_svg": 6864.5
      },
      "geometry": {
        "type": "Point",
        "coordinates": [
          108.95117,
          34.22195
        ]
      }
    },
    {
      "type": "Feature",
      "properties": {
        "index": 135,
        "x_svg": 6318.0,
        "y_svg": 6279.5
      },
      "geometry": {
        "type": "Point",
        "coordinates": [
          108.95117,
          34.227118
        ]
      }
    },
    {
      "type": "Feature",
      "properties": {
        "index": 136,
        "x_svg": 6318.0,
        "y_svg": 5689.5
      },
      "geometry": {
        "type": "Point",
        "coordinates": [
          108.95117,
          34.23233
        ]
      }
    },
    {
      "type": "Feature",
      "properties": {
        "index": 137,
        "x_svg": 6318.0,
        "y_svg": 5089.5
      },
      "geometry": {
        "type": "Point",
        "coordinates": [
          108.95117,
          34.23763
        ]
      }
    },
    {
      "type": "Feature",
      "properties": {
        "index": 138,
        "x_svg": 6318.0,
        "y_svg": 4507.0
      },
      "geometry": {
        "type": "Point",
        "coordinates": [
          108.95117,
          34.242776
        ]
      }
    },
    {
      "type": "Feature",
      "properties": {
        "index": 139,
        "x_svg": 6318.0,
        "y_svg": 3935.0
      },
      "geometry": {
        "type": "Point",
        "coordinates": [
          108.95117,
          34.247829
        ]
      }
    },
    {
      "type": "Feature",
      "properties": {
        "index": 140,
        "x_svg": 6318.0,
        "y_svg": 3333.0
      },
      "geometry": {
        "type": "Point",
        "coordinates": [
          108.95117,
          34.253147
        ]
      }
    },
    {
      "type": "Feature",
      "properties": {
        "index": 141,
        "x_svg": 6318.0,
        "y_svg": 2397.0
      },
      "geometry": {
        "type": "Point",
        "coordinates": [
          108.95117,
          34.261416
        ]
      }
    },
    {
      "type": "Feature",
      "properties": {
        "index": 142,
        "x_svg": 6318.0,
        "y_svg": 1528.0
      },
      "geometry": {
        "type": "Point",
        "coordinates": [
          108.95117,
          34.269093
        ]
      }
    },
    {
      "type": "Feature",
      "properties": {
        "index": 143,
        "x_svg": 6318.0,
        "y_svg": 826.0
      },
      "geometry": {
        "type": "Point",
        "coordinates": [
          108.95117,
          34.275294
        ]
      }
    },
    {
      "type": "Feature",
      "properties": {
        "index": 144,
        "x_svg": 6318.0,
        "y_svg": 200.0
      },
      "geometry": {
        "type": "Point",
        "coordinates": [
          108.95117,
          34.280824
        ]
      }
    },
    {
      "type": "Feature",
      "properties": {
        "index": 145,
        "x_svg": 7441.0,
        "y_svg": 8637.0
      },
      "geometry": {
        "type": "Point",
        "coordinates": [
          108.963273,
          34.206292
        ]
      }
    },
    {
      "type": "Feature",
      "properties": {
        "index": 146,
        "x_svg": 7441.0,
        "y_svg": 8002.0
      },
      "geometry": {
        "type": "Point",
        "coordinates": [
          108.963273,
          34.211901
        ]
      }
    },
    {
      "type": "Feature",
      "properties": {
        "index": 147,
        "x_svg": 7441.0,
        "y_svg": 7442.0
      },
      "geometry": {
        "type": "Point",
        "coordinates": [
          108.963273,
          34.216848
        ]
      }
    },
    {
      "type": "Feature",
      "properties": {
        "index": 148,
        "x_svg": 7441.0,
        "y_svg": 6864.5
      },
      "geometry": {
        "type": "Point",
        "coordinates": [
          108.963273,
          34.22195
        ]
      }
    },
    {
      "type": "Feature",
      "properties": {
        "index": 149,
        "x_svg": 7441.0,
        "y_svg": 6279.5
      },
      "geometry": {
        "type": "Point",
        "coordinates": [
          108.963273,
          34.227118
        ]
      }
    },
    {
      "type": "Feature",
      "properties": {
        "index": 150,
        "x_svg": 7441.0,
        "y_svg": 5689.5
      },
      "geometry": {
        "type": "Point",
        "coordinates": [
          108.963273,
          34.23233
        ]
      }
    },
    {
      "type": "Feature",
      "properties": {
        "index": 151,
        "x_svg": 7441.0,
        "y_svg": 5089.5
      },
      "geometry": {
        "type": "Point",
        "coordinates": [
          108.963273,
          34.23763
        ]
      }
    },
    {
      "type": "Feature",
      "properties": {
        "index": 152,
        "x_svg": 7441.0,
        "y_svg": 4507.0
      },
      "geometry": {
        "type": "Point",
        "coordinates": [
          108.963273,
          34.242776
        ]
      }
    },
    {
      "type": "Feature",
      "properties": {
        "index": 153,
        "x_svg": 7441.0,
        "y_svg": 4447.0
      },
      "geometry": {
        "type": "Point",
        "coordinates": [
          108.963273,
          34.243306
        ]
      }
    },
    {
      "type": "Feature",
      "properties": {
        "index": 154,
        "x_svg": 7441.0,
        "y_svg": 3935.0
      },
      "geometry": {
        "type": "Point",
        "coordinates": [
          108.963273,
          34.247829
        ]
      }
    },
    {
      "type": "Feature",
      "properties": {
        "index": 155,
        "x_svg": 7441.0,
        "y_svg": 3433.0
      },
      "geometry": {
        "type": "Point",
        "coordinates": [
          108.963273,
          34.252264
        ]
      }
    },
    {
      "type": "Feature",
      "properties": {
        "index": 156,
        "x_svg": 7441.0,
        "y_svg": 3333.0
      },
      "geometry": {
        "type": "Point",
        "coordinates": [
          108.963273,
          34.253147
        ]
      }
    },
    {
      "type": "Feature",
      "properties": {
        "index": 157,
        "x_svg": 7441.0,
        "y_svg": 2397.0
      },
      "geometry": {
        "type": "Point",
        "coordinates": [
          108.963273,
          34.261416
        ]
      }
    },
    {
      "type": "Feature",
      "properties": {
        "index": 158,
        "x_svg": 7441.0,
        "y_svg": 1528.0
      },
      "geometry": {
        "type": "Point",
        "coordinates": [
          108.963273,
          34.269093
        ]
      }
    },
    {
      "type": "Feature",
      "properties": {
        "index": 159,
        "x_svg": 7441.0,
        "y_svg": 826.0
      },
      "geometry": {
        "type": "Point",
        "coordinates": [
          108.963273,
          34.275294
        ]
      }
    },
    {
      "type": "Feature",
      "properties": {
        "index": 160,
        "x_svg": 7441.0,
        "y_svg": 200.0
      },
      "geometry": {
        "type": "Point",
        "coordinates": [
          108.963273,
          34.280824
        ]
      }
    },
    {
      "type": "Feature",
      "properties": {
        "index": 161,
        "x_svg": 8569.0,
        "y_svg": 8637.0
      },
      "geometry": {
        "type": "Point",
        "coordinates": [
          108.97543,
          34.206292
        ]
      }
    },
    {
      "type": "Feature",
      "properties": {
        "index": 162,
        "x_svg": 8569.0,
        "y_svg": 8002.0
      },
      "geometry": {
        "type": "Point",
        "coordinates": [
          108.97543,
          34.211901
        ]
      }
    },
    {
      "type": "Feature",
      "properties": {
        "index": 163,
        "x_svg": 8569.0,
        "y_svg": 7442.0
      },
      "geometry": {
        "type": "Point",
        "coordinates": [
          108.97543,
          34.216848
        ]
      }
    },
    {
      "type": "Feature",
      "properties": {
        "index": 164,
        "x_svg": 8569.0,
        "y_svg": 6864.5
      },
      "geometry": {
        "type": "Point",
        "coordinates": [
          108.97543,
          34.22195
        ]
      }
    },
    {
      "type": "Feature",
      "properties": {
        "index": 165,
        "x_svg": 8569.0,
        "y_svg": 6279.5
      },
      "geometry": {
        "type": "Point",
        "coordinates": [
          108.97543,
          34.227118
        ]
      }
    },
    {
      "type": "Feature",
      "properties": {
        "index": 166,
        "x_svg": 8569.0,
        "y_svg": 5689.5
      },
      "geometry": {
        "type": "Point",
        "coordinates": [
          108.97543,
          34.23233
        ]
      }
    },
    {
      "type": "Feature",
      "properties": {
        "index": 167,
        "x_svg": 8569.0,
        "y_svg": 5089.5
      },
      "geometry": {
        "type": "Point",
        "coordinates": [
          108.97543,
          34.23763
        ]
      }
    },
    {
      "type": "Feature",
      "properties": {
        "index": 168,
        "x_svg": 8569.0,
        "y_svg": 4507.0
      },
      "geometry": {
        "type": "Point",
        "coordinates": [
          108.97543,
          34.242776
        ]
      }
    },
    {
      "type": "Feature",
      "properties": {
        "index": 169,
        "x_svg": 8569.0,
        "y_svg": 4447.0
      },
      "geometry": {
        "type": "Point",
        "coordinates": [
          108.97543,
          34.243306
        ]
      }
    },
    {
      "type": "Feature",
      "properties": {
        "index": 170,
        "x_svg": 8569.0,
        "y_svg": 3935.0
      },
      "geometry": {
        "type": "Point",
        "coordinates": [
          108.97543,
          34.247829
        ]
      }
    },
    {
      "type": "Feature",
      "properties": {
        "index": 171,
        "x_svg": 8569.0,
        "y_svg": 3433.0
      },
      "geometry": {
        "type": "Point",
        "coordinates": [
          108.97543,
          34.252264
        ]
      }
    },
    {
      "type": "Feature",
      "properties": {
        "index": 172,
        "x_svg": 8569.0,
        "y_svg": 3333.0
      },
      "geometry": {
        "type": "Point",
        "coordinates": [
          108.97543,
          34.253147
        ]
      }
    },
    {
      "type": "Feature",
      "properties": {
        "index": 173,
        "x_svg": 8569.0,
        "y_svg": 2397.0
      },
      "geometry": {
        "type": "Point",
        "coordinates": [
          108.97543,
          34.261416
        ]
      }
    },
    {
      "type": "Feature",
      "properties": {
        "index": 174,
        "x_svg": 8569.0,
        "y_svg": 2146.0
      },
      "geometry": {
        "type": "Point",
        "coordinates": [
          108.97543,
          34.263633
        ]
      }
    },
    {
      "type": "Feature",
      "properties": {
        "index": 175,
        "x_svg": 8569.0,
        "y_svg": 1528.0
      },
      "geometry": {
        "type": "Point",
        "coordinates": [
          108.97543,
          34.269093
        ]
      }
    },
    {
      "type": "Feature",
      "properties": {
        "index": 176,
        "x_svg": 8569.0,
        "y_svg": 826.0
      },
      "geometry": {
        "type": "Point",
        "coordinates": [
          108.97543,
          34.275294
        ]
      }
    },
    {
      "type": "Feature",
      "properties": {
        "index": 177,
        "x_svg": 8569.0,
        "y_svg": 200.0
      },
      "geometry": {
        "type": "Point",
        "coordinates": [
          108.97543,
          34.280824
        ]
      }
    },
    {
      "type": "Feature",
      "properties": {
        "index": 178,
        "x_svg": 7102.5,
        "y_svg": 1528.0
      },
      "geometry": {
        "type": "Point",
        "coordinates": [
          108.959625,
          34.269093
        ]
      }
    },
    {
      "type": "Feature",
      "properties": {
        "index": 179,
        "x_svg": 7102.5,
        "y_svg": 1452.0
      },
      "geometry": {
        "type": "Point",
        "coordinates": [
          108.959625,
          34.269764
        ]
      }
    },
    {
      "type": "Feature",
      "properties": {
        "index": 180,
        "x_svg": 7102.5,
        "y_svg": 826.0
      },
      "geometry": {
        "type": "Point",
        "coordinates": [
          108.959625,
          34.275294
        ]
      }
    },
    {
      "type": "Feature",
      "properties": {
        "index": 181,
        "x_svg": 7102.5,
        "y_svg": 200.0
      },
      "geometry": {
        "type": "Point",
        "coordinates": [
          108.959625,
          34.280824
        ]
      }
    },
    {
      "type": "Feature",
      "properties": {
        "index": 182,
        "x_svg": 8545.0,
        "y_svg": 3333.0
      },
      "geometry": {
        "type": "Point",
        "coordinates": [
          108.975171,
          34.253147
        ]
      }
    },
    {
      "type": "Feature",
      "properties": {
        "index": 183,
        "x_svg": 8545.0,
        "y_svg": 3273.0
      },
      "geometry": {
        "type": "Point",
        "coordinates": [
          108.975171,
          34.253677
        ]
      }
    },
    {
      "type": "Feature",
      "properties": {
        "index": 184,
        "x_svg": 8545.0,
        "y_svg": 2397.0
      },
      "geometry": {
        "type": "Point",
        "coordinates": [
          108.975171,
          34.261416
        ]
      }
    },
    {
      "type": "Feature",
      "properties": {
        "index": 185,
        "x_svg": 8545.0,
        "y_svg": 2173.0
      },
      "geometry": {
        "type": "Point",
        "coordinates": [
          108.975171,
          34.263395
        ]
      }
    },
    {
      "type": "Feature",
      "properties": {
        "index": 186,
        "x_svg": 8545.0,
        "y_svg": 2146.0
      },
      "geometry": {
        "type": "Point",
        "coordinates": [
          108.975171,
          34.263633
        ]
      }
    },
    {
      "type": "Feature",
      "properties": {
        "index": 187,
        "x_svg": 0.0,
        "y_svg": 3333.0
      },
      "geometry": {
        "type": "Point",
        "coordinates": [
          108.88308,
          34.253147
        ]
      }
    },
    {
      "type": "Feature",
      "properties": {
        "index": 188,
        "x_svg": 1249.0,
        "y_svg": 3333.0
      },
      "geometry": {
        "type": "Point",
        "coordinates": [
          108.896541,
          34.253147
        ]
      }
    },
    {
      "type": "Feature",
      "properties": {
        "index": 189,
        "x_svg": 2237.0,
        "y_svg": 3333.0
      },
      "geometry": {
        "type": "Point",
        "coordinates": [
          108.907189,
          34.253147
        ]
      }
    },
    {
      "type": "Feature",
      "properties": {
        "index": 190,
        "x_svg": 7510.0,
        "y_svg": 3333.0
      },
      "geometry": {
        "type": "Point",
        "coordinates": [
          108.964017,
          34.253147
        ]
      }
    },
    {
      "type": "Feature",
      "properties": {
        "index": 191,
        "x_svg": 8500.0,
        "y_svg": 3333.0
      },
      "geometry": {
        "type": "Point",
        "coordinates": [
          108.974686,
          34.253147
        ]
      }
    },
    {
      "type": "Feature",
      "properties": {
        "index": 192,
        "x_svg": 9918.0,
        "y_svg": 3333.0
      },
      "geometry": {
        "type": "Point",
        "coordinates": [
          108.989968,
          34.253147
        ]
      }
    },
    {
      "type": "Feature",
      "properties": {
        "index": 193,
        "x_svg": 0.0,
        "y_svg": 3935.0
      },
      "geometry": {
        "type": "Point",
        "coordinates": [
          108.88308,
          34.247829
        ]
      }
    },
    {
      "type": "Feature",
      "properties": {
        "index": 194,
        "x_svg": 1214.0,
        "y_svg": 3935.0
      },
      "geometry": {
        "type": "Point",
        "coordinates": [
          108.896164,
          34.247829
        ]
      }
    },
    {
      "type": "Feature",
      "properties": {
        "index": 195,
        "x_svg": 1249.0,
        "y_svg": 3935.0
      },
      "geometry": {
        "type": "Point",
        "coordinates": [
          108.896541,
          34.247829
        ]
      }
    },
    {
      "type": "Feature",
      "properties": {
        "index": 196,
        "x_svg": 2237.0,
        "y_svg": 3935.0
      },
      "geometry": {
        "type": "Point",
        "coordinates": [
          108.907189,
          34.247829
        ]
      }
    },
    {
      "type": "Feature",
      "properties": {
        "index": 197,
        "x_svg": 2272.0,
        "y_svg": 3935.0
      },
      "geometry": {
        "type": "Point",
        "coordinates": [
          108.907566,
          34.247829
        ]
      }
    },
    {
      "type": "Feature",
      "properties": {
        "index": 198,
        "x_svg": 7475.0,
        "y_svg": 3935.0
      },
      "geometry": {
        "type": "Point",
        "coordinates": [
          108.963639,
          34.247829
        ]
      }
    },
    {
      "type": "Feature",
      "properties": {
        "index": 199,
        "x_svg": 7510.0,
        "y_svg": 3935.0
      },
      "geometry": {
        "type": "Point",
        "coordinates": [
          108.964017,
          34.247829
        ]
      }
    },
    {
      "type": "Feature",
      "properties": {
        "index": 200,
        "x_svg": 8500.0,
        "y_svg": 3935.0
      },
      "geometry": {
        "type": "Point",
        "coordinates": [
          108.974686,
          34.247829
        ]
      }
    },
    {
      "type": "Feature",
      "properties": {
        "index": 201,
        "x_svg": 8535.0,
        "y_svg": 3935.0
      },
      "geometry": {
        "type": "Point",
        "coordinates": [
          108.975063,
          34.247829
        ]
      }
    },
    {
      "type": "Feature",
      "properties": {
        "index": 202,
        "x_svg": 9918.0,
        "y_svg": 3935.0
      },
      "geometry": {
        "type": "Point",
        "coordinates": [
          108.989968,
          34.247829
        ]
      }
    },
    {
      "type": "Feature",
      "properties": {
        "index": 203,
        "x_svg": 0.0,
        "y_svg": 4507.0
      },
      "geometry": {
        "type": "Point",
        "coordinates": [
          108.88308,
          34.242776
        ]
      }
    },
    {
      "type": "Feature",
      "properties": {
        "index": 204,
        "x_svg": 1249.0,
        "y_svg": 4507.0
      },
      "geometry": {
        "type": "Point",
        "coordinates": [
          108.896541,
          34.242776
        ]
      }
    },
    {
      "type": "Feature",
      "properties": {
        "index": 205,
        "x_svg": 2237.0,
        "y_svg": 4507.0
      },
      "geometry": {
        "type": "Point",
        "coordinates": [
          108.907189,
          34.242776
        ]
      }
    },
    {
      "type": "Feature",
      "properties": {
        "index": 206,
        "x_svg": 7510.0,
        "y_svg": 4507.0
      },
      "geometry": {
        "type": "Point",
        "coordinates": [
          108.964017,
          34.242776
        ]
      }
    },
    {
      "type": "Feature",
      "properties": {
        "index": 207,
        "x_svg": 8500.0,
        "y_svg": 4507.0
      },
      "geometry": {
        "type": "Point",
        "coordinates": [
          108.974686,
          34.242776
        ]
      }
    },
    {
      "type": "Feature",
      "properties": {
        "index": 208,
        "x_svg": 9918.0,
        "y_svg": 4507.0
      },
      "geometry": {
        "type": "Point",
        "coordinates": [
          108.989968,
          34.242776
        ]
      }
    },
    {
      "type": "Feature",
      "properties": {
        "index": 209,
        "x_svg": 0.0,
        "y_svg": 5089.5
      },
      "geometry": {
        "type": "Point",
        "coordinates": [
          108.88308,
          34.23763
        ]
      }
    },
    {
      "type": "Feature",
      "properties": {
        "index": 210,
        "x_svg": 9918.0,
        "y_svg": 5089.5
      },
      "geometry": {
        "type": "Point",
        "coordinates": [
          108.989968,
          34.23763
        ]
      }
    },
    {
      "type": "Feature",
      "properties": {
        "index": 211,
        "x_svg": 0.0,
        "y_svg": 5689.5
      },
      "geometry": {
        "type": "Point",
        "coordinates": [
          108.88308,
          34.23233
        ]
      }
    },
    {
      "type": "Feature",
      "properties": {
        "index": 212,
        "x_svg": 9918.0,
        "y_svg": 5689.5
      },
      "geometry": {
        "type": "Point",
        "coordinates": [
          108.989968,
          34.23233
        ]
      }
    },
    {
      "type": "Feature",
      "properties": {
        "index": 213,
        "x_svg": 0.0,
        "y_svg": 6279.5
      },
      "geometry": {
        "type": "Point",
        "coordinates": [
          108.88308,
          34.227118
        ]
      }
    },
    {
      "type": "Feature",
      "properties": {
        "index": 214,
        "x_svg": 9918.0,
        "y_svg": 6279.5
      },
      "geometry": {
        "type": "Point",
        "coordinates": [
          108.989968,
          34.227118
        ]
      }
    },
    {
      "type": "Feature",
      "properties": {
        "index": 215,
        "x_svg": 0.0,
        "y_svg": 6864.5
      },
      "geometry": {
        "type": "Point",
        "coordinates": [
          108.88308,
          34.22195
        ]
      }
    },
    {
      "type": "Feature",
      "properties": {
        "index": 216,
        "x_svg": 9918.0,
        "y_svg": 6864.5
      },
      "geometry": {
        "type": "Point",
        "coordinates": [
          108.989968,
          34.22195
        ]
      }
    },
    {
      "type": "Feature",
      "properties": {
        "index": 217,
        "x_svg": 0.0,
        "y_svg": 7442.0
      },
      "geometry": {
        "type": "Point",
        "coordinates": [
          108.88308,
          34.216848
        ]
      }
    },
    {
      "type": "Feature",
      "properties": {
        "index": 218,
        "x_svg": 9918.0,
        "y_svg": 7442.0
      },
      "geometry": {
        "type": "Point",
        "coordinates": [
          108.989968,
          34.216848
        ]
      }
    },
    {
      "type": "Feature",
      "properties": {
        "index": 219,
        "x_svg": 0.0,
        "y_svg": 8002.0
      },
      "geometry": {
        "type": "Point",
        "coordinates": [
          108.88308,
          34.211901
        ]
      }
    },
    {
      "type": "Feature",
      "properties": {
        "index": 220,
        "x_svg": 9918.0,
        "y_svg": 8002.0
      },
      "geometry": {
        "type": "Point",
        "coordinates": [
          108.989968,
          34.211901
        ]
      }
    },
    {
      "type": "Feature",
      "properties": {
        "index": 221,
        "x_svg": 0.0,
        "y_svg": 2397.0
      },
      "geometry": {
        "type": "Point",
        "coordinates": [
          108.88308,
          34.261416
        ]
      }
    },
    {
      "type": "Feature",
      "properties": {
        "index": 222,
        "x_svg": 3463.0,
        "y_svg": 2397.0
      },
      "geometry": {
        "type": "Point",
        "coordinates": [
          108.920402,
          34.261416
        ]
      }
    },
    {
      "type": "Feature",
      "properties": {
        "index": 223,
        "x_svg": 6251.0,
        "y_svg": 2397.0
      },
      "geometry": {
        "type": "Point",
        "coordinates": [
          108.950448,
          34.261416
        ]
      }
    },
    {
      "type": "Feature",
      "properties": {
        "index": 224,
        "x_svg": 9918.0,
        "y_svg": 2397.0
      },
      "geometry": {
        "type": "Point",
        "coordinates": [
          108.989968,
          34.261416
        ]
      }
    },
    {
      "type": "Feature",
      "properties": {
        "index": 225,
        "x_svg": 0.0,
        "y_svg": 1528.0
      },
      "geometry": {
        "type": "Point",
        "coordinates": [
          108.88308,
          34.269093
        ]
      }
    },
    {
      "type": "Feature",
      "properties": {
        "index": 226,
        "x_svg": 3463.0,
        "y_svg": 1528.0
      },
      "geometry": {
        "type": "Point",
        "coordinates": [
          108.920402,
          34.269093
        ]
      }
    },
    {
      "type": "Feature",
      "properties": {
        "index": 227,
        "x_svg": 6251.0,
        "y_svg": 1528.0
      },
      "geometry": {
        "type": "Point",
        "coordinates": [
          108.950448,
          34.269093
        ]
      }
    },
    {
      "type": "Feature",
      "properties": {
        "index": 228,
        "x_svg": 9918.0,
        "y_svg": 1528.0
      },
      "geometry": {
        "type": "Point",
        "coordinates": [
          108.989968,
          34.269093
        ]
      }
    },
    {
      "type": "Feature",
      "properties": {
        "index": 229,
        "x_svg": 0.0,
        "y_svg": 826.0
      },
      "geometry": {
        "type": "Point",
        "coordinates": [
          108.88308,
          34.275294
        ]
      }
    },
    {
      "type": "Feature",
      "properties": {
        "index": 230,
        "x_svg": 3463.0,
        "y_svg": 826.0
      },
      "geometry": {
        "type": "Point",
        "coordinates": [
          108.920402,
          34.275294
        ]
      }
    },
    {
      "type": "Feature",
      "properties": {
        "index": 231,
        "x_svg": 6251.0,
        "y_svg": 826.0
      },
      "geometry": {
        "type": "Point",
        "coordinates": [
          108.950448,
          34.275294
        ]
      }
    },
    {
      "type": "Feature",
      "properties": {
        "index": 232,
        "x_svg": 9918.0,
        "y_svg": 826.0
      },
      "geometry": {
        "type": "Point",
        "coordinates": [
          108.989968,
          34.275294
        ]
      }
    },
    {
      "type": "Feature",
      "properties": {
        "index": 233,
        "x_svg": 8603.0,
        "y_svg": 2146.0
      },
      "geometry": {
        "type": "Point",
        "coordinates": [
          108.975796,
          34.263633
        ]
      }
    },
    {
      "type": "Feature",
      "properties": {
        "index": 234,
        "x_svg": 9718.0,
        "y_svg": 2146.0
      },
      "geometry": {
        "type": "Point",
        "coordinates": [
          108.987813,
          34.263633
        ]
      }
    },
    {
      "type": "Feature",
      "properties": {
        "index": 235,
        "x_svg": 1249.0,
        "y_svg": 4487.0
      },
      "geometry": {
        "type": "Point",
        "coordinates": [
          108.896541,
          34.242953
        ]
      }
    },
    {
      "type": "Feature",
      "properties": {
        "index": 236,
        "x_svg": 1249.0,
        "y_svg": 4447.0
      },
      "geometry": {
        "type": "Point",
        "coordinates": [
          108.896541,
          34.243306
        ]
      }
    },
    {
      "type": "Feature",
      "properties": {
        "index": 237,
        "x_svg": 1249.0,
        "y_svg": 3433.0
      },
      "geometry": {
        "type": "Point",
        "coordinates": [
          108.896541,
          34.252264
        ]
      }
    },
    {
      "type": "Feature",
      "properties": {
        "index": 238,
        "x_svg": 1249.0,
        "y_svg": 3393.0
      },
      "geometry": {
        "type": "Point",
        "coordinates": [
          108.896541,
          34.252617
        ]
      }
    },
    {
      "type": "Feature",
      "properties": {
        "index": 239,
        "x_svg": 2237.0,
        "y_svg": 4487.0
      },
      "geometry": {
        "type": "Point",
        "coordinates": [
          108.907189,
          34.242953
        ]
      }
    },
    {
      "type": "Feature",
      "properties": {
        "index": 240,
        "x_svg": 2237.0,
        "y_svg": 4447.0
      },
      "geometry": {
        "type": "Point",
        "coordinates": [
          108.907189,
          34.243306
        ]
      }
    },
    {
      "type": "Feature",
      "properties": {
        "index": 241,
        "x_svg": 2237.0,
        "y_svg": 3433.0
      },
      "geometry": {
        "type": "Point",
        "coordinates": [
          108.907189,
          34.252264
        ]
      }
    },
    {
      "type": "Feature",
      "properties": {
        "index": 242,
        "x_svg": 2237.0,
        "y_svg": 3393.0
      },
      "geometry": {
        "type": "Point",
        "coordinates": [
          108.907189,
          34.252617
        ]
      }
    },
    {
      "type": "Feature",
      "properties": {
        "index": 243,
        "x_svg": 1214.0,
        "y_svg": 4447.0
      },
      "geometry": {
        "type": "Point",
        "coordinates": [
          108.896164,
          34.243306
        ]
      }
    },
    {
      "type": "Feature",
      "properties": {
        "index": 244,
        "x_svg": 2272.0,
        "y_svg": 4447.0
      },
      "geometry": {
        "type": "Point",
        "coordinates": [
          108.907566,
          34.243306
        ]
      }
    },
    {
      "type": "Feature",
      "properties": {
        "index": 245,
        "x_svg": 1214.0,
        "y_svg": 3433.0
      },
      "geometry": {
        "type": "Point",
        "coordinates": [
          108.896164,
          34.252264
        ]
      }
    },
    {
      "type": "Feature",
      "properties": {
        "index": 246,
        "x_svg": 2272.0,
        "y_svg": 3433.0
      },
      "geometry": {
        "type": "Point",
        "coordinates": [
          108.907566,
          34.252264
        ]
      }
    },
    {
      "type": "Feature",
      "properties": {
        "index": 247,
        "x_svg": 7510.0,
        "y_svg": 4487.0
      },
      "geometry": {
        "type": "Point",
        "coordinates": [
          108.964017,
          34.242953
        ]
      }
    },
    {
      "type": "Feature",
      "properties": {
        "index": 248,
        "x_svg": 7510.0,
        "y_svg": 4447.0
      },
      "geometry": {
        "type": "Point",
        "coordinates": [
          108.964017,
          34.243306
        ]
      }
    },
    {
      "type": "Feature",
      "properties": {
        "index": 249,
        "x_svg": 7510.0,
        "y_svg": 3433.0
      },
      "geometry": {
        "type": "Point",
        "coordinates": [
          108.964017,
          34.252264
        ]
      }
    },
    {
      "type": "Feature",
      "properties": {
        "index": 250,
        "x_svg": 7510.0,
        "y_svg": 3393.0
      },
      "geometry": {
        "type": "Point",
        "coordinates": [
          108.964017,
          34.252617
        ]
      }
    },
    {
      "type": "Feature",
      "properties": {
        "index": 251,
        "x_svg": 8500.0,
        "y_svg": 4487.0
      },
      "geometry": {
        "type": "Point",
        "coordinates": [
          108.974686,
          34.242953
        ]
      }
    },
    {
      "type": "Feature",
      "properties": {
        "index": 252,
        "x_svg": 8500.0,
        "y_svg": 4447.0
      },
      "geometry": {
        "type": "Point",
        "coordinates": [
          108.974686,
          34.243306
        ]
      }
    },
    {
      "type": "Feature",
      "properties": {
        "index": 253,
        "x_svg": 8500.0,
        "y_svg": 3433.0
      },
      "geometry": {
        "type": "Point",
        "coordinates": [
          108.974686,
          34.252264
        ]
      }
    },
    {
      "type": "Feature",
      "properties": {
        "index": 254,
        "x_svg": 8500.0,
        "y_svg": 3393.0
      },
      "geometry": {
        "type": "Point",
        "coordinates": [
          108.974686,
          34.252617
        ]
      }
    },
    {
      "type": "Feature",
      "properties": {
        "index": 255,
        "x_svg": 7475.0,
        "y_svg": 4447.0
      },
      "geometry": {
        "type": "Point",
        "coordinates": [
          108.963639,
          34.243306
        ]
      }
    },
    {
      "type": "Feature",
      "properties": {
        "index": 256,
        "x_svg": 8535.0,
        "y_svg": 4447.0
      },
      "geometry": {
        "type": "Point",
        "coordinates": [
          108.975063,
          34.243306
        ]
      }
    },
    {
      "type": "Feature",
      "properties": {
        "index": 257,
        "x_svg": 7475.0,
        "y_svg": 3433.0
      },
      "geometry": {
        "type": "Point",
        "coordinates": [
          108.963639,
          34.252264
        ]
      }
    },
    {
      "type": "Feature",
      "properties": {
        "index": 258,
        "x_svg": 8535.0,
        "y_svg": 3433.0
      },
      "geometry": {
        "type": "Point",
        "coordinates": [
          108.975063,
          34.252264
        ]
      }
    },
    {
      "type": "Feature",
      "properties": {
        "index": 259,
        "x_svg": 60.0,
        "y_svg": 3653.0
      },
      "geometry": {
        "type": "Point",
        "coordinates": [
          108.883727,
          34.25032
        ]
      }
    },
    {
      "type": "Feature",
      "properties": {
        "index": 260,
        "x_svg": 30.0,
        "y_svg": 3653.0
      },
      "geometry": {
        "type": "Point",
        "coordinates": [
          108.883404,
          34.25032
        ]
      }
    },
    {
      "type": "Feature",
      "properties": {
        "index": 261,
        "x_svg": 1172.0,
        "y_svg": 3653.0
      },
      "geometry": {
        "type": "Point",
        "coordinates": [
          108.895711,
          34.25032
        ]
      }
    },
    {
      "type": "Feature",
      "properties": {
        "index": 262,
        "x_svg": 1193.0,
        "y_svg": 3653.0
      },
      "geometry": {
        "type": "Point",
        "coordinates": [
          108.895938,
          34.25032
        ]
      }
    },
    {
      "type": "Feature",
      "properties": {
        "index": 263,
        "x_svg": 616.0,
        "y_svg": 3913.0
      },
      "geometry": {
        "type": "Point",
        "coordinates": [
          108.889719,
          34.248024
        ]
      }
    },
    {
      "type": "Feature",
      "properties": {
        "index": 264,
        "x_svg": 616.0,
        "y_svg": 3935.0
      },
      "geometry": {
        "type": "Point",
        "coordinates": [
          108.889719,
          34.247829
        ]
      }
    },
    {
      "type": "Feature",
      "properties": {
        "index": 265,
        "x_svg": 616.0,
        "y_svg": 3393.0
      },
      "geometry": {
        "type": "Point",
        "coordinates": [
          108.889719,
          34.252617
        ]
      }
    },
    {
      "type": "Feature",
      "properties": {
        "index": 266,
        "x_svg": 616.0,
        "y_svg": 3333.0
      },
      "geometry": {
        "type": "Point",
        "coordinates": [
          108.889719,
          34.253147
        ]
      }
    },
    {
      "type": "Feature",
      "properties": {
        "index": 267,
        "x_svg": 2335.0,
        "y_svg": 3653.0
      },
      "geometry": {
        "type": "Point",
        "coordinates": [
          108.908245,
          34.25032
        ]
      }
    },
    {
      "type": "Feature",
      "properties": {
        "index": 268,
        "x_svg": 2303.5,
        "y_svg": 3653.0
      },
      "geometry": {
        "type": "Point",
        "coordinates": [
          108.907906,
          34.25032
        ]
      }
    },
    {
      "type": "Feature",
      "properties": {
        "index": 269,
        "x_svg": 3355.0,
        "y_svg": 3653.0
      },
      "geometry": {
        "type": "Point",
        "coordinates": [
          108.919238,
          34.25032
        ]
      }
    },
    {
      "type": "Feature",
      "properties": {
        "index": 270,
        "x_svg": 3409.0,
        "y_svg": 3653.0
      },
      "geometry": {
        "type": "Point",
        "coordinates": [
          108.91982,
          34.25032
        ]
      }
    },
    {
      "type": "Feature",
      "properties": {
        "index": 271,
        "x_svg": 2845.0,
        "y_svg": 3913.0
      },
      "geometry": {
        "type": "Point",
        "coordinates": [
          108.913741,
          34.248024
        ]
      }
    },
    {
      "type": "Feature",
      "properties": {
        "index": 272,
        "x_svg": 2845.0,
        "y_svg": 3935.0
      },
      "geometry": {
        "type": "Point",
        "coordinates": [
          108.913741,
          34.247829
        ]
      }
    },
    {
      "type": "Feature",
      "properties": {
        "index": 273,
        "x_svg": 2845.0,
        "y_svg": 3393.0
      },
      "geometry": {
        "type": "Point",
        "coordinates": [
          108.913741,
          34.252617
        ]
      }
    },
    {
      "type": "Feature",
      "properties": {
        "index": 274,
        "x_svg": 2845.0,
        "y_svg": 3333.0
      },
      "geometry": {
        "type": "Point",
        "coordinates": [
          108.913741,
          34.253147
        ]
      }
    },
    {
      "type": "Feature",
      "properties": {
        "index": 275,
        "x_svg": 3463.0,
        "y_svg": 3653.0
      },
      "geometry": {
        "type": "Point",
        "coordinates": [
          108.920402,
          34.25032
        ]
      }
    },
    {
      "type": "Feature",
      "properties": {
        "index": 276,
        "x_svg": 4146.0,
        "y_svg": 3653.0
      },
      "geometry": {
        "type": "Point",
        "coordinates": [
          108.927762,
          34.25032
        ]
      }
    },
    {
      "type": "Feature",
      "properties": {
        "index": 277,
        "x_svg": 4177.5,
        "y_svg": 3653.0
      },
      "geometry": {
        "type": "Point",
        "coordinates": [
          108.928102,
          34.25032
        ]
      }
    },
    {
      "type": "Feature",
      "properties": {
        "index": 278,
        "x_svg": 4209.0,
        "y_svg": 3653.0
      },
      "geometry": {
        "type": "Point",
        "coordinates": [
          108.928441,
          34.25032
        ]
      }
    },
    {
      "type": "Feature",
      "properties": {
        "index": 279,
        "x_svg": 4767.0,
        "y_svg": 3653.0
      },
      "geometry": {
        "type": "Point",
        "coordinates": [
          108.934455,
          34.25032
        ]
      }
    },
    {
      "type": "Feature",
      "properties": {
        "index": 280,
        "x_svg": 4844.5,
        "y_svg": 3653.0
      },
      "geometry": {
        "type": "Point",
        "coordinates": [
          108.93529,
          34.25032
        ]
      }
    },
    {
      "type": "Feature",
      "properties": {
        "index": 281,
        "x_svg": 4922.0,
        "y_svg": 3653.0
      },
      "geometry": {
        "type": "Point",
        "coordinates": [
          108.936125,
          34.25032
        ]
      }
    },
    {
      "type": "Feature",
      "properties": {
        "index": 282,
        "x_svg": 5484.0,
        "y_svg": 3653.0
      },
      "geometry": {
        "type": "Point",
        "coordinates": [
          108.942182,
          34.25032
        ]
      }
    },
    {
      "type": "Feature",
      "properties": {
        "index": 283,
        "x_svg": 5517.5,
        "y_svg": 3653.0
      },
      "geometry": {
        "type": "Point",
        "coordinates": [
          108.942543,
          34.25032
        ]
      }
    },
    {
      "type": "Feature",
      "properties": {
        "index": 284,
        "x_svg": 5551.0,
        "y_svg": 3653.0
      },
      "geometry": {
        "type": "Point",
        "coordinates": [
          108.942904,
          34.25032
        ]
      }
    },
    {
      "type": "Feature",
      "properties": {
        "index": 285,
        "x_svg": 6251.0,
        "y_svg": 3653.0
      },
      "geometry": {
        "type": "Point",
        "coordinates": [
          108.950448,
          34.25032
        ]
      }
    },
    {
      "type": "Feature",
      "properties": {
        "index": 286,
        "x_svg": 6318.0,
        "y_svg": 3653.0
      },
      "geometry": {
        "type": "Point",
        "coordinates": [
          108.95117,
          34.25032
        ]
      }
    },
    {
      "type": "Feature",
      "properties": {
        "index": 287,
        "x_svg": 6385.0,
        "y_svg": 3653.0
      },
      "geometry": {
        "type": "Point",
        "coordinates": [
          108.951892,
          34.25032
        ]
      }
    },
    {
      "type": "Feature",
      "properties": {
        "index": 288,
        "x_svg": 7407.0,
        "y_svg": 3653.0
      },
      "geometry": {
        "type": "Point",
        "coordinates": [
          108.962907,
          34.25032
        ]
      }
    },
    {
      "type": "Feature",
      "properties": {
        "index": 289,
        "x_svg": 7441.0,
        "y_svg": 3653.0
      },
      "geometry": {
        "type": "Point",
        "coordinates": [
          108.963273,
          34.25032
        ]
      }
    },
    {
      "type": "Feature",
      "properties": {
        "index": 290,
        "x_svg": 6896.0,
        "y_svg": 3913.0
      },
      "geometry": {
        "type": "Point",
        "coordinates": [
          108.957399,
          34.248024
        ]
      }
    },
    {
      "type": "Feature",
      "properties": {
        "index": 291,
        "x_svg": 6896.0,
        "y_svg": 3935.0
      },
      "geometry": {
        "type": "Point",
        "coordinates": [
          108.957399,
          34.247829
        ]
      }
    },
    {
      "type": "Feature",
      "properties": {
        "index": 292,
        "x_svg": 6896.0,
        "y_svg": 3393.0
      },
      "geometry": {
        "type": "Point",
        "coordinates": [
          108.957399,
          34.252617
        ]
      }
    },
    {
      "type": "Feature",
      "properties": {
        "index": 293,
        "x_svg": 6896.0,
        "y_svg": 3333.0
      },
      "geometry": {
        "type": "Point",
        "coordinates": [
          108.957399,
          34.253147
        ]
      }
    },
    {
      "type": "Feature",
      "properties": {
        "index": 294,
        "x_svg": 8603.0,
        "y_svg": 3653.0
      },
      "geometry": {
        "type": "Point",
        "coordinates": [
          108.975796,
          34.25032
        ]
      }
    },
    {
      "type": "Feature",
      "properties": {
        "index": 295,
        "x_svg": 8569.0,
        "y_svg": 3653.0
      },
      "geometry": {
        "type": "Point",
        "coordinates": [
          108.97543,
          34.25032
        ]
      }
    },
    {
      "type": "Feature",
      "properties": {
        "index": 296,
        "x_svg": 9718.0,
        "y_svg": 3653.0
      },
      "geometry": {
        "type": "Point",
        "coordinates": [
          108.987813,
          34.25032
        ]
      }
    },
    {
      "type": "Feature",
      "properties": {
        "index": 297,
        "x_svg": 9748.0,
        "y_svg": 3653.0
      },
      "geometry": {
        "type": "Point",
        "coordinates": [
          108.988136,
          34.25032
        ]
      }
    },
    {
      "type": "Feature",
      "properties": {
        "index": 298,
        "x_svg": 9160.5,
        "y_svg": 3913.0
      },
      "geometry": {
        "type": "Point",
        "coordinates": [
          108.981804,
          34.248024
        ]
      }
    },
    {
      "type": "Feature",
      "properties": {
        "index": 299,
        "x_svg": 9160.5,
        "y_svg": 3935.0
      },
      "geometry": {
        "type": "Point",
        "coordinates": [
          108.981804,
          34.247829
        ]
      }
    },
    {
      "type": "Feature",
      "properties": {
        "index": 300,
        "x_svg": 9160.5,
        "y_svg": 3393.0
      },
      "geometry": {
        "type": "Point",
        "coordinates": [
          108.981804,
          34.252617
        ]
      }
    },
    {
      "type": "Feature",
      "properties": {
        "index": 301,
        "x_svg": 9160.5,
        "y_svg": 3333.0
      },
      "geometry": {
        "type": "Point",
        "coordinates": [
          108.981804,
          34.253147
        ]
      }
    },
    {
      "type": "Feature",
      "properties": {
        "index": 302,
        "x_svg": 60.0,
        "y_svg": 4222.0
      },
      "geometry": {
        "type": "Point",
        "coordinates": [
          108.883727,
          34.245294
        ]
      }
    },
    {
      "type": "Feature",
      "properties": {
        "index": 303,
        "x_svg": 30.0,
        "y_svg": 4222.0
      },
      "geometry": {
        "type": "Point",
        "coordinates": [
          108.883404,
          34.245294
        ]
      }
    },
    {
      "type": "Feature",
      "properties": {
        "index": 304,
        "x_svg": 1172.0,
        "y_svg": 4222.0
      },
      "geometry": {
        "type": "Point",
        "coordinates": [
          108.895711,
          34.245294
        ]
      }
    },
    {
      "type": "Feature",
      "properties": {
        "index": 305,
        "x_svg": 1193.0,
        "y_svg": 4222.0
      },
      "geometry": {
        "type": "Point",
        "coordinates": [
          108.895938,
          34.245294
        ]
      }
    },
    {
      "type": "Feature",
      "properties": {
        "index": 306,
        "x_svg": 616.0,
        "y_svg": 4487.0
      },
      "geometry": {
        "type": "Point",
        "coordinates": [
          108.889719,
          34.242953
        ]
      }
    },
    {
      "type": "Feature",
      "properties": {
        "index": 307,
        "x_svg": 616.0,
        "y_svg": 4507.0
      },
      "geometry": {
        "type": "Point",
        "coordinates": [
          108.889719,
          34.242776
        ]
      }
    },
    {
      "type": "Feature",
      "properties": {
        "index": 308,
        "x_svg": 616.0,
        "y_svg": 3957.0
      },
      "geometry": {
        "type": "Point",
        "coordinates": [
          108.889719,
          34.247635
        ]
      }
    },
    {
      "type": "Feature",
      "properties": {
        "index": 309,
        "x_svg": 2335.0,
        "y_svg": 4222.0
      },
      "geometry": {
        "type": "Point",
        "coordinates": [
          108.908245,
          34.245294
        ]
      }
    },
    {
      "type": "Feature",
      "properties": {
        "index": 310,
        "x_svg": 2303.5,
        "y_svg": 4222.0
      },
      "geometry": {
        "type": "Point",
        "coordinates": [
          108.907906,
          34.245294
        ]
      }
    },
    {
      "type": "Feature",
      "properties": {
        "index": 311,
        "x_svg": 3355.0,
        "y_svg": 4222.0
      },
      "geometry": {
        "type": "Point",
        "coordinates": [
          108.919238,
          34.245294
        ]
      }
    },
    {
      "type": "Feature",
      "properties": {
        "index": 312,
        "x_svg": 3409.0,
        "y_svg": 4222.0
      },
      "geometry": {
        "type": "Point",
        "coordinates": [
          108.91982,
          34.245294
        ]
      }
    },
    {
      "type": "Feature",
      "properties": {
        "index": 313,
        "x_svg": 2845.0,
        "y_svg": 4487.0
      },
      "geometry": {
        "type": "Point",
        "coordinates": [
          108.913741,
          34.242953
        ]
      }
    },
    {
      "type": "Feature",
      "properties": {
        "index": 314,
        "x_svg": 2845.0,
        "y_svg": 4507.0
      },
      "geometry": {
        "type": "Point",
        "coordinates": [
          108.913741,
          34.242776
        ]
      }
    },
    {
      "type": "Feature",
      "properties": {
        "index": 315,
        "x_svg": 2845.0,
        "y_svg": 3957.0
      },
      "geometry": {
        "type": "Point",
        "coordinates": [
          108.913741,
          34.247635
        ]
      }
    },
    {
      "type": "Feature",
      "properties": {
        "index": 316,
        "x_svg": 3463.0,
        "y_svg": 4222.0
      },
      "geometry": {
        "type": "Point",
        "coordinates": [
          108.920402,
          34.245294
        ]
      }
    },
    {
      "type": "Feature",
      "properties": {
        "index": 317,
        "x_svg": 4146.0,
        "y_svg": 4222.0
      },
      "geometry": {
        "type": "Point",
        "coordinates": [
          108.927762,
          34.245294
        ]
      }
    },
    {
      "type": "Feature",
      "properties": {
        "index": 318,
        "x_svg": 4177.5,
        "y_svg": 4222.0
      },
      "geometry": {
        "type": "Point",
        "coordinates": [
          108.928102,
          34.245294
        ]
      }
    },
    {
      "type": "Feature",
      "properties": {
        "index": 319,
        "x_svg": 4209.0,
        "y_svg": 4222.0
      },
      "geometry": {
        "type": "Point",
        "coordinates": [
          108.928441,
          34.245294
        ]
      }
    },
    {
      "type": "Feature",
      "properties": {
        "index": 320,
        "x_svg": 4767.0,
        "y_svg": 4222.0
      },
      "geometry": {
        "type": "Point",
        "coordinates": [
          108.934455,
          34.245294
        ]
      }
    },
    {
      "type": "Feature",
      "properties": {
        "index": 321,
        "x_svg": 4844.5,
        "y_svg": 4222.0
      },
      "geometry": {
        "type": "Point",
        "coordinates": [
          108.93529,
          34.245294
        ]
      }
    },
    {
      "type": "Feature",
      "properties": {
        "index": 322,
        "x_svg": 4922.0,
        "y_svg": 4222.0
      },
      "geometry": {
        "type": "Point",
        "coordinates": [
          108.936125,
          34.245294
        ]
      }
    },
    {
      "type": "Feature",
      "properties": {
        "index": 323,
        "x_svg": 5484.0,
        "y_svg": 4222.0
      },
      "geometry": {
        "type": "Point",
        "coordinates": [
          108.942182,
          34.245294
        ]
      }
    },
    {
      "type": "Feature",
      "properties": {
        "index": 324,
        "x_svg": 5517.5,
        "y_svg": 4222.0
      },
      "geometry": {
        "type": "Point",
        "coordinates": [
          108.942543,
          34.245294
        ]
      }
    },
    {
      "type": "Feature",
      "properties": {
        "index": 325,
        "x_svg": 5551.0,
        "y_svg": 4222.0
      },
      "geometry": {
        "type": "Point",
        "coordinates": [
          108.942904,
          34.245294
        ]
      }
    },
    {
      "type": "Feature",
      "properties": {
        "index": 326,
        "x_svg": 6251.0,
        "y_svg": 4222.0
      },
      "geometry": {
        "type": "Point",
        "coordinates": [
          108.950448,
          34.245294
        ]
      }
    },
    {
      "type": "Feature",
      "properties": {
        "index": 327,
        "x_svg": 6318.0,
        "y_svg": 4222.0
      },
      "geometry": {
        "type": "Point",
        "coordinates": [
          108.95117,
          34.245294
        ]
      }
    },
    {
      "type": "Feature",
      "properties": {
        "index": 328,
        "x_svg": 6385.0,
        "y_svg": 4222.0
      },
      "geometry": {
        "type": "Point",
        "coordinates": [
          108.951892,
          34.245294
        ]
      }
    },
    {
      "type": "Feature",
      "properties": {
        "index": 329,
        "x_svg": 7407.0,
        "y_svg": 4222.0
      },
      "geometry": {
        "type": "Point",
        "coordinates": [
          108.962907,
          34.245294
        ]
      }
    },
    {
      "type": "Feature",
      "properties": {
        "index": 330,
        "x_svg": 7441.0,
        "y_svg": 4222.0
      },
      "geometry": {
        "type": "Point",
        "coordinates": [
          108.963273,
          34.245294
        ]
      }
    },
    {
      "type": "Feature",
      "properties": {
        "index": 331,
        "x_svg": 6896.0,
        "y_svg": 4487.0
      },
      "geometry": {
        "type": "Point",
        "coordinates": [
          108.957399,
          34.242953
        ]
      }
    },
    {
      "type": "Feature",
      "properties": {
        "index": 332,
        "x_svg": 6896.0,
        "y_svg": 4507.0
      },
      "geometry": {
        "type": "Point",
        "coordinates": [
          108.957399,
          34.242776
        ]
      }
    },
    {
      "type": "Feature",
      "properties": {
        "index": 333,
        "x_svg": 6896.0,
        "y_svg": 3957.0
      },
      "geometry": {
        "type": "Point",
        "coordinates": [
          108.957399,
          34.247635
        ]
      }
    },
    {
      "type": "Feature",
      "properties": {
        "index": 334,
        "x_svg": 8603.0,
        "y_svg": 4222.0
      },
      "geometry": {
        "type": "Point",
        "coordinates": [
          108.975796,
          34.245294
        ]
      }
    },
    {
      "type": "Feature",
      "properties": {
        "index": 335,
        "x_svg": 8569.0,
        "y_svg": 4222.0
      },
      "geometry": {
        "type": "Point",
        "coordinates": [
          108.97543,
          34.245294
        ]
      }
    },
    {
      "type": "Feature",
      "properties": {
        "index": 336,
        "x_svg": 9718.0,
        "y_svg": 4222.0
      },
      "geometry": {
        "type": "Point",
        "coordinates": [
          108.987813,
          34.245294
        ]
      }
    },
    {
      "type": "Feature",
      "properties": {
        "index": 337,
        "x_svg": 9748.0,
        "y_svg": 4222.0
      },
      "geometry": {
        "type": "Point",
        "coordinates": [
          108.988136,
          34.245294
        ]
      }
    },
    {
      "type": "Feature",
      "properties": {
        "index": 338,
        "x_svg": 9160.5,
        "y_svg": 4487.0
      },
      "geometry": {
        "type": "Point",
        "coordinates": [
          108.981804,
          34.242953
        ]
      }
    },
    {
      "type": "Feature",
      "properties": {
        "index": 339,
        "x_svg": 9160.5,
        "y_svg": 4507.0
      },
      "geometry": {
        "type": "Point",
        "coordinates": [
          108.981804,
          34.242776
        ]
      }
    },
    {
      "type": "Feature",
      "properties": {
        "index": 340,
        "x_svg": 9160.5,
        "y_svg": 3957.0
      },
      "geometry": {
        "type": "Point",
        "coordinates": [
          108.981804,
          34.247635
        ]
      }
    },
    {
      "type": "Feature",
      "properties": {
        "index": 341,
        "x_svg": 60.0,
        "y_svg": 4797.0
      },
      "geometry": {
        "type": "Point",
        "coordinates": [
          108.883727,
          34.240214
        ]
      }
    },
    {
      "type": "Feature",
      "properties": {
        "index": 342,
        "x_svg": 30.0,
        "y_svg": 4797.0
      },
      "geometry": {
        "type": "Point",
        "coordinates": [
          108.883404,
          34.240214
        ]
      }
    },
    {
      "type": "Feature",
      "properties": {
        "index": 343,
        "x_svg": 1172.0,
        "y_svg": 4797.0
      },
      "geometry": {
        "type": "Point",
        "coordinates": [
          108.895711,
          34.240214
        ]
      }
    },
    {
      "type": "Feature",
      "properties": {
        "index": 344,
        "x_svg": 1193.0,
        "y_svg": 4797.0
      },
      "geometry": {
        "type": "Point",
        "coordinates": [
          108.895938,
          34.240214
        ]
      }
    },
    {
      "type": "Feature",
      "properties": {
        "index": 345,
        "x_svg": 616.0,
        "y_svg": 5067.0
      },
      "geometry": {
        "type": "Point",
        "coordinates": [
          108.889719,
          34.237829
        ]
      }
    },
    {
      "type": "Feature",
      "properties": {
        "index": 346,
        "x_svg": 616.0,
        "y_svg": 5089.5
      },
      "geometry": {
        "type": "Point",
        "coordinates": [
          108.889719,
          34.23763
        ]
      }
    },
    {
      "type": "Feature",
      "properties": {
        "index": 347,
        "x_svg": 616.0,
        "y_svg": 4527.0
      },
      "geometry": {
        "type": "Point",
        "coordinates": [
          108.889719,
          34.242599
        ]
      }
    },
    {
      "type": "Feature",
      "properties": {
        "index": 348,
        "x_svg": 1214.0,
        "y_svg": 4797.0
      },
      "geometry": {
        "type": "Point",
        "coordinates": [
          108.896164,
          34.240214
        ]
      }
    },
    {
      "type": "Feature",
      "properties": {
        "index": 349,
        "x_svg": 2272.0,
        "y_svg": 4797.0
      },
      "geometry": {
        "type": "Point",
        "coordinates": [
          108.907566,
          34.240214
        ]
      }
    },
    {
      "type": "Feature",
      "properties": {
        "index": 350,
        "x_svg": 2303.5,
        "y_svg": 4797.0
      },
      "geometry": {
        "type": "Point",
        "coordinates": [
          108.907906,
          34.240214
        ]
      }
    },
    {
      "type": "Feature",
      "properties": {
        "index": 351,
        "x_svg": 1743.0,
        "y_svg": 5067.0
      },
      "geometry": {
        "type": "Point",
        "coordinates": [
          108.901865,
          34.237829
        ]
      }
    },
    {
      "type": "Feature",
      "properties": {
        "index": 352,
        "x_svg": 1743.0,
        "y_svg": 5089.5
      },
      "geometry": {
        "type": "Point",
        "coordinates": [
          108.901865,
          34.23763
        ]
      }
    },
    {
      "type": "Feature",
      "properties": {
        "index": 353,
        "x_svg": 1743.0,
        "y_svg": 4527.0
      },
      "geometry": {
        "type": "Point",
        "coordinates": [
          108.901865,
          34.242599
        ]
      }
    },
    {
      "type": "Feature",
      "properties": {
        "index": 354,
        "x_svg": 1743.0,
        "y_svg": 4507.0
      },
      "geometry": {
        "type": "Point",
        "coordinates": [
          108.901865,
          34.242776
        ]
      }
    },
    {
      "type": "Feature",
      "properties": {
        "index": 355,
        "x_svg": 2335.0,
        "y_svg": 4797.0
      },
      "geometry": {
        "type": "Point",
        "coordinates": [
          108.908245,
          34.240214
        ]
      }
    },
    {
      "type": "Feature",
      "properties": {
        "index": 356,
        "x_svg": 3355.0,
        "y_svg": 4797.0
      },
      "geometry": {
        "type": "Point",
        "coordinates": [
          108.919238,
          34.240214
        ]
      }
    },
    {
      "type": "Feature",
      "properties": {
        "index": 357,
        "x_svg": 3409.0,
        "y_svg": 4797.0
      },
      "geometry": {
        "type": "Point",
        "coordinates": [
          108.91982,
          34.240214
        ]
      }
    },
    {
      "type": "Feature",
      "properties": {
        "index": 358,
        "x_svg": 2845.0,
        "y_svg": 5067.0
      },
      "geometry": {
        "type": "Point",
        "coordinates": [
          108.913741,
          34.237829
        ]
      }
    },
    {
      "type": "Feature",
      "properties": {
        "index": 359,
        "x_svg": 2845.0,
        "y_svg": 5089.5
      },
      "geometry": {
        "type": "Point",
        "coordinates": [
          108.913741,
          34.23763
        ]
      }
    },
    {
      "type": "Feature",
      "properties": {
        "index": 360,
        "x_svg": 2845.0,
        "y_svg": 4527.0
      },
      "geometry": {
        "type": "Point",
        "coordinates": [
          108.913741,
          34.242599
        ]
      }
    },
    {
      "type": "Feature",
      "properties": {
        "index": 361,
        "x_svg": 3463.0,
        "y_svg": 4797.0
      },
      "geometry": {
        "type": "Point",
        "coordinates": [
          108.920402,
          34.240214
        ]
      }
    },
    {
      "type": "Feature",
      "properties": {
        "index": 362,
        "x_svg": 4146.0,
        "y_svg": 4797.0
      },
      "geometry": {
        "type": "Point",
        "coordinates": [
          108.927762,
          34.240214
        ]
      }
    },
    {
      "type": "Feature",
      "properties": {
        "index": 363,
        "x_svg": 4177.5,
        "y_svg": 4797.0
      },
      "geometry": {
        "type": "Point",
        "coordinates": [
          108.928102,
          34.240214
        ]
      }
    },
    {
      "type": "Feature",
      "properties": {
        "index": 364,
        "x_svg": 4209.0,
        "y_svg": 4797.0
      },
      "geometry": {
        "type": "Point",
        "coordinates": [
          108.928441,
          34.240214
        ]
      }
    },
    {
      "type": "Feature",
      "properties": {
        "index": 365,
        "x_svg": 4767.0,
        "y_svg": 4797.0
      },
      "geometry": {
        "type": "Point",
        "coordinates": [
          108.934455,
          34.240214
        ]
      }
    },
    {
      "type": "Feature",
      "properties": {
        "index": 366,
        "x_svg": 4844.5,
        "y_svg": 4797.0
      },
      "geometry": {
        "type": "Point",
        "coordinates": [
          108.93529,
          34.240214
        ]
      }
    },
    {
      "type": "Feature",
      "properties": {
        "index": 367,
        "x_svg": 4922.0,
        "y_svg": 4797.0
      },
      "geometry": {
        "type": "Point",
        "coordinates": [
          108.936125,
          34.240214
        ]
      }
    },
    {
      "type": "Feature",
      "properties": {
        "index": 368,
        "x_svg": 5484.0,
        "y_svg": 4797.0
      },
      "geometry": {
        "type": "Point",
        "coordinates": [
          108.942182,
          34.240214
        ]
      }
    },
    {
      "type": "Feature",
      "properties": {
        "index": 369,
        "x_svg": 5517.5,
        "y_svg": 4797.0
      },
      "geometry": {
        "type": "Point",
        "coordinates": [
          108.942543,
          34.240214
        ]
      }
    },
    {
      "type": "Feature",
      "properties": {
        "index": 370,
        "x_svg": 5551.0,
        "y_svg": 4797.0
      },
      "geometry": {
        "type": "Point",
        "coordinates": [
          108.942904,
          34.240214
        ]
      }
    },
    {
      "type": "Feature",
      "properties": {
        "index": 371,
        "x_svg": 6251.0,
        "y_svg": 4797.0
      },
      "geometry": {
        "type": "Point",
        "coordinates": [
          108.950448,
          34.240214
        ]
      }
    },
    {
      "type": "Feature",
      "properties": {
        "index": 372,
        "x_svg": 6318.0,
        "y_svg": 4797.0
      },
      "geometry": {
        "type": "Point",
        "coordinates": [
          108.95117,
          34.240214
        ]
      }
    },
    {
      "type": "Feature",
      "properties": {
        "index": 373,
        "x_svg": 6385.0,
        "y_svg": 4797.0
      },
      "geometry": {
        "type": "Point",
        "coordinates": [
          108.951892,
          34.240214
        ]
      }
    },
    {
      "type": "Feature",
      "properties": {
        "index": 374,
        "x_svg": 7407.0,
        "y_svg": 4797.0
      },
      "geometry": {
        "type": "Point",
        "coordinates": [
          108.962907,
          34.240214
        ]
      }
    },
    {
      "type": "Feature",
      "properties": {
        "index": 375,
        "x_svg": 7441.0,
        "y_svg": 4797.0
      },
      "geometry": {
        "type": "Point",
        "coordinates": [
          108.963273,
          34.240214
        ]
      }
    },
    {
      "type": "Feature",
      "properties": {
        "index": 376,
        "x_svg": 6896.0,
        "y_svg": 5067.0
      },
      "geometry": {
        "type": "Point",
        "coordinates": [
          108.957399,
          34.237829
        ]
      }
    },
    {
      "type": "Feature",
      "properties": {
        "index": 377,
        "x_svg": 6896.0,
        "y_svg": 5089.5
      },
      "geometry": {
        "type": "Point",
        "coordinates": [
          108.957399,
          34.23763
        ]
      }
    },
    {
      "type": "Feature",
      "properties": {
        "index": 378,
        "x_svg": 6896.0,
        "y_svg": 4527.0
      },
      "geometry": {
        "type": "Point",
        "coordinates": [
          108.957399,
          34.242599
        ]
      }
    },
    {
      "type": "Feature",
      "properties": {
        "index": 379,
        "x_svg": 7475.0,
        "y_svg": 4797.0
      },
      "geometry": {
        "type": "Point",
        "coordinates": [
          108.963639,
          34.240214
        ]
      }
    },
    {
      "type": "Feature",
      "properties": {
        "index": 380,
        "x_svg": 8535.0,
        "y_svg": 4797.0
      },
      "geometry": {
        "type": "Point",
        "coordinates": [
          108.975063,
          34.240214
        ]
      }
    },
    {
      "type": "Feature",
      "properties": {
        "index": 381,
        "x_svg": 8569.0,
        "y_svg": 4797.0
      },
      "geometry": {
        "type": "Point",
        "coordinates": [
          108.97543,
          34.240214
        ]
      }
    },
    {
      "type": "Feature",
      "properties": {
        "index": 382,
        "x_svg": 8005.0,
        "y_svg": 5067.0
      },
      "geometry": {
        "type": "Point",
        "coordinates": [
          108.969351,
          34.237829
        ]
      }
    },
    {
      "type": "Feature",
      "properties": {
        "index": 383,
        "x_svg": 8005.0,
        "y_svg": 5089.5
      },
      "geometry": {
        "type": "Point",
        "coordinates": [
          108.969351,
          34.23763
        ]
      }
    },
    {
      "type": "Feature",
      "properties": {
        "index": 384,
        "x_svg": 8005.0,
        "y_svg": 4527.0
      },
      "geometry": {
        "type": "Point",
        "coordinates": [
          108.969351,
          34.242599
        ]
      }
    },
    {
      "type": "Feature",
      "properties": {
        "index": 385,
        "x_svg": 8005.0,
        "y_svg": 4507.0
      },
      "geometry": {
        "type": "Point",
        "coordinates": [
          108.969351,
          34.242776
        ]
      }
    },
    {
      "type": "Feature",
      "properties": {
        "index": 386,
        "x_svg": 8603.0,
        "y_svg": 4797.0
      },
      "geometry": {
        "type": "Point",
        "coordinates": [
          108.975796,
          34.240214
        ]
      }
    },
    {
      "type": "Feature",
      "properties": {
        "index": 387,
        "x_svg": 9718.0,
        "y_svg": 4797.0
      },
      "geometry": {
        "type": "Point",
        "coordinates": [
          108.987813,
          34.240214
        ]
      }
    },
    {
      "type": "Feature",
      "properties": {
        "index": 388,
        "x_svg": 9748.0,
        "y_svg": 4797.0
      },
      "geometry": {
        "type": "Point",
        "coordinates": [
          108.988136,
          34.240214
        ]
      }
    },
    {
      "type": "Feature",
      "properties": {
        "index": 389,
        "x_svg": 9160.5,
        "y_svg": 5067.0
      },
      "geometry": {
        "type": "Point",
        "coordinates": [
          108.981804,
          34.237829
        ]
      }
    },
    {
      "type": "Feature",
      "properties": {
        "index": 390,
        "x_svg": 9160.5,
        "y_svg": 5089.5
      },
      "geometry": {
        "type": "Point",
        "coordinates": [
          108.981804,
          34.23763
        ]
      }
    },
    {
      "type": "Feature",
      "properties": {
        "index": 391,
        "x_svg": 9160.5,
        "y_svg": 4527.0
      },
      "geometry": {
        "type": "Point",
        "coordinates": [
          108.981804,
          34.242599
        ]
      }
    },
    {
      "type": "Feature",
      "properties": {
        "index": 392,
        "x_svg": 60.0,
        "y_svg": 5387.0
      },
      "geometry": {
        "type": "Point",
        "coordinates": [
          108.883727,
          34.235002
        ]
      }
    },
    {
      "type": "Feature",
      "properties": {
        "index": 393,
        "x_svg": 30.0,
        "y_svg": 5387.0
      },
      "geometry": {
        "type": "Point",
        "coordinates": [
          108.883404,
          34.235002
        ]
      }
    },
    {
      "type": "Feature",
      "properties": {
        "index": 394,
        "x_svg": 1172.0,
        "y_svg": 5387.0
      },
      "geometry": {
        "type": "Point",
        "coordinates": [
          108.895711,
          34.235002
        ]
      }
    },
    {
      "type": "Feature",
      "properties": {
        "index": 395,
        "x_svg": 1193.0,
        "y_svg": 5387.0
      },
      "geometry": {
        "type": "Point",
        "coordinates": [
          108.895938,
          34.235002
        ]
      }
    },
    {
      "type": "Feature",
      "properties": {
        "index": 396,
        "x_svg": 616.0,
        "y_svg": 5662.0
      },
      "geometry": {
        "type": "Point",
        "coordinates": [
          108.889719,
          34.232573
        ]
      }
    },
    {
      "type": "Feature",
      "properties": {
        "index": 397,
        "x_svg": 616.0,
        "y_svg": 5689.5
      },
      "geometry": {
        "type": "Point",
        "coordinates": [
          108.889719,
          34.23233
        ]
      }
    },
    {
      "type": "Feature",
      "properties": {
        "index": 398,
        "x_svg": 616.0,
        "y_svg": 5112.0
      },
      "geometry": {
        "type": "Point",
        "coordinates": [
          108.889719,
          34.237432
        ]
      }
    },
    {
      "type": "Feature",
      "properties": {
        "index": 399,
        "x_svg": 1214.0,
        "y_svg": 5387.0
      },
      "geometry": {
        "type": "Point",
        "coordinates": [
          108.896164,
          34.235002
        ]
      }
    },
    {
      "type": "Feature",
      "properties": {
        "index": 400,
        "x_svg": 2272.0,
        "y_svg": 5387.0
      },
      "geometry": {
        "type": "Point",
        "coordinates": [
          108.907566,
          34.235002
        ]
      }
    },
    {
      "type": "Feature",
      "properties": {
        "index": 401,
        "x_svg": 2303.5,
        "y_svg": 5387.0
      },
      "geometry": {
        "type": "Point",
        "coordinates": [
          108.907906,
          34.235002
        ]
      }
    },
    {
      "type": "Feature",
      "properties": {
        "index": 402,
        "x_svg": 1743.0,
        "y_svg": 5662.0
      },
      "geometry": {
        "type": "Point",
        "coordinates": [
          108.901865,
          34.232573
        ]
      }
    },
    {
      "type": "Feature",
      "properties": {
        "index": 403,
        "x_svg": 1743.0,
        "y_svg": 5689.5
      },
      "geometry": {
        "type": "Point",
        "coordinates": [
          108.901865,
          34.23233
        ]
      }
    },
    {
      "type": "Feature",
      "properties": {
        "index": 404,
        "x_svg": 1743.0,
        "y_svg": 5112.0
      },
      "geometry": {
        "type": "Point",
        "coordinates": [
          108.901865,
          34.237432
        ]
      }
    },
    {
      "type": "Feature",
      "properties": {
        "index": 405,
        "x_svg": 2335.0,
        "y_svg": 5387.0
      },
      "geometry": {
        "type": "Point",
        "coordinates": [
          108.908245,
          34.235002
        ]
      }
    },
    {
      "type": "Feature",
      "properties": {
        "index": 406,
        "x_svg": 3355.0,
        "y_svg": 5387.0
      },
      "geometry": {
        "type": "Point",
        "coordinates": [
          108.919238,
          34.235002
        ]
      }
    },
    {
      "type": "Feature",
      "properties": {
        "index": 407,
        "x_svg": 3409.0,
        "y_svg": 5387.0
      },
      "geometry": {
        "type": "Point",
        "coordinates": [
          108.91982,
          34.235002
        ]
      }
    },
    {
      "type": "Feature",
      "properties": {
        "index": 408,
        "x_svg": 2845.0,
        "y_svg": 5662.0
      },
      "geometry": {
        "type": "Point",
        "coordinates": [
          108.913741,
          34.232573
        ]
      }
    },
    {
      "type": "Feature",
      "properties": {
        "index": 409,
        "x_svg": 2845.0,
        "y_svg": 5689.5
      },
      "geometry": {
        "type": "Point",
        "coordinates": [
          108.913741,
          34.23233
        ]
      }
    },
    {
      "type": "Feature",
      "properties": {
        "index": 410,
        "x_svg": 2845.0,
        "y_svg": 5112.0
      },
      "geometry": {
        "type": "Point",
        "coordinates": [
          108.913741,
          34.237432
        ]
      }
    },
    {
      "type": "Feature",
      "properties": {
        "index": 411,
        "x_svg": 3463.0,
        "y_svg": 5387.0
      },
      "geometry": {
        "type": "Point",
        "coordinates": [
          108.920402,
          34.235002
        ]
      }
    },
    {
      "type": "Feature",
      "properties": {
        "index": 412,
        "x_svg": 4146.0,
        "y_svg": 5387.0
      },
      "geometry": {
        "type": "Point",
        "coordinates": [
          108.927762,
          34.235002
        ]
      }
    },
    {
      "type": "Feature",
      "properties": {
        "index": 413,
        "x_svg": 4177.5,
        "y_svg": 5387.0
      },
      "geometry": {
        "type": "Point",
        "coordinates": [
          108.928102,
          34.235002
        ]
      }
    },
    {
      "type": "Feature",
      "properties": {
        "index": 414,
        "x_svg": 4209.0,
        "y_svg": 5387.0
      },
      "geometry": {
        "type": "Point",
        "coordinates": [
          108.928441,
          34.235002
        ]
      }
    },
    {
      "type": "Feature",
      "properties": {
        "index": 415,
        "x_svg": 4767.0,
        "y_svg": 5387.0
      },
      "geometry": {
        "type": "Point",
        "coordinates": [
          108.934455,
          34.235002
        ]
      }
    },
    {
      "type": "Feature",
      "properties": {
        "index": 416,
        "x_svg": 4844.5,
        "y_svg": 5387.0
      },
      "geometry": {
        "type": "Point",
        "coordinates": [
          108.93529,
          34.235002
        ]
      }
    },
    {
      "type": "Feature",
      "properties": {
        "index": 417,
        "x_svg": 4922.0,
        "y_svg": 5387.0
      },
      "geometry": {
        "type": "Point",
        "coordinates": [
          108.936125,
          34.235002
        ]
      }
    },
    {
      "type": "Feature",
      "properties": {
        "index": 418,
        "x_svg": 5484.0,
        "y_svg": 5387.0
      },
      "geometry": {
        "type": "Point",
        "coordinates": [
          108.942182,
          34.235002
        ]
      }
    },
    {
      "type": "Feature",
      "properties": {
        "index": 419,
        "x_svg": 5517.5,
        "y_svg": 5387.0
      },
      "geometry": {
        "type": "Point",
        "coordinates": [
          108.942543,
          34.235002
        ]
      }
    },
    {
      "type": "Feature",
      "properties": {
        "index": 420,
        "x_svg": 5551.0,
        "y_svg": 5387.0
      },
      "geometry": {
        "type": "Point",
        "coordinates": [
          108.942904,
          34.235002
        ]
      }
    },
    {
      "type": "Feature",
      "properties": {
        "index": 421,
        "x_svg": 6251.0,
        "y_svg": 5387.0
      },
      "geometry": {
        "type": "Point",
        "coordinates": [
          108.950448,
          34.235002
        ]
      }
    },
    {
      "type": "Feature",
      "properties": {
        "index": 422,
        "x_svg": 6318.0,
        "y_svg": 5387.0
      },
      "geometry": {
        "type": "Point",
        "coordinates": [
          108.95117,
          34.235002
        ]
      }
    },
    {
      "type": "Feature",
      "properties": {
        "index": 423,
        "x_svg": 6385.0,
        "y_svg": 5387.0
      },
      "geometry": {
        "type": "Point",
        "coordinates": [
          108.951892,
          34.235002
        ]
      }
    },
    {
      "type": "Feature",
      "properties": {
        "index": 424,
        "x_svg": 7407.0,
        "y_svg": 5387.0
      },
      "geometry": {
        "type": "Point",
        "coordinates": [
          108.962907,
          34.235002
        ]
      }
    },
    {
      "type": "Feature",
      "properties": {
        "index": 425,
        "x_svg": 7441.0,
        "y_svg": 5387.0
      },
      "geometry": {
        "type": "Point",
        "coordinates": [
          108.963273,
          34.235002
        ]
      }
    },
    {
      "type": "Feature",
      "properties": {
        "index": 426,
        "x_svg": 6896.0,
        "y_svg": 5662.0
      },
      "geometry": {
        "type": "Point",
        "coordinates": [
          108.957399,
          34.232573
        ]
      }
    },
    {
      "type": "Feature",
      "properties": {
        "index": 427,
        "x_svg": 6896.0,
        "y_svg": 5689.5
      },
      "geometry": {
        "type": "Point",
        "coordinates": [
          108.957399,
          34.23233
        ]
      }
    },
    {
      "type": "Feature",
      "properties": {
        "index": 428,
        "x_svg": 6896.0,
        "y_svg": 5112.0
      },
      "geometry": {
        "type": "Point",
        "coordinates": [
          108.957399,
          34.237432
        ]
      }
    },
    {
      "type": "Feature",
      "properties": {
        "index": 429,
        "x_svg": 7475.0,
        "y_svg": 5387.0
      },
      "geometry": {
        "type": "Point",
        "coordinates": [
          108.963639,
          34.235002
        ]
      }
    },
    {
      "type": "Feature",
      "properties": {
        "index": 430,
        "x_svg": 8535.0,
        "y_svg": 5387.0
      },
      "geometry": {
        "type": "Point",
        "coordinates": [
          108.975063,
          34.235002
        ]
      }
    },
    {
      "type": "Feature",
      "properties": {
        "index": 431,
        "x_svg": 8569.0,
        "y_svg": 5387.0
      },
      "geometry": {
        "type": "Point",
        "coordinates": [
          108.97543,
          34.235002
        ]
      }
    },
    {
      "type": "Feature",
      "properties": {
        "index": 432,
        "x_svg": 8005.0,
        "y_svg": 5662.0
      },
      "geometry": {
        "type": "Point",
        "coordinates": [
          108.969351,
          34.232573
        ]
      }
    },
    {
      "type": "Feature",
      "properties": {
        "index": 433,
        "x_svg": 8005.0,
        "y_svg": 5689.5
      },
      "geometry": {
        "type": "Point",
        "coordinates": [
          108.969351,
          34.23233
        ]
      }
    },
    {
      "type": "Feature",
      "properties": {
        "index": 434,
        "x_svg": 8005.0,
        "y_svg": 5112.0
      },
      "geometry": {
        "type": "Point",
        "coordinates": [
          108.969351,
          34.237432
        ]
      }
    },
    {
      "type": "Feature",
      "properties": {
        "index": 435,
        "x_svg": 8603.0,
        "y_svg": 5387.0
      },
      "geometry": {
        "type": "Point",
        "coordinates": [
          108.975796,
          34.235002
        ]
      }
    },
    {
      "type": "Feature",
      "properties": {
        "index": 436,
        "x_svg": 9718.0,
        "y_svg": 5387.0
      },
      "geometry": {
        "type": "Point",
        "coordinates": [
          108.987813,
          34.235002
        ]
      }
    },
    {
      "type": "Feature",
      "properties": {
        "index": 437,
        "x_svg": 9748.0,
        "y_svg": 5387.0
      },
      "geometry": {
        "type": "Point",
        "coordinates": [
          108.988136,
          34.235002
        ]
      }
    },
    {
      "type": "Feature",
      "properties": {
        "index": 438,
        "x_svg": 9160.5,
        "y_svg": 5662.0
      },
      "geometry": {
        "type": "Point",
        "coordinates": [
          108.981804,
          34.232573
        ]
      }
    },
    {
      "type": "Feature",
      "properties": {
        "index": 439,
        "x_svg": 9160.5,
        "y_svg": 5689.5
      },
      "geometry": {
        "type": "Point",
        "coordinates": [
          108.981804,
          34.23233
        ]
      }
    },
    {
      "type": "Feature",
      "properties": {
        "index": 440,
        "x_svg": 9160.5,
        "y_svg": 5112.0
      },
      "geometry": {
        "type": "Point",
        "coordinates": [
          108.981804,
          34.237432
        ]
      }
    },
    {
      "type": "Feature",
      "properties": {
        "index": 441,
        "x_svg": 60.0,
        "y_svg": 5989.5
      },
      "geometry": {
        "type": "Point",
        "coordinates": [
          108.883727,
          34.22968
        ]
      }
    },
    {
      "type": "Feature",
      "properties": {
        "index": 442,
        "x_svg": 30.0,
        "y_svg": 5989.5
      },
      "geometry": {
        "type": "Point",
        "coordinates": [
          108.883404,
          34.22968
        ]
      }
    },
    {
      "type": "Feature",
      "properties": {
        "index": 443,
        "x_svg": 1172.0,
        "y_svg": 5989.5
      },
      "geometry": {
        "type": "Point",
        "coordinates": [
          108.895711,
          34.22968
        ]
      }
    },
    {
      "type": "Feature",
      "properties": {
        "index": 444,
        "x_svg": 1193.0,
        "y_svg": 5989.5
      },
      "geometry": {
        "type": "Point",
        "coordinates": [
          108.895938,
          34.22968
        ]
      }
    },
    {
      "type": "Feature",
      "properties": {
        "index": 445,
        "x_svg": 616.0,
        "y_svg": 6262.0
      },
      "geometry": {
        "type": "Point",
        "coordinates": [
          108.889719,
          34.227273
        ]
      }
    },
    {
      "type": "Feature",
      "properties": {
        "index": 446,
        "x_svg": 616.0,
        "y_svg": 6279.5
      },
      "geometry": {
        "type": "Point",
        "coordinates": [
          108.889719,
          34.227118
        ]
      }
    },
    {
      "type": "Feature",
      "properties": {
        "index": 447,
        "x_svg": 616.0,
        "y_svg": 5717.0
      },
      "geometry": {
        "type": "Point",
        "coordinates": [
          108.889719,
          34.232087
        ]
      }
    },
    {
      "type": "Feature",
      "properties": {
        "index": 448,
        "x_svg": 1214.0,
        "y_svg": 5989.5
      },
      "geometry": {
        "type": "Point",
        "coordinates": [
          108.896164,
          34.22968
        ]
      }
    },
    {
      "type": "Feature",
      "properties": {
        "index": 449,
        "x_svg": 2272.0,
        "y_svg": 5989.5
      },
      "geometry": {
        "type": "Point",
        "coordinates": [
          108.907566,
          34.22968
        ]
      }
    },
    {
      "type": "Feature",
      "properties": {
        "index": 450,
        "x_svg": 2303.5,
        "y_svg": 5989.5
      },
      "geometry": {
        "type": "Point",
        "coordinates": [
          108.907906,
          34.22968
        ]
      }
    },
    {
      "type": "Feature",
      "properties": {
        "index": 451,
        "x_svg": 1743.0,
        "y_svg": 6262.0
      },
      "geometry": {
        "type": "Point",
        "coordinates": [
          108.901865,
          34.227273
        ]
      }
    },
    {
      "type": "Feature",
      "properties": {
        "index": 452,
        "x_svg": 1743.0,
        "y_svg": 6279.5
      },
      "geometry": {
        "type": "Point",
        "coordinates": [
          108.901865,
          34.227118
        ]
      }
    },
    {
      "type": "Feature",
      "properties": {
        "index": 453,
        "x_svg": 1743.0,
        "y_svg": 5717.0
      },
      "geometry": {
        "type": "Point",
        "coordinates": [
          108.901865,
          34.232087
        ]
      }
    },
    {
      "type": "Feature",
      "properties": {
        "index": 454,
        "x_svg": 2335.0,
        "y_svg": 5989.5
      },
      "geometry": {
        "type": "Point",
        "coordinates": [
          108.908245,
          34.22968
        ]
      }
    },
    {
      "type": "Feature",
      "properties": {
        "index": 455,
        "x_svg": 3355.0,
        "y_svg": 5989.5
      },
      "geometry": {
        "type": "Point",
        "coordinates": [
          108.919238,
          34.22968
        ]
      }
    },
    {
      "type": "Feature",
      "properties": {
        "index": 456,
        "x_svg": 3409.0,
        "y_svg": 5989.5
      },
      "geometry": {
        "type": "Point",
        "coordinates": [
          108.91982,
          34.22968
        ]
      }
    },
    {
      "type": "Feature",
      "properties": {
        "index": 457,
        "x_svg": 2845.0,
        "y_svg": 6262.0
      },
      "geometry": {
        "type": "Point",
        "coordinates": [
          108.913741,
          34.227273
        ]
      }
    },
    {
      "type": "Feature",
      "properties": {
        "index": 458,
        "x_svg": 2845.0,
        "y_svg": 6279.5
      },
      "geometry": {
        "type": "Point",
        "coordinates": [
          108.913741,
          34.227118
        ]
      }
    },
    {
      "type": "Feature",
      "properties": {
        "index": 459,
        "x_svg": 2845.0,
        "y_svg": 5717.0
      },
      "geometry": {
        "type": "Point",
        "coordinates": [
          108.913741,
          34.232087
        ]
      }
    },
    {
      "type": "Feature",
      "properties": {
        "index": 460,
        "x_svg": 3463.0,
        "y_svg": 5989.5
      },
      "geometry": {
        "type": "Point",
        "coordinates": [
          108.920402,
          34.22968
        ]
      }
    },
    {
      "type": "Feature",
      "properties": {
        "index": 461,
        "x_svg": 4146.0,
        "y_svg": 5989.5
      },
      "geometry": {
        "type": "Point",
        "coordinates": [
          108.927762,
          34.22968
        ]
      }
    },
    {
      "type": "Feature",
      "properties": {
        "index": 462,
        "x_svg": 4177.5,
        "y_svg": 5989.5
      },
      "geometry": {
        "type": "Point",
        "coordinates": [
          108.928102,
          34.22968
        ]
      }
    },
    {
      "type": "Feature",
      "properties": {
        "index": 463,
        "x_svg": 4209.0,
        "y_svg": 5989.5
      },
      "geometry": {
        "type": "Point",
        "coordinates": [
          108.928441,
          34.22968
        ]
      }
    },
    {
      "type": "Feature",
      "properties": {
        "index": 464,
        "x_svg": 4767.0,
        "y_svg": 5989.5
      },
      "geometry": {
        "type": "Point",
        "coordinates": [
          108.934455,
          34.22968
        ]
      }
    },
    {
      "type": "Feature",
      "properties": {
        "index": 465,
        "x_svg": 4844.5,
        "y_svg": 5989.5
      },
      "geometry": {
        "type": "Point",
        "coordinates": [
          108.93529,
          34.22968
        ]
      }
    },
    {
      "type": "Feature",
      "properties": {
        "index": 466,
        "x_svg": 4922.0,
        "y_svg": 5989.5
      },
      "geometry": {
        "type": "Point",
        "coordinates": [
          108.936125,
          34.22968
        ]
      }
    },
    {
      "type": "Feature",
      "properties": {
        "index": 467,
        "x_svg": 5484.0,
        "y_svg": 5989.5
      },
      "geometry": {
        "type": "Point",
        "coordinates": [
          108.942182,
          34.22968
        ]
      }
    },
    {
      "type": "Feature",
      "properties": {
        "index": 468,
        "x_svg": 5517.5,
        "y_svg": 5989.5
      },
      "geometry": {
        "type": "Point",
        "coordinates": [
          108.942543,
          34.22968
        ]
      }
    },
    {
      "type": "Feature",
      "properties": {
        "index": 469,
        "x_svg": 5551.0,
        "y_svg": 5989.5
      },
      "geometry": {
        "type": "Point",
        "coordinates": [
          108.942904,
          34.22968
        ]
      }
    },
    {
      "type": "Feature",
      "properties": {
        "index": 470,
        "x_svg": 6251.0,
        "y_svg": 5989.5
      },
      "geometry": {
        "type": "Point",
        "coordinates": [
          108.950448,
          34.22968
        ]
      }
    },
    {
      "type": "Feature",
      "properties": {
        "index": 471,
        "x_svg": 6318.0,
        "y_svg": 5989.5
      },
      "geometry": {
        "type": "Point",
        "coordinates": [
          108.95117,
          34.22968
        ]
      }
    },
    {
      "type": "Feature",
      "properties": {
        "index": 472,
        "x_svg": 6385.0,
        "y_svg": 5989.5
      },
      "geometry": {
        "type": "Point",
        "coordinates": [
          108.951892,
          34.22968
        ]
      }
    },
    {
      "type": "Feature",
      "properties": {
        "index": 473,
        "x_svg": 7407.0,
        "y_svg": 5989.5
      },
      "geometry": {
        "type": "Point",
        "coordinates": [
          108.962907,
          34.22968
        ]
      }
    },
    {
      "type": "Feature",
      "properties": {
        "index": 474,
        "x_svg": 7441.0,
        "y_svg": 5989.5
      },
      "geometry": {
        "type": "Point",
        "coordinates": [
          108.963273,
          34.22968
        ]
      }
    },
    {
      "type": "Feature",
      "properties": {
        "index": 475,
        "x_svg": 6896.0,
        "y_svg": 6262.0
      },
      "geometry": {
        "type": "Point",
        "coordinates": [
          108.957399,
          34.227273
        ]
      }
    },
    {
      "type": "Feature",
      "properties": {
        "index": 476,
        "x_svg": 6896.0,
        "y_svg": 6279.5
      },
      "geometry": {
        "type": "Point",
        "coordinates": [
          108.957399,
          34.227118
        ]
      }
    },
    {
      "type": "Feature",
      "properties": {
        "index": 477,
        "x_svg": 6896.0,
        "y_svg": 5717.0
      },
      "geometry": {
        "type": "Point",
        "coordinates": [
          108.957399,
          34.232087
        ]
      }
    },
    {
      "type": "Feature",
      "properties": {
        "index": 478,
        "x_svg": 7475.0,
        "y_svg": 5989.5
      },
      "geometry": {
        "type": "Point",
        "coordinates": [
          108.963639,
          34.22968
        ]
      }
    },
    {
      "type": "Feature",
      "properties": {
        "index": 479,
        "x_svg": 8535.0,
        "y_svg": 5989.5
      },
      "geometry": {
        "type": "Point",
        "coordinates": [
          108.975063,
          34.22968
        ]
      }
    },
    {
      "type": "Feature",
      "properties": {
        "index": 480,
        "x_svg": 8569.0,
        "y_svg": 5989.5
      },
      "geometry": {
        "type": "Point",
        "coordinates": [
          108.97543,
          34.22968
        ]
      }
    },
    {
      "type": "Feature",
      "properties": {
        "index": 481,
        "x_svg": 8005.0,
        "y_svg": 6262.0
      },
      "geometry": {
        "type": "Point",
        "coordinates": [
          108.969351,
          34.227273
        ]
      }
    },
    {
      "type": "Feature",
      "properties": {
        "index": 482,
        "x_svg": 8005.0,
        "y_svg": 6279.5
      },
      "geometry": {
        "type": "Point",
        "coordinates": [
          108.969351,
          34.227118
        ]
      }
    },
    {
      "type": "Feature",
      "properties": {
        "index": 483,
        "x_svg": 8005.0,
        "y_svg": 5717.0
      },
      "geometry": {
        "type": "Point",
        "coordinates": [
          108.969351,
          34.232087
        ]
      }
    },
    {
      "type": "Feature",
      "properties": {
        "index": 484,
        "x_svg": 8603.0,
        "y_svg": 5989.5
      },
      "geometry": {
        "type": "Point",
        "coordinates": [
          108.975796,
          34.22968
        ]
      }
    },
    {
      "type": "Feature",
      "properties": {
        "index": 485,
        "x_svg": 9718.0,
        "y_svg": 5989.5
      },
      "geometry": {
        "type": "Point",
        "coordinates": [
          108.987813,
          34.22968
        ]
      }
    },
    {
      "type": "Feature",
      "properties": {
        "index": 486,
        "x_svg": 9748.0,
        "y_svg": 5989.5
      },
      "geometry": {
        "type": "Point",
        "coordinates": [
          108.988136,
          34.22968
        ]
      }
    },
    {
      "type": "Feature",
      "properties": {
        "index": 487,
        "x_svg": 9160.5,
        "y_svg": 6262.0
      },
      "geometry": {
        "type": "Point",
        "coordinates": [
          108.981804,
          34.227273
        ]
      }
    },
    {
      "type": "Feature",
      "properties": {
        "index": 488,
        "x_svg": 9160.5,
        "y_svg": 6279.5
      },
      "geometry": {
        "type": "Point",
        "coordinates": [
          108.981804,
          34.227118
        ]
      }
    },
    {
      "type": "Feature",
      "properties": {
        "index": 489,
        "x_svg": 9160.5,
        "y_svg": 5717.0
      },
      "geometry": {
        "type": "Point",
        "coordinates": [
          108.981804,
          34.232087
        ]
      }
    },
    {
      "type": "Feature",
      "properties": {
        "index": 490,
        "x_svg": 60.0,
        "y_svg": 6567.0
      },
      "geometry": {
        "type": "Point",
        "coordinates": [
          108.883727,
          34.224578
        ]
      }
    },
    {
      "type": "Feature",
      "properties": {
        "index": 491,
        "x_svg": 30.0,
        "y_svg": 6567.0
      },
      "geometry": {
        "type": "Point",
        "coordinates": [
          108.883404,
          34.224578
        ]
      }
    },
    {
      "type": "Feature",
      "properties": {
        "index": 492,
        "x_svg": 1172.0,
        "y_svg": 6567.0
      },
      "geometry": {
        "type": "Point",
        "coordinates": [
          108.895711,
          34.224578
        ]
      }
    },
    {
      "type": "Feature",
      "properties": {
        "index": 493,
        "x_svg": 1193.0,
        "y_svg": 6567.0
      },
      "geometry": {
        "type": "Point",
        "coordinates": [
          108.895938,
          34.224578
        ]
      }
    },
    {
      "type": "Feature",
      "properties": {
        "index": 494,
        "x_svg": 616.0,
        "y_svg": 6837.0
      },
      "geometry": {
        "type": "Point",
        "coordinates": [
          108.889719,
          34.222193
        ]
      }
    },
    {
      "type": "Feature",
      "properties": {
        "index": 495,
        "x_svg": 616.0,
        "y_svg": 6864.5
      },
      "geometry": {
        "type": "Point",
        "coordinates": [
          108.889719,
          34.22195
        ]
      }
    },
    {
      "type": "Feature",
      "properties": {
        "index": 496,
        "x_svg": 616.0,
        "y_svg": 6297.0
      },
      "geometry": {
        "type": "Point",
        "coordinates": [
          108.889719,
          34.226963
        ]
      }
    },
    {
      "type": "Feature",
      "properties": {
        "index": 497,
        "x_svg": 1214.0,
        "y_svg": 6567.0
      },
      "geometry": {
        "type": "Point",
        "coordinates": [
          108.896164,
          34.224578
        ]
      }
    },
    {
      "type": "Feature",
      "properties": {
        "index": 498,
        "x_svg": 2272.0,
        "y_svg": 6567.0
      },
      "geometry": {
        "type": "Point",
        "coordinates": [
          108.907566,
          34.224578
        ]
      }
    },
    {
      "type": "Feature",
      "properties": {
        "index": 499,
        "x_svg": 2303.5,
        "y_svg": 6567.0
      },
      "geometry": {
        "type": "Point",
        "coordinates": [
          108.907906,
          34.224578
        ]
      }
    },
    {
      "type": "Feature",
      "properties": {
        "index": 500,
        "x_svg": 1743.0,
        "y_svg": 6837.0
      },
      "geometry": {
        "type": "Point",
        "coordinates": [
          108.901865,
          34.222193
        ]
      }
    },
    {
      "type": "Feature",
      "properties": {
        "index": 501,
        "x_svg": 1743.0,
        "y_svg": 6864.5
      },
      "geometry": {
        "type": "Point",
        "coordinates": [
          108.901865,
          34.22195
        ]
      }
    },
    {
      "type": "Feature",
      "properties": {
        "index": 502,
        "x_svg": 1743.0,
        "y_svg": 6297.0
      },
      "geometry": {
        "type": "Point",
        "coordinates": [
          108.901865,
          34.226963
        ]
      }
    },
    {
      "type": "Feature",
      "properties": {
        "index": 503,
        "x_svg": 2335.0,
        "y_svg": 6567.0
      },
      "geometry": {
        "type": "Point",
        "coordinates": [
          108.908245,
          34.224578
        ]
      }
    },
    {
      "type": "Feature",
      "properties": {
        "index": 504,
        "x_svg": 3355.0,
        "y_svg": 6567.0
      },
      "geometry": {
        "type": "Point",
        "coordinates": [
          108.919238,
          34.224578
        ]
      }
    },
    {
      "type": "Feature",
      "properties": {
        "index": 505,
        "x_svg": 3409.0,
        "y_svg": 6567.0
      },
      "geometry": {
        "type": "Point",
        "coordinates": [
          108.91982,
          34.224578
        ]
      }
    },
    {
      "type": "Feature",
      "properties": {
        "index": 506,
        "x_svg": 2845.0,
        "y_svg": 6837.0
      },
      "geometry": {
        "type": "Point",
        "coordinates": [
          108.913741,
          34.222193
        ]
      }
    },
    {
      "type": "Feature",
      "properties": {
        "index": 507,
        "x_svg": 2845.0,
        "y_svg": 6864.5
      },
      "geometry": {
        "type": "Point",
        "coordinates": [
          108.913741,
          34.22195
        ]
      }
    },
    {
      "type": "Feature",
      "properties": {
        "index": 508,
        "x_svg": 2845.0,
        "y_svg": 6297.0
      },
      "geometry": {
        "type": "Point",
        "coordinates": [
          108.913741,
          34.226963
        ]
      }
    },
    {
      "type": "Feature",
      "properties": {
        "index": 509,
        "x_svg": 3463.0,
        "y_svg": 6567.0
      },
      "geometry": {
        "type": "Point",
        "coordinates": [
          108.920402,
          34.224578
        ]
      }
    },
    {
      "type": "Feature",
      "properties": {
        "index": 510,
        "x_svg": 4146.0,
        "y_svg": 6567.0
      },
      "geometry": {
        "type": "Point",
        "coordinates": [
          108.927762,
          34.224578
        ]
      }
    },
    {
      "type": "Feature",
      "properties": {
        "index": 511,
        "x_svg": 4177.5,
        "y_svg": 6567.0
      },
      "geometry": {
        "type": "Point",
        "coordinates": [
          108.928102,
          34.224578
        ]
      }
    },
    {
      "type": "Feature",
      "properties": {
        "index": 512,
        "x_svg": 4209.0,
        "y_svg": 6567.0
      },
      "geometry": {
        "type": "Point",
        "coordinates": [
          108.928441,
          34.224578
        ]
      }
    },
    {
      "type": "Feature",
      "properties": {
        "index": 513,
        "x_svg": 4767.0,
        "y_svg": 6567.0
      },
      "geometry": {
        "type": "Point",
        "coordinates": [
          108.934455,
          34.224578
        ]
      }
    },
    {
      "type": "Feature",
      "properties": {
        "index": 514,
        "x_svg": 4844.5,
        "y_svg": 6567.0
      },
      "geometry": {
        "type": "Point",
        "coordinates": [
          108.93529,
          34.224578
        ]
      }
    },
    {
      "type": "Feature",
      "properties": {
        "index": 515,
        "x_svg": 4922.0,
        "y_svg": 6567.0
      },
      "geometry": {
        "type": "Point",
        "coordinates": [
          108.936125,
          34.224578
        ]
      }
    },
    {
      "type": "Feature",
      "properties": {
        "index": 516,
        "x_svg": 5484.0,
        "y_svg": 6567.0
      },
      "geometry": {
        "type": "Point",
        "coordinates": [
          108.942182,
          34.224578
        ]
      }
    },
    {
      "type": "Feature",
      "properties": {
        "index": 517,
        "x_svg": 5517.5,
        "y_svg": 6567.0
      },
      "geometry": {
        "type": "Point",
        "coordinates": [
          108.942543,
          34.224578
        ]
      }
    },
    {
      "type": "Feature",
      "properties": {
        "index": 518,
        "x_svg": 5551.0,
        "y_svg": 6567.0
      },
      "geometry": {
        "type": "Point",
        "coordinates": [
          108.942904,
          34.224578
        ]
      }
    },
    {
      "type": "Feature",
      "properties": {
        "index": 519,
        "x_svg": 6251.0,
        "y_svg": 6567.0
      },
      "geometry": {
        "type": "Point",
        "coordinates": [
          108.950448,
          34.224578
        ]
      }
    },
    {
      "type": "Feature",
      "properties": {
        "index": 520,
        "x_svg": 6318.0,
        "y_svg": 6567.0
      },
      "geometry": {
        "type": "Point",
        "coordinates": [
          108.95117,
          34.224578
        ]
      }
    },
    {
      "type": "Feature",
      "properties": {
        "index": 521,
        "x_svg": 6385.0,
        "y_svg": 6567.0
      },
      "geometry": {
        "type": "Point",
        "coordinates": [
          108.951892,
          34.224578
        ]
      }
    },
    {
      "type": "Feature",
      "properties": {
        "index": 522,
        "x_svg": 7407.0,
        "y_svg": 6567.0
      },
      "geometry": {
        "type": "Point",
        "coordinates": [
          108.962907,
          34.224578
        ]
      }
    },
    {
      "type": "Feature",
      "properties": {
        "index": 523,
        "x_svg": 7441.0,
        "y_svg": 6567.0
      },
      "geometry": {
        "type": "Point",
        "coordinates": [
          108.963273,
          34.224578
        ]
      }
    },
    {
      "type": "Feature",
      "properties": {
        "index": 524,
        "x_svg": 6896.0,
        "y_svg": 6837.0
      },
      "geometry": {
        "type": "Point",
        "coordinates": [
          108.957399,
          34.222193
        ]
      }
    },
    {
      "type": "Feature",
      "properties": {
        "index": 525,
        "x_svg": 6896.0,
        "y_svg": 6864.5
      },
      "geometry": {
        "type": "Point",
        "coordinates": [
          108.957399,
          34.22195
        ]
      }
    },
    {
      "type": "Feature",
      "properties": {
        "index": 526,
        "x_svg": 6896.0,
        "y_svg": 6297.0
      },
      "geometry": {
        "type": "Point",
        "coordinates": [
          108.957399,
          34.226963
        ]
      }
    },
    {
      "type": "Feature",
      "properties": {
        "index": 527,
        "x_svg": 7475.0,
        "y_svg": 6567.0
      },
      "geometry": {
        "type": "Point",
        "coordinates": [
          108.963639,
          34.224578
        ]
      }
    },
    {
      "type": "Feature",
      "properties": {
        "index": 528,
        "x_svg": 8535.0,
        "y_svg": 6567.0
      },
      "geometry": {
        "type": "Point",
        "coordinates": [
          108.975063,
          34.224578
        ]
      }
    },
    {
      "type": "Feature",
      "properties": {
        "index": 529,
        "x_svg": 8569.0,
        "y_svg": 6567.0
      },
      "geometry": {
        "type": "Point",
        "coordinates": [
          108.97543,
          34.224578
        ]
      }
    },
    {
      "type": "Feature",
      "properties": {
        "index": 530,
        "x_svg": 8005.0,
        "y_svg": 6837.0
      },
      "geometry": {
        "type": "Point",
        "coordinates": [
          108.969351,
          34.222193
        ]
      }
    },
    {
      "type": "Feature",
      "properties": {
        "index": 531,
        "x_svg": 8005.0,
        "y_svg": 6864.5
      },
      "geometry": {
        "type": "Point",
        "coordinates": [
          108.969351,
          34.22195
        ]
      }
    },
    {
      "type": "Feature",
      "properties": {
        "index": 532,
        "x_svg": 8005.0,
        "y_svg": 6297.0
      },
      "geometry": {
        "type": "Point",
        "coordinates": [
          108.969351,
          34.226963
        ]
      }
    },
    {
      "type": "Feature",
      "properties": {
        "index": 533,
        "x_svg": 8603.0,
        "y_svg": 6567.0
      },
      "geometry": {
        "type": "Point",
        "coordinates": [
          108.975796,
          34.224578
        ]
      }
    },
    {
      "type": "Feature",
      "properties": {
        "index": 534,
        "x_svg": 9718.0,
        "y_svg": 6567.0
      },
      "geometry": {
        "type": "Point",
        "coordinates": [
          108.987813,
          34.224578
        ]
      }
    },
    {
      "type": "Feature",
      "properties": {
        "index": 535,
        "x_svg": 9748.0,
        "y_svg": 6567.0
      },
      "geometry": {
        "type": "Point",
        "coordinates": [
          108.988136,
          34.224578
        ]
      }
    },
    {
      "type": "Feature",
      "properties": {
        "index": 536,
        "x_svg": 9160.5,
        "y_svg": 6837.0
      },
      "geometry": {
        "type": "Point",
        "coordinates": [
          108.981804,
          34.222193
        ]
      }
    },
    {
      "type": "Feature",
      "properties": {
        "index": 537,
        "x_svg": 9160.5,
        "y_svg": 6864.5
      },
      "geometry": {
        "type": "Point",
        "coordinates": [
          108.981804,
          34.22195
        ]
      }
    },
    {
      "type": "Feature",
      "properties": {
        "index": 538,
        "x_svg": 9160.5,
        "y_svg": 6297.0
      },
      "geometry": {
        "type": "Point",
        "coordinates": [
          108.981804,
          34.226963
        ]
      }
    },
    {
      "type": "Feature",
      "properties": {
        "index": 539,
        "x_svg": 60.0,
        "y_svg": 7159.5
      },
      "geometry": {
        "type": "Point",
        "coordinates": [
          108.883727,
          34.219344
        ]
      }
    },
    {
      "type": "Feature",
      "properties": {
        "index": 540,
        "x_svg": 30.0,
        "y_svg": 7159.5
      },
      "geometry": {
        "type": "Point",
        "coordinates": [
          108.883404,
          34.219344
        ]
      }
    },
    {
      "type": "Feature",
      "properties": {
        "index": 541,
        "x_svg": 1172.0,
        "y_svg": 7159.5
      },
      "geometry": {
        "type": "Point",
        "coordinates": [
          108.895711,
          34.219344
        ]
      }
    },
    {
      "type": "Feature",
      "properties": {
        "index": 542,
        "x_svg": 1193.0,
        "y_svg": 7159.5
      },
      "geometry": {
        "type": "Point",
        "coordinates": [
          108.895938,
          34.219344
        ]
      }
    },
    {
      "type": "Feature",
      "properties": {
        "index": 543,
        "x_svg": 616.0,
        "y_svg": 7427.0
      },
      "geometry": {
        "type": "Point",
        "coordinates": [
          108.889719,
          34.216981
        ]
      }
    },
    {
      "type": "Feature",
      "properties": {
        "index": 544,
        "x_svg": 616.0,
        "y_svg": 7442.0
      },
      "geometry": {
        "type": "Point",
        "coordinates": [
          108.889719,
          34.216848
        ]
      }
    },
    {
      "type": "Feature",
      "properties": {
        "index": 545,
        "x_svg": 616.0,
        "y_svg": 6892.0
      },
      "geometry": {
        "type": "Point",
        "coordinates": [
          108.889719,
          34.221707
        ]
      }
    },
    {
      "type": "Feature",
      "properties": {
        "index": 546,
        "x_svg": 1214.0,
        "y_svg": 7159.5
      },
      "geometry": {
        "type": "Point",
        "coordinates": [
          108.896164,
          34.219344
        ]
      }
    },
    {
      "type": "Feature",
      "properties": {
        "index": 547,
        "x_svg": 2272.0,
        "y_svg": 7159.5
      },
      "geometry": {
        "type": "Point",
        "coordinates": [
          108.907566,
          34.219344
        ]
      }
    },
    {
      "type": "Feature",
      "properties": {
        "index": 548,
        "x_svg": 2303.5,
        "y_svg": 7159.5
      },
      "geometry": {
        "type": "Point",
        "coordinates": [
          108.907906,
          34.219344
        ]
      }
    },
    {
      "type": "Feature",
      "properties": {
        "index": 549,
        "x_svg": 1743.0,
        "y_svg": 7427.0
      },
      "geometry": {
        "type": "Point",
        "coordinates": [
          108.901865,
          34.216981
        ]
      }
    },
    {
      "type": "Feature",
      "properties": {
        "index": 550,
        "x_svg": 1743.0,
        "y_svg": 7442.0
      },
      "geometry": {
        "type": "Point",
        "coordinates": [
          108.901865,
          34.216848
        ]
      }
    },
    {
      "type": "Feature",
      "properties": {
        "index": 551,
        "x_svg": 1743.0,
        "y_svg": 6892.0
      },
      "geometry": {
        "type": "Point",
        "coordinates": [
          108.901865,
          34.221707
        ]
      }
    },
    {
      "type": "Feature",
      "properties": {
        "index": 552,
        "x_svg": 2335.0,
        "y_svg": 7159.5
      },
      "geometry": {
        "type": "Point",
        "coordinates": [
          108.908245,
          34.219344
        ]
      }
    },
    {
      "type": "Feature",
      "properties": {
        "index": 553,
        "x_svg": 3355.0,
        "y_svg": 7159.5
      },
      "geometry": {
        "type": "Point",
        "coordinates": [
          108.919238,
          34.219344
        ]
      }
    },
    {
      "type": "Feature",
      "properties": {
        "index": 554,
        "x_svg": 3409.0,
        "y_svg": 7159.5
      },
      "geometry": {
        "type": "Point",
        "coordinates": [
          108.91982,
          34.219344
        ]
      }
    },
    {
      "type": "Feature",
      "properties": {
        "index": 555,
        "x_svg": 2845.0,
        "y_svg": 7427.0
      },
      "geometry": {
        "type": "Point",
        "coordinates": [
          108.913741,
          34.216981
        ]
      }
    },
    {
      "type": "Feature",
      "properties": {
        "index": 556,
        "x_svg": 2845.0,
        "y_svg": 7442.0
      },
      "geometry": {
        "type": "Point",
        "coordinates": [
          108.913741,
          34.216848
        ]
      }
    },
    {
      "type": "Feature",
      "properties": {
        "index": 557,
        "x_svg": 2845.0,
        "y_svg": 6892.0
      },
      "geometry": {
        "type": "Point",
        "coordinates": [
          108.913741,
          34.221707
        ]
      }
    },
    {
      "type": "Feature",
      "properties": {
        "index": 558,
        "x_svg": 3463.0,
        "y_svg": 7159.5
      },
      "geometry": {
        "type": "Point",
        "coordinates": [
          108.920402,
          34.219344
        ]
      }
    },
    {
      "type": "Feature",
      "properties": {
        "index": 559,
        "x_svg": 4146.0,
        "y_svg": 7159.5
      },
      "geometry": {
        "type": "Point",
        "coordinates": [
          108.927762,
          34.219344
        ]
      }
    },
    {
      "type": "Feature",
      "properties": {
        "index": 560,
        "x_svg": 4177.5,
        "y_svg": 7159.5
      },
      "geometry": {
        "type": "Point",
        "coordinates": [
          108.928102,
          34.219344
        ]
      }
    },
    {
      "type": "Feature",
      "properties": {
        "index": 561,
        "x_svg": 4209.0,
        "y_svg": 7159.5
      },
      "geometry": {
        "type": "Point",
        "coordinates": [
          108.928441,
          34.219344
        ]
      }
    },
    {
      "type": "Feature",
      "properties": {
        "index": 562,
        "x_svg": 4767.0,
        "y_svg": 7159.5
      },
      "geometry": {
        "type": "Point",
        "coordinates": [
          108.934455,
          34.219344
        ]
      }
    },
    {
      "type": "Feature",
      "properties": {
        "index": 563,
        "x_svg": 4844.5,
        "y_svg": 7159.5
      },
      "geometry": {
        "type": "Point",
        "coordinates": [
          108.93529,
          34.219344
        ]
      }
    },
    {
      "type": "Feature",
      "properties": {
        "index": 564,
        "x_svg": 4922.0,
        "y_svg": 7159.5
      },
      "geometry": {
        "type": "Point",
        "coordinates": [
          108.936125,
          34.219344
        ]
      }
    },
    {
      "type": "Feature",
      "properties": {
        "index": 565,
        "x_svg": 5484.0,
        "y_svg": 7159.5
      },
      "geometry": {
        "type": "Point",
        "coordinates": [
          108.942182,
          34.219344
        ]
      }
    },
    {
      "type": "Feature",
      "properties": {
        "index": 566,
        "x_svg": 5517.5,
        "y_svg": 7159.5
      },
      "geometry": {
        "type": "Point",
        "coordinates": [
          108.942543,
          34.219344
        ]
      }
    },
    {
      "type": "Feature",
      "properties": {
        "index": 567,
        "x_svg": 5551.0,
        "y_svg": 7159.5
      },
      "geometry": {
        "type": "Point",
        "coordinates": [
          108.942904,
          34.219344
        ]
      }
    },
    {
      "type": "Feature",
      "properties": {
        "index": 568,
        "x_svg": 6251.0,
        "y_svg": 7159.5
      },
      "geometry": {
        "type": "Point",
        "coordinates": [
          108.950448,
          34.219344
        ]
      }
    },
    {
      "type": "Feature",
      "properties": {
        "index": 569,
        "x_svg": 6318.0,
        "y_svg": 7159.5
      },
      "geometry": {
        "type": "Point",
        "coordinates": [
          108.95117,
          34.219344
        ]
      }
    },
    {
      "type": "Feature",
      "properties": {
        "index": 570,
        "x_svg": 6385.0,
        "y_svg": 7159.5
      },
      "geometry": {
        "type": "Point",
        "coordinates": [
          108.951892,
          34.219344
        ]
      }
    },
    {
      "type": "Feature",
      "properties": {
        "index": 571,
        "x_svg": 7407.0,
        "y_svg": 7159.5
      },
      "geometry": {
        "type": "Point",
        "coordinates": [
          108.962907,
          34.219344
        ]
      }
    },
    {
      "type": "Feature",
      "properties": {
        "index": 572,
        "x_svg": 7441.0,
        "y_svg": 7159.5
      },
      "geometry": {
        "type": "Point",
        "coordinates": [
          108.963273,
          34.219344
        ]
      }
    },
    {
      "type": "Feature",
      "properties": {
        "index": 573,
        "x_svg": 6896.0,
        "y_svg": 7427.0
      },
      "geometry": {
        "type": "Point",
        "coordinates": [
          108.957399,
          34.216981
        ]
      }
    },
    {
      "type": "Feature",
      "properties": {
        "index": 574,
        "x_svg": 6896.0,
        "y_svg": 7442.0
      },
      "geometry": {
        "type": "Point",
        "coordinates": [
          108.957399,
          34.216848
        ]
      }
    },
    {
      "type": "Feature",
      "properties": {
        "index": 575,
        "x_svg": 6896.0,
        "y_svg": 6892.0
      },
      "geometry": {
        "type": "Point",
        "coordinates": [
          108.957399,
          34.221707
        ]
      }
    },
    {
      "type": "Feature",
      "properties": {
        "index": 576,
        "x_svg": 7475.0,
        "y_svg": 7159.5
      },
      "geometry": {
        "type": "Point",
        "coordinates": [
          108.963639,
          34.219344
        ]
      }
    },
    {
      "type": "Feature",
      "properties": {
        "index": 577,
        "x_svg": 8535.0,
        "y_svg": 7159.5
      },
      "geometry": {
        "type": "Point",
        "coordinates": [
          108.975063,
          34.219344
        ]
      }
    },
    {
      "type": "Feature",
      "properties": {
        "index": 578,
        "x_svg": 8569.0,
        "y_svg": 7159.5
      },
      "geometry": {
        "type": "Point",
        "coordinates": [
          108.97543,
          34.219344
        ]
      }
    },
    {
      "type": "Feature",
      "properties": {
        "index": 579,
        "x_svg": 8005.0,
        "y_svg": 7427.0
      },
      "geometry": {
        "type": "Point",
        "coordinates": [
          108.969351,
          34.216981
        ]
      }
    },
    {
      "type": "Feature",
      "properties": {
        "index": 580,
        "x_svg": 8005.0,
        "y_svg": 7442.0
      },
      "geometry": {
        "type": "Point",
        "coordinates": [
          108.969351,
          34.216848
        ]
      }
    },
    {
      "type": "Feature",
      "properties": {
        "index": 581,
        "x_svg": 8005.0,
        "y_svg": 6892.0
      },
      "geometry": {
        "type": "Point",
        "coordinates": [
          108.969351,
          34.221707
        ]
      }
    },
    {
      "type": "Feature",
      "properties": {
        "index": 582,
        "x_svg": 8603.0,
        "y_svg": 7159.5
      },
      "geometry": {
        "type": "Point",
        "coordinates": [
          108.975796,
          34.219344
        ]
      }
    },
    {
      "type": "Feature",
      "properties": {
        "index": 583,
        "x_svg": 9718.0,
        "y_svg": 7159.5
      },
      "geometry": {
        "type": "Point",
        "coordinates": [
          108.987813,
          34.219344
        ]
      }
    },
    {
      "type": "Feature",
      "properties": {
        "index": 584,
        "x_svg": 9748.0,
        "y_svg": 7159.5
      },
      "geometry": {
        "type": "Point",
        "coordinates": [
          108.988136,
          34.219344
        ]
      }
    },
    {
      "type": "Feature",
      "properties": {
        "index": 585,
        "x_svg": 9160.5,
        "y_svg": 7427.0
      },
      "geometry": {
        "type": "Point",
        "coordinates": [
          108.981804,
          34.216981
        ]
      }
    },
    {
      "type": "Feature",
      "properties": {
        "index": 586,
        "x_svg": 9160.5,
        "y_svg": 7442.0
      },
      "geometry": {
        "type": "Point",
        "coordinates": [
          108.981804,
          34.216848
        ]
      }
    },
    {
      "type": "Feature",
      "properties": {
        "index": 587,
        "x_svg": 9160.5,
        "y_svg": 6892.0
      },
      "geometry": {
        "type": "Point",
        "coordinates": [
          108.981804,
          34.221707
        ]
      }
    },
    {
      "type": "Feature",
      "properties": {
        "index": 588,
        "x_svg": 60.0,
        "y_svg": 7722.0
      },
      "geometry": {
        "type": "Point",
        "coordinates": [
          108.883727,
          34.214375
        ]
      }
    },
    {
      "type": "Feature",
      "properties": {
        "index": 589,
        "x_svg": 30.0,
        "y_svg": 7722.0
      },
      "geometry": {
        "type": "Point",
        "coordinates": [
          108.883404,
          34.214375
        ]
      }
    },
    {
      "type": "Feature",
      "properties": {
        "index": 590,
        "x_svg": 1172.0,
        "y_svg": 7722.0
      },
      "geometry": {
        "type": "Point",
        "coordinates": [
          108.895711,
          34.214375
        ]
      }
    },
    {
      "type": "Feature",
      "properties": {
        "index": 591,
        "x_svg": 1193.0,
        "y_svg": 7722.0
      },
      "geometry": {
        "type": "Point",
        "coordinates": [
          108.895938,
          34.214375
        ]
      }
    },
    {
      "type": "Feature",
      "properties": {
        "index": 592,
        "x_svg": 616.0,
        "y_svg": 7987.0
      },
      "geometry": {
        "type": "Point",
        "coordinates": [
          108.889719,
          34.212034
        ]
      }
    },
    {
      "type": "Feature",
      "properties": {
        "index": 593,
        "x_svg": 616.0,
        "y_svg": 8002.0
      },
      "geometry": {
        "type": "Point",
        "coordinates": [
          108.889719,
          34.211901
        ]
      }
    },
    {
      "type": "Feature",
      "properties": {
        "index": 594,
        "x_svg": 616.0,
        "y_svg": 7457.0
      },
      "geometry": {
        "type": "Point",
        "coordinates": [
          108.889719,
          34.216716
        ]
      }
    },
    {
      "type": "Feature",
      "properties": {
        "index": 595,
        "x_svg": 1214.0,
        "y_svg": 7722.0
      },
      "geometry": {
        "type": "Point",
        "coordinates": [
          108.896164,
          34.214375
        ]
      }
    },
    {
      "type": "Feature",
      "properties": {
        "index": 596,
        "x_svg": 2272.0,
        "y_svg": 7722.0
      },
      "geometry": {
        "type": "Point",
        "coordinates": [
          108.907566,
          34.214375
        ]
      }
    },
    {
      "type": "Feature",
      "properties": {
        "index": 597,
        "x_svg": 2303.5,
        "y_svg": 7722.0
      },
      "geometry": {
        "type": "Point",
        "coordinates": [
          108.907906,
          34.214375
        ]
      }
    },
    {
      "type": "Feature",
      "properties": {
        "index": 598,
        "x_svg": 1743.0,
        "y_svg": 7987.0
      },
      "geometry": {
        "type": "Point",
        "coordinates": [
          108.901865,
          34.212034
        ]
      }
    },
    {
      "type": "Feature",
      "properties": {
        "index": 599,
        "x_svg": 1743.0,
        "y_svg": 8002.0
      },
      "geometry": {
        "type": "Point",
        "coordinates": [
          108.901865,
          34.211901
        ]
      }
    },
    {
      "type": "Feature",
      "properties": {
        "index": 600,
        "x_svg": 1743.0,
        "y_svg": 7457.0
      },
      "geometry": {
        "type": "Point",
        "coordinates": [
          108.901865,
          34.216716
        ]
      }
    },
    {
      "type": "Feature",
      "properties": {
        "index": 601,
        "x_svg": 2335.0,
        "y_svg": 7722.0
      },
      "geometry": {
        "type": "Point",
        "coordinates": [
          108.908245,
          34.214375
        ]
      }
    },
    {
      "type": "Feature",
      "properties": {
        "index": 602,
        "x_svg": 3355.0,
        "y_svg": 7722.0
      },
      "geometry": {
        "type": "Point",
        "coordinates": [
          108.919238,
          34.214375
        ]
      }
    },
    {
      "type": "Feature",
      "properties": {
        "index": 603,
        "x_svg": 3409.0,
        "y_svg": 7722.0
      },
      "geometry": {
        "type": "Point",
        "coordinates": [
          108.91982,
          34.214375
        ]
      }
    },
    {
      "type": "Feature",
      "properties": {
        "index": 604,
        "x_svg": 2845.0,
        "y_svg": 7987.0
      },
      "geometry": {
        "type": "Point",
        "coordinates": [
          108.913741,
          34.212034
        ]
      }
    },
    {
      "type": "Feature",
      "properties": {
        "index": 605,
        "x_svg": 2845.0,
        "y_svg": 8002.0
      },
      "geometry": {
        "type": "Point",
        "coordinates": [
          108.913741,
          34.211901
        ]
      }
    },
    {
      "type": "Feature",
      "properties": {
        "index": 606,
        "x_svg": 2845.0,
        "y_svg": 7457.0
      },
      "geometry": {
        "type": "Point",
        "coordinates": [
          108.913741,
          34.216716
        ]
      }
    },
    {
      "type": "Feature",
      "properties": {
        "index": 607,
        "x_svg": 3463.0,
        "y_svg": 7722.0
      },
      "geometry": {
        "type": "Point",
        "coordinates": [
          108.920402,
          34.214375
        ]
      }
    },
    {
      "type": "Feature",
      "properties": {
        "index": 608,
        "x_svg": 4146.0,
        "y_svg": 7722.0
      },
      "geometry": {
        "type": "Point",
        "coordinates": [
          108.927762,
          34.214375
        ]
      }
    },
    {
      "type": "Feature",
      "properties": {
        "index": 609,
        "x_svg": 4177.5,
        "y_svg": 7722.0
      },
      "geometry": {
        "type": "Point",
        "coordinates": [
          108.928102,
          34.214375
        ]
      }
    },
    {
      "type": "Feature",
      "properties": {
        "index": 610,
        "x_svg": 4209.0,
        "y_svg": 7722.0
      },
      "geometry": {
        "type": "Point",
        "coordinates": [
          108.928441,
          34.214375
        ]
      }
    },
    {
      "type": "Feature",
      "properties": {
        "index": 611,
        "x_svg": 4767.0,
        "y_svg": 7722.0
      },
      "geometry": {
        "type": "Point",
        "coordinates": [
          108.934455,
          34.214375
        ]
      }
    },
    {
      "type": "Feature",
      "properties": {
        "index": 612,
        "x_svg": 4844.5,
        "y_svg": 7722.0
      },
      "geometry": {
        "type": "Point",
        "coordinates": [
          108.93529,
          34.214375
        ]
      }
    },
    {
      "type": "Feature",
      "properties": {
        "index": 613,
        "x_svg": 4922.0,
        "y_svg": 7722.0
      },
      "geometry": {
        "type": "Point",
        "coordinates": [
          108.936125,
          34.214375
        ]
      }
    },
    {
      "type": "Feature",
      "properties": {
        "index": 614,
        "x_svg": 5484.0,
        "y_svg": 7722.0
      },
      "geometry": {
        "type": "Point",
        "coordinates": [
          108.942182,
          34.214375
        ]
      }
    },
    {
      "type": "Feature",
      "properties": {
        "index": 615,
        "x_svg": 5517.5,
        "y_svg": 7722.0
      },
      "geometry": {
        "type": "Point",
        "coordinates": [
          108.942543,
          34.214375
        ]
      }
    },
    {
      "type": "Feature",
      "properties": {
        "index": 616,
        "x_svg": 5551.0,
        "y_svg": 7722.0
      },
      "geometry": {
        "type": "Point",
        "coordinates": [
          108.942904,
          34.214375
        ]
      }
    },
    {
      "type": "Feature",
      "properties": {
        "index": 617,
        "x_svg": 6251.0,
        "y_svg": 7722.0
      },
      "geometry": {
        "type": "Point",
        "coordinates": [
          108.950448,
          34.214375
        ]
      }
    },
    {
      "type": "Feature",
      "properties": {
        "index": 618,
        "x_svg": 6318.0,
        "y_svg": 7722.0
      },
      "geometry": {
        "type": "Point",
        "coordinates": [
          108.95117,
          34.214375
        ]
      }
    },
    {
      "type": "Feature",
      "properties": {
        "index": 619,
        "x_svg": 6385.0,
        "y_svg": 7722.0
      },
      "geometry": {
        "type": "Point",
        "coordinates": [
          108.951892,
          34.214375
        ]
      }
    },
    {
      "type": "Feature",
      "properties": {
        "index": 620,
        "x_svg": 7407.0,
        "y_svg": 7722.0
      },
      "geometry": {
        "type": "Point",
        "coordinates": [
          108.962907,
          34.214375
        ]
      }
    },
    {
      "type": "Feature",
      "properties": {
        "index": 621,
        "x_svg": 7441.0,
        "y_svg": 7722.0
      },
      "geometry": {
        "type": "Point",
        "coordinates": [
          108.963273,
          34.214375
        ]
      }
    },
    {
      "type": "Feature",
      "properties": {
        "index": 622,
        "x_svg": 6896.0,
        "y_svg": 7987.0
      },
      "geometry": {
        "type": "Point",
        "coordinates": [
          108.957399,
          34.212034
        ]
      }
    },
    {
      "type": "Feature",
      "properties": {
        "index": 623,
        "x_svg": 6896.0,
        "y_svg": 8002.0
      },
      "geometry": {
        "type": "Point",
        "coordinates": [
          108.957399,
          34.211901
        ]
      }
    },
    {
      "type": "Feature",
      "properties": {
        "index": 624,
        "x_svg": 6896.0,
        "y_svg": 7457.0
      },
      "geometry": {
        "type": "Point",
        "coordinates": [
          108.957399,
          34.216716
        ]
      }
    },
    {
      "type": "Feature",
      "properties": {
        "index": 625,
        "x_svg": 7475.0,
        "y_svg": 7722.0
      },
      "geometry": {
        "type": "Point",
        "coordinates": [
          108.963639,
          34.214375
        ]
      }
    },
    {
      "type": "Feature",
      "properties": {
        "index": 626,
        "x_svg": 8535.0,
        "y_svg": 7722.0
      },
      "geometry": {
        "type": "Point",
        "coordinates": [
          108.975063,
          34.214375
        ]
      }
    },
    {
      "type": "Feature",
      "properties": {
        "index": 627,
        "x_svg": 8569.0,
        "y_svg": 7722.0
      },
      "geometry": {
        "type": "Point",
        "coordinates": [
          108.97543,
          34.214375
        ]
      }
    },
    {
      "type": "Feature",
      "properties": {
        "index": 628,
        "x_svg": 8005.0,
        "y_svg": 7987.0
      },
      "geometry": {
        "type": "Point",
        "coordinates": [
          108.969351,
          34.212034
        ]
      }
    },
    {
      "type": "Feature",
      "properties": {
        "index": 629,
        "x_svg": 8005.0,
        "y_svg": 8002.0
      },
      "geometry": {
        "type": "Point",
        "coordinates": [
          108.969351,
          34.211901
        ]
      }
    },
    {
      "type": "Feature",
      "properties": {
        "index": 630,
        "x_svg": 8005.0,
        "y_svg": 7457.0
      },
      "geometry": {
        "type": "Point",
        "coordinates": [
          108.969351,
          34.216716
        ]
      }
    },
    {
      "type": "Feature",
      "properties": {
        "index": 631,
        "x_svg": 8603.0,
        "y_svg": 7722.0
      },
      "geometry": {
        "type": "Point",
        "coordinates": [
          108.975796,
          34.214375
        ]
      }
    },
    {
      "type": "Feature",
      "properties": {
        "index": 632,
        "x_svg": 9718.0,
        "y_svg": 7722.0
      },
      "geometry": {
        "type": "Point",
        "coordinates": [
          108.987813,
          34.214375
        ]
      }
    },
    {
      "type": "Feature",
      "properties": {
        "index": 633,
        "x_svg": 9748.0,
        "y_svg": 7722.0
      },
      "geometry": {
        "type": "Point",
        "coordinates": [
          108.988136,
          34.214375
        ]
      }
    },
    {
      "type": "Feature",
      "properties": {
        "index": 634,
        "x_svg": 9160.5,
        "y_svg": 7987.0
      },
      "geometry": {
        "type": "Point",
        "coordinates": [
          108.981804,
          34.212034
        ]
      }
    },
    {
      "type": "Feature",
      "properties": {
        "index": 635,
        "x_svg": 9160.5,
        "y_svg": 8002.0
      },
      "geometry": {
        "type": "Point",
        "coordinates": [
          108.981804,
          34.211901
        ]
      }
    },
    {
      "type": "Feature",
      "properties": {
        "index": 636,
        "x_svg": 9160.5,
        "y_svg": 7457.0
      },
      "geometry": {
        "type": "Point",
        "coordinates": [
          108.981804,
          34.216716
        ]
      }
    },
    {
      "type": "Feature",
      "properties": {
        "index": 637,
        "x_svg": 60.0,
        "y_svg": 8297.0
      },
      "geometry": {
        "type": "Point",
        "coordinates": [
          108.883727,
          34.209295
        ]
      }
    },
    {
      "type": "Feature",
      "properties": {
        "index": 638,
        "x_svg": 30.0,
        "y_svg": 8297.0
      },
      "geometry": {
        "type": "Point",
        "coordinates": [
          108.883404,
          34.209295
        ]
      }
    },
    {
      "type": "Feature",
      "properties": {
        "index": 639,
        "x_svg": 1172.0,
        "y_svg": 8297.0
      },
      "geometry": {
        "type": "Point",
        "coordinates": [
          108.895711,
          34.209295
        ]
      }
    },
    {
      "type": "Feature",
      "properties": {
        "index": 640,
        "x_svg": 1193.0,
        "y_svg": 8297.0
      },
      "geometry": {
        "type": "Point",
        "coordinates": [
          108.895938,
          34.209295
        ]
      }
    },
    {
      "type": "Feature",
      "properties": {
        "index": 641,
        "x_svg": 616.0,
        "y_svg": 8577.0
      },
      "geometry": {
        "type": "Point",
        "coordinates": [
          108.889719,
          34.206822
        ]
      }
    },
    {
      "type": "Feature",
      "properties": {
        "index": 642,
        "x_svg": 616.0,
        "y_svg": 8607.0
      },
      "geometry": {
        "type": "Point",
        "coordinates": [
          108.889719,
          34.206557
        ]
      }
    },
    {
      "type": "Feature",
      "properties": {
        "index": 643,
        "x_svg": 616.0,
        "y_svg": 8017.0
      },
      "geometry": {
        "type": "Point",
        "coordinates": [
          108.889719,
          34.211769
        ]
      }
    },
    {
      "type": "Feature",
      "properties": {
        "index": 644,
        "x_svg": 1214.0,
        "y_svg": 8297.0
      },
      "geometry": {
        "type": "Point",
        "coordinates": [
          108.896164,
          34.209295
        ]
      }
    },
    {
      "type": "Feature",
      "properties": {
        "index": 645,
        "x_svg": 2272.0,
        "y_svg": 8297.0
      },
      "geometry": {
        "type": "Point",
        "coordinates": [
          108.907566,
          34.209295
        ]
      }
    },
    {
      "type": "Feature",
      "properties": {
        "index": 646,
        "x_svg": 2303.5,
        "y_svg": 8297.0
      },
      "geometry": {
        "type": "Point",
        "coordinates": [
          108.907906,
          34.209295
        ]
      }
    },
    {
      "type": "Feature",
      "properties": {
        "index": 647,
        "x_svg": 1743.0,
        "y_svg": 8577.0
      },
      "geometry": {
        "type": "Point",
        "coordinates": [
          108.901865,
          34.206822
        ]
      }
    },
    {
      "type": "Feature",
      "properties": {
        "index": 648,
        "x_svg": 1743.0,
        "y_svg": 8607.0
      },
      "geometry": {
        "type": "Point",
        "coordinates": [
          108.901865,
          34.206557
        ]
      }
    },
    {
      "type": "Feature",
      "properties": {
        "index": 649,
        "x_svg": 1743.0,
        "y_svg": 8017.0
      },
      "geometry": {
        "type": "Point",
        "coordinates": [
          108.901865,
          34.211769
        ]
      }
    },
    {
      "type": "Feature",
      "properties": {
        "index": 650,
        "x_svg": 2335.0,
        "y_svg": 8297.0
      },
      "geometry": {
        "type": "Point",
        "coordinates": [
          108.908245,
          34.209295
        ]
      }
    },
    {
      "type": "Feature",
      "properties": {
        "index": 651,
        "x_svg": 3355.0,
        "y_svg": 8297.0
      },
      "geometry": {
        "type": "Point",
        "coordinates": [
          108.919238,
          34.209295
        ]
      }
    },
    {
      "type": "Feature",
      "properties": {
        "index": 652,
        "x_svg": 3409.0,
        "y_svg": 8297.0
      },
      "geometry": {
        "type": "Point",
        "coordinates": [
          108.91982,
          34.209295
        ]
      }
    },
    {
      "type": "Feature",
      "properties": {
        "index": 653,
        "x_svg": 2845.0,
        "y_svg": 8577.0
      },
      "geometry": {
        "type": "Point",
        "coordinates": [
          108.913741,
          34.206822
        ]
      }
    },
    {
      "type": "Feature",
      "properties": {
        "index": 654,
        "x_svg": 2845.0,
        "y_svg": 8607.0
      },
      "geometry": {
        "type": "Point",
        "coordinates": [
          108.913741,
          34.206557
        ]
      }
    },
    {
      "type": "Feature",
      "properties": {
        "index": 655,
        "x_svg": 2845.0,
        "y_svg": 8017.0
      },
      "geometry": {
        "type": "Point",
        "coordinates": [
          108.913741,
          34.211769
        ]
      }
    },
    {
      "type": "Feature",
      "properties": {
        "index": 656,
        "x_svg": 3463.0,
        "y_svg": 8297.0
      },
      "geometry": {
        "type": "Point",
        "coordinates": [
          108.920402,
          34.209295
        ]
      }
    },
    {
      "type": "Feature",
      "properties": {
        "index": 657,
        "x_svg": 4146.0,
        "y_svg": 8297.0
      },
      "geometry": {
        "type": "Point",
        "coordinates": [
          108.927762,
          34.209295
        ]
      }
    },
    {
      "type": "Feature",
      "properties": {
        "index": 658,
        "x_svg": 4177.5,
        "y_svg": 8297.0
      },
      "geometry": {
        "type": "Point",
        "coordinates": [
          108.928102,
          34.209295
        ]
      }
    },
    {
      "type": "Feature",
      "properties": {
        "index": 659,
        "x_svg": 4209.0,
        "y_svg": 8297.0
      },
      "geometry": {
        "type": "Point",
        "coordinates": [
          108.928441,
          34.209295
        ]
      }
    },
    {
      "type": "Feature",
      "properties": {
        "index": 660,
        "x_svg": 4767.0,
        "y_svg": 8297.0
      },
      "geometry": {
        "type": "Point",
        "coordinates": [
          108.934455,
          34.209295
        ]
      }
    },
    {
      "type": "Feature",
      "properties": {
        "index": 661,
        "x_svg": 4844.5,
        "y_svg": 8297.0
      },
      "geometry": {
        "type": "Point",
        "coordinates": [
          108.93529,
          34.209295
        ]
      }
    },
    {
      "type": "Feature",
      "properties": {
        "index": 662,
        "x_svg": 4922.0,
        "y_svg": 8297.0
      },
      "geometry": {
        "type": "Point",
        "coordinates": [
          108.936125,
          34.209295
        ]
      }
    },
    {
      "type": "Feature",
      "properties": {
        "index": 663,
        "x_svg": 5484.0,
        "y_svg": 8297.0
      },
      "geometry": {
        "type": "Point",
        "coordinates": [
          108.942182,
          34.209295
        ]
      }
    },
    {
      "type": "Feature",
      "properties": {
        "index": 664,
        "x_svg": 5517.5,
        "y_svg": 8297.0
      },
      "geometry": {
        "type": "Point",
        "coordinates": [
          108.942543,
          34.209295
        ]
      }
    },
    {
      "type": "Feature",
      "properties": {
        "index": 665,
        "x_svg": 5551.0,
        "y_svg": 8297.0
      },
      "geometry": {
        "type": "Point",
        "coordinates": [
          108.942904,
          34.209295
        ]
      }
    },
    {
      "type": "Feature",
      "properties": {
        "index": 666,
        "x_svg": 6251.0,
        "y_svg": 8297.0
      },
      "geometry": {
        "type": "Point",
        "coordinates": [
          108.950448,
          34.209295
        ]
      }
    },
    {
      "type": "Feature",
      "properties": {
        "index": 667,
        "x_svg": 6318.0,
        "y_svg": 8297.0
      },
      "geometry": {
        "type": "Point",
        "coordinates": [
          108.95117,
          34.209295
        ]
      }
    },
    {
      "type": "Feature",
      "properties": {
        "index": 668,
        "x_svg": 6385.0,
        "y_svg": 8297.0
      },
      "geometry": {
        "type": "Point",
        "coordinates": [
          108.951892,
          34.209295
        ]
      }
    },
    {
      "type": "Feature",
      "properties": {
        "index": 669,
        "x_svg": 7407.0,
        "y_svg": 8297.0
      },
      "geometry": {
        "type": "Point",
        "coordinates": [
          108.962907,
          34.209295
        ]
      }
    },
    {
      "type": "Feature",
      "properties": {
        "index": 670,
        "x_svg": 7441.0,
        "y_svg": 8297.0
      },
      "geometry": {
        "type": "Point",
        "coordinates": [
          108.963273,
          34.209295
        ]
      }
    },
    {
      "type": "Feature",
      "properties": {
        "index": 671,
        "x_svg": 6896.0,
        "y_svg": 8577.0
      },
      "geometry": {
        "type": "Point",
        "coordinates": [
          108.957399,
          34.206822
        ]
      }
    },
    {
      "type": "Feature",
      "properties": {
        "index": 672,
        "x_svg": 6896.0,
        "y_svg": 8607.0
      },
      "geometry": {
        "type": "Point",
        "coordinates": [
          108.957399,
          34.206557
        ]
      }
    },
    {
      "type": "Feature",
      "properties": {
        "index": 673,
        "x_svg": 6896.0,
        "y_svg": 8017.0
      },
      "geometry": {
        "type": "Point",
        "coordinates": [
          108.957399,
          34.211769
        ]
      }
    },
    {
      "type": "Feature",
      "properties": {
        "index": 674,
        "x_svg": 7475.0,
        "y_svg": 8297.0
      },
      "geometry": {
        "type": "Point",
        "coordinates": [
          108.963639,
          34.209295
        ]
      }
    },
    {
      "type": "Feature",
      "properties": {
        "index": 675,
        "x_svg": 8535.0,
        "y_svg": 8297.0
      },
      "geometry": {
        "type": "Point",
        "coordinates": [
          108.975063,
          34.209295
        ]
      }
    },
    {
      "type": "Feature",
      "properties": {
        "index": 676,
        "x_svg": 8569.0,
        "y_svg": 8297.0
      },
      "geometry": {
        "type": "Point",
        "coordinates": [
          108.97543,
          34.209295
        ]
      }
    },
    {
      "type": "Feature",
      "properties": {
        "index": 677,
        "x_svg": 8005.0,
        "y_svg": 8577.0
      },
      "geometry": {
        "type": "Point",
        "coordinates": [
          108.969351,
          34.206822
        ]
      }
    },
    {
      "type": "Feature",
      "properties": {
        "index": 678,
        "x_svg": 8005.0,
        "y_svg": 8607.0
      },
      "geometry": {
        "type": "Point",
        "coordinates": [
          108.969351,
          34.206557
        ]
      }
    },
    {
      "type": "Feature",
      "properties": {
        "index": 679,
        "x_svg": 8005.0,
        "y_svg": 8017.0
      },
      "geometry": {
        "type": "Point",
        "coordinates": [
          108.969351,
          34.211769
        ]
      }
    },
    {
      "type": "Feature",
      "properties": {
        "index": 680,
        "x_svg": 60.0,
        "y_svg": 494.0
      },
      "geometry": {
        "type": "Point",
        "coordinates": [
          108.883727,
          34.278227
        ]
      }
    },
    {
      "type": "Feature",
      "properties": {
        "index": 681,
        "x_svg": 30.0,
        "y_svg": 494.0
      },
      "geometry": {
        "type": "Point",
        "coordinates": [
          108.883404,
          34.278227
        ]
      }
    },
    {
      "type": "Feature",
      "properties": {
        "index": 682,
        "x_svg": 1172.0,
        "y_svg": 494.0
      },
      "geometry": {
        "type": "Point",
        "coordinates": [
          108.895711,
          34.278227
        ]
      }
    },
    {
      "type": "Feature",
      "properties": {
        "index": 683,
        "x_svg": 1193.0,
        "y_svg": 494.0
      },
      "geometry": {
        "type": "Point",
        "coordinates": [
          108.895938,
          34.278227
        ]
      }
    },
    {
      "type": "Feature",
      "properties": {
        "index": 684,
        "x_svg": 616.0,
        "y_svg": 788.0
      },
      "geometry": {
        "type": "Point",
        "coordinates": [
          108.889719,
          34.27563
        ]
      }
    },
    {
      "type": "Feature",
      "properties": {
        "index": 685,
        "x_svg": 616.0,
        "y_svg": 826.0
      },
      "geometry": {
        "type": "Point",
        "coordinates": [
          108.889719,
          34.275294
        ]
      }
    },
    {
      "type": "Feature",
      "properties": {
        "index": 686,
        "x_svg": 616.0,
        "y_svg": 200.0
      },
      "geometry": {
        "type": "Point",
        "coordinates": [
          108.889719,
          34.280824
        ]
      }
    },
    {
      "type": "Feature",
      "properties": {
        "index": 687,
        "x_svg": 616.0,
        "y_svg": 170.0
      },
      "geometry": {
        "type": "Point",
        "coordinates": [
          108.889719,
          34.281089
        ]
      }
    },
    {
      "type": "Feature",
      "properties": {
        "index": 688,
        "x_svg": 1214.0,
        "y_svg": 494.0
      },
      "geometry": {
        "type": "Point",
        "coordinates": [
          108.896164,
          34.278227
        ]
      }
    },
    {
      "type": "Feature",
      "properties": {
        "index": 689,
        "x_svg": 2272.0,
        "y_svg": 494.0
      },
      "geometry": {
        "type": "Point",
        "coordinates": [
          108.907566,
          34.278227
        ]
      }
    },
    {
      "type": "Feature",
      "properties": {
        "index": 690,
        "x_svg": 2303.5,
        "y_svg": 494.0
      },
      "geometry": {
        "type": "Point",
        "coordinates": [
          108.907906,
          34.278227
        ]
      }
    },
    {
      "type": "Feature",
      "properties": {
        "index": 691,
        "x_svg": 1743.0,
        "y_svg": 788.0
      },
      "geometry": {
        "type": "Point",
        "coordinates": [
          108.901865,
          34.27563
        ]
      }
    },
    {
      "type": "Feature",
      "properties": {
        "index": 692,
        "x_svg": 1743.0,
        "y_svg": 826.0
      },
      "geometry": {
        "type": "Point",
        "coordinates": [
          108.901865,
          34.275294
        ]
      }
    },
    {
      "type": "Feature",
      "properties": {
        "index": 693,
        "x_svg": 1743.0,
        "y_svg": 200.0
      },
      "geometry": {
        "type": "Point",
        "coordinates": [
          108.901865,
          34.280824
        ]
      }
    },
    {
      "type": "Feature",
      "properties": {
        "index": 694,
        "x_svg": 1743.0,
        "y_svg": 170.0
      },
      "geometry": {
        "type": "Point",
        "coordinates": [
          108.901865,
          34.281089
        ]
      }
    },
    {
      "type": "Feature",
      "properties": {
        "index": 695,
        "x_svg": 2335.0,
        "y_svg": 494.0
      },
      "geometry": {
        "type": "Point",
        "coordinates": [
          108.908245,
          34.278227
        ]
      }
    },
    {
      "type": "Feature",
      "properties": {
        "index": 696,
        "x_svg": 3355.0,
        "y_svg": 494.0
      },
      "geometry": {
        "type": "Point",
        "coordinates": [
          108.919238,
          34.278227
        ]
      }
    },
    {
      "type": "Feature",
      "properties": {
        "index": 697,
        "x_svg": 3409.0,
        "y_svg": 494.0
      },
      "geometry": {
        "type": "Point",
        "coordinates": [
          108.91982,
          34.278227
        ]
      }
    },
    {
      "type": "Feature",
      "properties": {
        "index": 698,
        "x_svg": 2845.0,
        "y_svg": 788.0
      },
      "geometry": {
        "type": "Point",
        "coordinates": [
          108.913741,
          34.27563
        ]
      }
    },
    {
      "type": "Feature",
      "properties": {
        "index": 699,
        "x_svg": 2845.0,
        "y_svg": 826.0
      },
      "geometry": {
        "type": "Point",
        "coordinates": [
          108.913741,
          34.275294
        ]
      }
    },
    {
      "type": "Feature",
      "properties": {
        "index": 700,
        "x_svg": 2845.0,
        "y_svg": 200.0
      },
      "geometry": {
        "type": "Point",
        "coordinates": [
          108.913741,
          34.280824
        ]
      }
    },
    {
      "type": "Feature",
      "properties": {
        "index": 701,
        "x_svg": 2845.0,
        "y_svg": 170.0
      },
      "geometry": {
        "type": "Point",
        "coordinates": [
          108.913741,
          34.281089
        ]
      }
    },
    {
      "type": "Feature",
      "properties": {
        "index": 702,
        "x_svg": 60.0,
        "y_svg": 1158.0
      },
      "geometry": {
        "type": "Point",
        "coordinates": [
          108.883727,
          34.272361
        ]
      }
    },
    {
      "type": "Feature",
      "properties": {
        "index": 703,
        "x_svg": 30.0,
        "y_svg": 1158.0
      },
      "geometry": {
        "type": "Point",
        "coordinates": [
          108.883404,
          34.272361
        ]
      }
    },
    {
      "type": "Feature",
      "properties": {
        "index": 704,
        "x_svg": 1172.0,
        "y_svg": 1158.0
      },
      "geometry": {
        "type": "Point",
        "coordinates": [
          108.895711,
          34.272361
        ]
      }
    },
    {
      "type": "Feature",
      "properties": {
        "index": 705,
        "x_svg": 1193.0,
        "y_svg": 1158.0
      },
      "geometry": {
        "type": "Point",
        "coordinates": [
          108.895938,
          34.272361
        ]
      }
    },
    {
      "type": "Feature",
      "properties": {
        "index": 706,
        "x_svg": 616.0,
        "y_svg": 1452.0
      },
      "geometry": {
        "type": "Point",
        "coordinates": [
          108.889719,
          34.269764
        ]
      }
    },
    {
      "type": "Feature",
      "properties": {
        "index": 707,
        "x_svg": 616.0,
        "y_svg": 1528.0
      },
      "geometry": {
        "type": "Point",
        "coordinates": [
          108.889719,
          34.269093
        ]
      }
    },
    {
      "type": "Feature",
      "properties": {
        "index": 708,
        "x_svg": 616.0,
        "y_svg": 864.0
      },
      "geometry": {
        "type": "Point",
        "coordinates": [
          108.889719,
          34.274958
        ]
      }
    },
    {
      "type": "Feature",
      "properties": {
        "index": 709,
        "x_svg": 1214.0,
        "y_svg": 1158.0
      },
      "geometry": {
        "type": "Point",
        "coordinates": [
          108.896164,
          34.272361
        ]
      }
    },
    {
      "type": "Feature",
      "properties": {
        "index": 710,
        "x_svg": 2272.0,
        "y_svg": 1158.0
      },
      "geometry": {
        "type": "Point",
        "coordinates": [
          108.907566,
          34.272361
        ]
      }
    },
    {
      "type": "Feature",
      "properties": {
        "index": 711,
        "x_svg": 2303.5,
        "y_svg": 1158.0
      },
      "geometry": {
        "type": "Point",
        "coordinates": [
          108.907906,
          34.272361
        ]
      }
    },
    {
      "type": "Feature",
      "properties": {
        "index": 712,
        "x_svg": 1743.0,
        "y_svg": 1452.0
      },
      "geometry": {
        "type": "Point",
        "coordinates": [
          108.901865,
          34.269764
        ]
      }
    },
    {
      "type": "Feature",
      "properties": {
        "index": 713,
        "x_svg": 1743.0,
        "y_svg": 1528.0
      },
      "geometry": {
        "type": "Point",
        "coordinates": [
          108.901865,
          34.269093
        ]
      }
    },
    {
      "type": "Feature",
      "properties": {
        "index": 714,
        "x_svg": 1743.0,
        "y_svg": 864.0
      },
      "geometry": {
        "type": "Point",
        "coordinates": [
          108.901865,
          34.274958
        ]
      }
    },
    {
      "type": "Feature",
      "properties": {
        "index": 715,
        "x_svg": 2335.0,
        "y_svg": 1158.0
      },
      "geometry": {
        "type": "Point",
        "coordinates": [
          108.908245,
          34.272361
        ]
      }
    },
    {
      "type": "Feature",
      "properties": {
        "index": 716,
        "x_svg": 3355.0,
        "y_svg": 1158.0
      },
      "geometry": {
        "type": "Point",
        "coordinates": [
          108.919238,
          34.272361
        ]
      }
    },
    {
      "type": "Feature",
      "properties": {
        "index": 717,
        "x_svg": 3409.0,
        "y_svg": 1158.0
      },
      "geometry": {
        "type": "Point",
        "coordinates": [
          108.91982,
          34.272361
        ]
      }
    },
    {
      "type": "Feature",
      "properties": {
        "index": 718,
        "x_svg": 2845.0,
        "y_svg": 1452.0
      },
      "geometry": {
        "type": "Point",
        "coordinates": [
          108.913741,
          34.269764
        ]
      }
    },
    {
      "type": "Feature",
      "properties": {
        "index": 719,
        "x_svg": 2845.0,
        "y_svg": 1528.0
      },
      "geometry": {
        "type": "Point",
        "coordinates": [
          108.913741,
          34.269093
        ]
      }
    },
    {
      "type": "Feature",
      "properties": {
        "index": 720,
        "x_svg": 2845.0,
        "y_svg": 864.0
      },
      "geometry": {
        "type": "Point",
        "coordinates": [
          108.913741,
          34.274958
        ]
      }
    },
    {
      "type": "Feature",
      "properties": {
        "index": 721,
        "x_svg": 60.0,
        "y_svg": 1981.5
      },
      "geometry": {
        "type": "Point",
        "coordinates": [
          108.883727,
          34.265086
        ]
      }
    },
    {
      "type": "Feature",
      "properties": {
        "index": 722,
        "x_svg": 30.0,
        "y_svg": 1981.5
      },
      "geometry": {
        "type": "Point",
        "coordinates": [
          108.883404,
          34.265086
        ]
      }
    },
    {
      "type": "Feature",
      "properties": {
        "index": 723,
        "x_svg": 1172.0,
        "y_svg": 1981.5
      },
      "geometry": {
        "type": "Point",
        "coordinates": [
          108.895711,
          34.265086
        ]
      }
    },
    {
      "type": "Feature",
      "properties": {
        "index": 724,
        "x_svg": 1193.0,
        "y_svg": 1981.5
      },
      "geometry": {
        "type": "Point",
        "coordinates": [
          108.895938,
          34.265086
        ]
      }
    },
    {
      "type": "Feature",
      "properties": {
        "index": 725,
        "x_svg": 616.0,
        "y_svg": 2359.0
      },
      "geometry": {
        "type": "Point",
        "coordinates": [
          108.889719,
          34.261752
        ]
      }
    },
    {
      "type": "Feature",
      "properties": {
        "index": 726,
        "x_svg": 616.0,
        "y_svg": 2397.0
      },
      "geometry": {
        "type": "Point",
        "coordinates": [
          108.889719,
          34.261416
        ]
      }
    },
    {
      "type": "Feature",
      "properties": {
        "index": 727,
        "x_svg": 616.0,
        "y_svg": 1604.0
      },
      "geometry": {
        "type": "Point",
        "coordinates": [
          108.889719,
          34.268421
        ]
      }
    },
    {
      "type": "Feature",
      "properties": {
        "index": 728,
        "x_svg": 1214.0,
        "y_svg": 1981.5
      },
      "geometry": {
        "type": "Point",
        "coordinates": [
          108.896164,
          34.265086
        ]
      }
    },
    {
      "type": "Feature",
      "properties": {
        "index": 729,
        "x_svg": 2272.0,
        "y_svg": 1981.5
      },
      "geometry": {
        "type": "Point",
        "coordinates": [
          108.907566,
          34.265086
        ]
      }
    },
    {
      "type": "Feature",
      "properties": {
        "index": 730,
        "x_svg": 2303.5,
        "y_svg": 1981.5
      },
      "geometry": {
        "type": "Point",
        "coordinates": [
          108.907906,
          34.265086
        ]
      }
    },
    {
      "type": "Feature",
      "properties": {
        "index": 731,
        "x_svg": 1743.0,
        "y_svg": 2359.0
      },
      "geometry": {
        "type": "Point",
        "coordinates": [
          108.901865,
          34.261752
        ]
      }
    },
    {
      "type": "Feature",
      "properties": {
        "index": 732,
        "x_svg": 1743.0,
        "y_svg": 2397.0
      },
      "geometry": {
        "type": "Point",
        "coordinates": [
          108.901865,
          34.261416
        ]
      }
    },
    {
      "type": "Feature",
      "properties": {
        "index": 733,
        "x_svg": 1743.0,
        "y_svg": 1604.0
      },
      "geometry": {
        "type": "Point",
        "coordinates": [
          108.901865,
          34.268421
        ]
      }
    },
    {
      "type": "Feature",
      "properties": {
        "index": 734,
        "x_svg": 2335.0,
        "y_svg": 1981.5
      },
      "geometry": {
        "type": "Point",
        "coordinates": [
          108.908245,
          34.265086
        ]
      }
    },
    {
      "type": "Feature",
      "properties": {
        "index": 735,
        "x_svg": 3355.0,
        "y_svg": 1981.5
      },
      "geometry": {
        "type": "Point",
        "coordinates": [
          108.919238,
          34.265086
        ]
      }
    },
    {
      "type": "Feature",
      "properties": {
        "index": 736,
        "x_svg": 3409.0,
        "y_svg": 1981.5
      },
      "geometry": {
        "type": "Point",
        "coordinates": [
          108.91982,
          34.265086
        ]
      }
    },
    {
      "type": "Feature",
      "properties": {
        "index": 737,
        "x_svg": 2845.0,
        "y_svg": 2359.0
      },
      "geometry": {
        "type": "Point",
        "coordinates": [
          108.913741,
          34.261752
        ]
      }
    },
    {
      "type": "Feature",
      "properties": {
        "index": 738,
        "x_svg": 2845.0,
        "y_svg": 2397.0
      },
      "geometry": {
        "type": "Point",
        "coordinates": [
          108.913741,
          34.261416
        ]
      }
    },
    {
      "type": "Feature",
      "properties": {
        "index": 739,
        "x_svg": 2845.0,
        "y_svg": 1604.0
      },
      "geometry": {
        "type": "Point",
        "coordinates": [
          108.913741,
          34.268421
        ]
      }
    },
    {
      "type": "Feature",
      "properties": {
        "index": 740,
        "x_svg": 60.0,
        "y_svg": 2854.0
      },
      "geometry": {
        "type": "Point",
        "coordinates": [
          108.883727,
          34.257379
        ]
      }
    },
    {
      "type": "Feature",
      "properties": {
        "index": 741,
        "x_svg": 30.0,
        "y_svg": 2854.0
      },
      "geometry": {
        "type": "Point",
        "coordinates": [
          108.883404,
          34.257379
        ]
      }
    },
    {
      "type": "Feature",
      "properties": {
        "index": 742,
        "x_svg": 1172.0,
        "y_svg": 2854.0
      },
      "geometry": {
        "type": "Point",
        "coordinates": [
          108.895711,
          34.257379
        ]
      }
    },
    {
      "type": "Feature",
      "properties": {
        "index": 743,
        "x_svg": 1193.0,
        "y_svg": 2854.0
      },
      "geometry": {
        "type": "Point",
        "coordinates": [
          108.895938,
          34.257379
        ]
      }
    },
    {
      "type": "Feature",
      "properties": {
        "index": 744,
        "x_svg": 616.0,
        "y_svg": 3273.0
      },
      "geometry": {
        "type": "Point",
        "coordinates": [
          108.889719,
          34.253677
        ]
      }
    },
    {
      "type": "Feature",
      "properties": {
        "index": 745,
        "x_svg": 616.0,
        "y_svg": 2435.0
      },
      "geometry": {
        "type": "Point",
        "coordinates": [
          108.889719,
          34.26108
        ]
      }
    },
    {
      "type": "Feature",
      "properties": {
        "index": 746,
        "x_svg": 1214.0,
        "y_svg": 2854.0
      },
      "geometry": {
        "type": "Point",
        "coordinates": [
          108.896164,
          34.257379
        ]
      }
    },
    {
      "type": "Feature",
      "properties": {
        "index": 747,
        "x_svg": 2272.0,
        "y_svg": 2854.0
      },
      "geometry": {
        "type": "Point",
        "coordinates": [
          108.907566,
          34.257379
        ]
      }
    },
    {
      "type": "Feature",
      "properties": {
        "index": 748,
        "x_svg": 2303.5,
        "y_svg": 2854.0
      },
      "geometry": {
        "type": "Point",
        "coordinates": [
          108.907906,
          34.257379
        ]
      }
    },
    {
      "type": "Feature",
      "properties": {
        "index": 749,
        "x_svg": 1743.0,
        "y_svg": 3273.0
      },
      "geometry": {
        "type": "Point",
        "coordinates": [
          108.901865,
          34.253677
        ]
      }
    },
    {
      "type": "Feature",
      "properties": {
        "index": 750,
        "x_svg": 1743.0,
        "y_svg": 3333.0
      },
      "geometry": {
        "type": "Point",
        "coordinates": [
          108.901865,
          34.253147
        ]
      }
    },
    {
      "type": "Feature",
      "properties": {
        "index": 751,
        "x_svg": 1743.0,
        "y_svg": 2435.0
      },
      "geometry": {
        "type": "Point",
        "coordinates": [
          108.901865,
          34.26108
        ]
      }
    },
    {
      "type": "Feature",
      "properties": {
        "index": 752,
        "x_svg": 2335.0,
        "y_svg": 2854.0
      },
      "geometry": {
        "type": "Point",
        "coordinates": [
          108.908245,
          34.257379
        ]
      }
    },
    {
      "type": "Feature",
      "properties": {
        "index": 753,
        "x_svg": 3355.0,
        "y_svg": 2854.0
      },
      "geometry": {
        "type": "Point",
        "coordinates": [
          108.919238,
          34.257379
        ]
      }
    },
    {
      "type": "Feature",
      "properties": {
        "index": 754,
        "x_svg": 3409.0,
        "y_svg": 2854.0
      },
      "geometry": {
        "type": "Point",
        "coordinates": [
          108.91982,
          34.257379
        ]
      }
    },
    {
      "type": "Feature",
      "properties": {
        "index": 755,
        "x_svg": 2845.0,
        "y_svg": 3273.0
      },
      "geometry": {
        "type": "Point",
        "coordinates": [
          108.913741,
          34.253677
        ]
      }
    },
    {
      "type": "Feature",
      "properties": {
        "index": 756,
        "x_svg": 2845.0,
        "y_svg": 2435.0
      },
      "geometry": {
        "type": "Point",
        "coordinates": [
          108.913741,
          34.26108
        ]
      }
    },
    {
      "type": "Feature",
      "properties": {
        "index": 757,
        "x_svg": 6385.0,
        "y_svg": 494.0
      },
      "geometry": {
        "type": "Point",
        "coordinates": [
          108.951892,
          34.278227
        ]
      }
    },
    {
      "type": "Feature",
      "properties": {
        "index": 758,
        "x_svg": 6318.0,
        "y_svg": 494.0
      },
      "geometry": {
        "type": "Point",
        "coordinates": [
          108.95117,
          34.278227
        ]
      }
    },
    {
      "type": "Feature",
      "properties": {
        "index": 759,
        "x_svg": 7056.5,
        "y_svg": 494.0
      },
      "geometry": {
        "type": "Point",
        "coordinates": [
          108.959129,
          34.278227
        ]
      }
    },
    {
      "type": "Feature",
      "properties": {
        "index": 760,
        "x_svg": 7102.5,
        "y_svg": 494.0
      },
      "geometry": {
        "type": "Point",
        "coordinates": [
          108.959625,
          34.278227
        ]
      }
    },
    {
      "type": "Feature",
      "properties": {
        "index": 761,
        "x_svg": 7148.5,
        "y_svg": 494.0
      },
      "geometry": {
        "type": "Point",
        "coordinates": [
          108.960121,
          34.278227
        ]
      }
    },
    {
      "type": "Feature",
      "properties": {
        "index": 762,
        "x_svg": 7407.0,
        "y_svg": 494.0
      },
      "geometry": {
        "type": "Point",
        "coordinates": [
          108.962907,
          34.278227
        ]
      }
    },
    {
      "type": "Feature",
      "properties": {
        "index": 763,
        "x_svg": 7441.0,
        "y_svg": 494.0
      },
      "geometry": {
        "type": "Point",
        "coordinates": [
          108.963273,
          34.278227
        ]
      }
    },
    {
      "type": "Feature",
      "properties": {
        "index": 764,
        "x_svg": 7475.0,
        "y_svg": 494.0
      },
      "geometry": {
        "type": "Point",
        "coordinates": [
          108.963639,
          34.278227
        ]
      }
    },
    {
      "type": "Feature",
      "properties": {
        "index": 765,
        "x_svg": 8535.0,
        "y_svg": 494.0
      },
      "geometry": {
        "type": "Point",
        "coordinates": [
          108.975063,
          34.278227
        ]
      }
    },
    {
      "type": "Feature",
      "properties": {
        "index": 766,
        "x_svg": 8569.0,
        "y_svg": 494.0
      },
      "geometry": {
        "type": "Point",
        "coordinates": [
          108.97543,
          34.278227
        ]
      }
    },
    {
      "type": "Feature",
      "properties": {
        "index": 767,
        "x_svg": 8005.0,
        "y_svg": 788.0
      },
      "geometry": {
        "type": "Point",
        "coordinates": [
          108.969351,
          34.27563
        ]
      }
    },
    {
      "type": "Feature",
      "properties": {
        "index": 768,
        "x_svg": 8005.0,
        "y_svg": 826.0
      },
      "geometry": {
        "type": "Point",
        "coordinates": [
          108.969351,
          34.275294
        ]
      }
    },
    {
      "type": "Feature",
      "properties": {
        "index": 769,
        "x_svg": 8005.0,
        "y_svg": 200.0
      },
      "geometry": {
        "type": "Point",
        "coordinates": [
          108.969351,
          34.280824
        ]
      }
    },
    {
      "type": "Feature",
      "properties": {
        "index": 770,
        "x_svg": 8005.0,
        "y_svg": 170.0
      },
      "geometry": {
        "type": "Point",
        "coordinates": [
          108.969351,
          34.281089
        ]
      }
    },
    {
      "type": "Feature",
      "properties": {
        "index": 771,
        "x_svg": 8603.0,
        "y_svg": 494.0
      },
      "geometry": {
        "type": "Point",
        "coordinates": [
          108.975796,
          34.278227
        ]
      }
    },
    {
      "type": "Feature",
      "properties": {
        "index": 772,
        "x_svg": 9051.5,
        "y_svg": 494.0
      },
      "geometry": {
        "type": "Point",
        "coordinates": [
          108.98063,
          34.278227
        ]
      }
    },
    {
      "type": "Feature",
      "properties": {
        "index": 773,
        "x_svg": 8827.25,
        "y_svg": 788.0
      },
      "geometry": {
        "type": "Point",
        "coordinates": [
          108.978213,
          34.27563
        ]
      }
    },
    {
      "type": "Feature",
      "properties": {
        "index": 774,
        "x_svg": 8827.25,
        "y_svg": 826.0
      },
      "geometry": {
        "type": "Point",
        "coordinates": [
          108.978213,
          34.275294
        ]
      }
    },
    {
      "type": "Feature",
      "properties": {
        "index": 775,
        "x_svg": 8827.25,
        "y_svg": 200.0
      },
      "geometry": {
        "type": "Point",
        "coordinates": [
          108.978213,
          34.280824
        ]
      }
    },
    {
      "type": "Feature",
      "properties": {
        "index": 776,
        "x_svg": 8827.25,
        "y_svg": 170.0
      },
      "geometry": {
        "type": "Point",
        "coordinates": [
          108.978213,
          34.281089
        ]
      }
    },
    {
      "type": "Feature",
      "properties": {
        "index": 777,
        "x_svg": 9718.0,
        "y_svg": 494.0
      },
      "geometry": {
        "type": "Point",
        "coordinates": [
          108.987813,
          34.278227
        ]
      }
    },
    {
      "type": "Feature",
      "properties": {
        "index": 778,
        "x_svg": 9748.0,
        "y_svg": 494.0
      },
      "geometry": {
        "type": "Point",
        "coordinates": [
          108.988136,
          34.278227
        ]
      }
    },
    {
      "type": "Feature",
      "properties": {
        "index": 779,
        "x_svg": 9384.75,
        "y_svg": 788.0
      },
      "geometry": {
        "type": "Point",
        "coordinates": [
          108.984221,
          34.27563
        ]
      }
    },
    {
      "type": "Feature",
      "properties": {
        "index": 780,
        "x_svg": 9384.75,
        "y_svg": 826.0
      },
      "geometry": {
        "type": "Point",
        "coordinates": [
          108.984221,
          34.275294
        ]
      }
    },
    {
      "type": "Feature",
      "properties": {
        "index": 781,
        "x_svg": 9384.75,
        "y_svg": 200.0
      },
      "geometry": {
        "type": "Point",
        "coordinates": [
          108.984221,
          34.280824
        ]
      }
    },
    {
      "type": "Feature",
      "properties": {
        "index": 782,
        "x_svg": 9384.75,
        "y_svg": 170.0
      },
      "geometry": {
        "type": "Point",
        "coordinates": [
          108.984221,
          34.281089
        ]
      }
    },
    {
      "type": "Feature",
      "properties": {
        "index": 783,
        "x_svg": 6385.0,
        "y_svg": 1158.0
      },
      "geometry": {
        "type": "Point",
        "coordinates": [
          108.951892,
          34.272361
        ]
      }
    },
    {
      "type": "Feature",
      "properties": {
        "index": 784,
        "x_svg": 6318.0,
        "y_svg": 1158.0
      },
      "geometry": {
        "type": "Point",
        "coordinates": [
          108.95117,
          34.272361
        ]
      }
    },
    {
      "type": "Feature",
      "properties": {
        "index": 785,
        "x_svg": 7056.5,
        "y_svg": 1158.0
      },
      "geometry": {
        "type": "Point",
        "coordinates": [
          108.959129,
          34.272361
        ]
      }
    },
    {
      "type": "Feature",
      "properties": {
        "index": 786,
        "x_svg": 7102.5,
        "y_svg": 1158.0
      },
      "geometry": {
        "type": "Point",
        "coordinates": [
          108.959625,
          34.272361
        ]
      }
    },
    {
      "type": "Feature",
      "properties": {
        "index": 787,
        "x_svg": 7148.5,
        "y_svg": 1158.0
      },
      "geometry": {
        "type": "Point",
        "coordinates": [
          108.960121,
          34.272361
        ]
      }
    },
    {
      "type": "Feature",
      "properties": {
        "index": 788,
        "x_svg": 7407.0,
        "y_svg": 1158.0
      },
      "geometry": {
        "type": "Point",
        "coordinates": [
          108.962907,
          34.272361
        ]
      }
    },
    {
      "type": "Feature",
      "properties": {
        "index": 789,
        "x_svg": 7441.0,
        "y_svg": 1158.0
      },
      "geometry": {
        "type": "Point",
        "coordinates": [
          108.963273,
          34.272361
        ]
      }
    },
    {
      "type": "Feature",
      "properties": {
        "index": 790,
        "x_svg": 7475.0,
        "y_svg": 1158.0
      },
      "geometry": {
        "type": "Point",
        "coordinates": [
          108.963639,
          34.272361
        ]
      }
    },
    {
      "type": "Feature",
      "properties": {
        "index": 791,
        "x_svg": 8535.0,
        "y_svg": 1158.0
      },
      "geometry": {
        "type": "Point",
        "coordinates": [
          108.975063,
          34.272361
        ]
      }
    },
    {
      "type": "Feature",
      "properties": {
        "index": 792,
        "x_svg": 8569.0,
        "y_svg": 1158.0
      },
      "geometry": {
        "type": "Point",
        "coordinates": [
          108.97543,
          34.272361
        ]
      }
    },
    {
      "type": "Feature",
      "properties": {
        "index": 793,
        "x_svg": 8005.0,
        "y_svg": 1452.0
      },
      "geometry": {
        "type": "Point",
        "coordinates": [
          108.969351,
          34.269764
        ]
      }
    },
    {
      "type": "Feature",
      "properties": {
        "index": 794,
        "x_svg": 8005.0,
        "y_svg": 1528.0
      },
      "geometry": {
        "type": "Point",
        "coordinates": [
          108.969351,
          34.269093
        ]
      }
    },
    {
      "type": "Feature",
      "properties": {
        "index": 795,
        "x_svg": 8005.0,
        "y_svg": 864.0
      },
      "geometry": {
        "type": "Point",
        "coordinates": [
          108.969351,
          34.274958
        ]
      }
    },
    {
      "type": "Feature",
      "properties": {
        "index": 796,
        "x_svg": 8603.0,
        "y_svg": 1158.0
      },
      "geometry": {
        "type": "Point",
        "coordinates": [
          108.975796,
          34.272361
        ]
      }
    },
    {
      "type": "Feature",
      "properties": {
        "index": 797,
        "x_svg": 9718.0,
        "y_svg": 1158.0
      },
      "geometry": {
        "type": "Point",
        "coordinates": [
          108.987813,
          34.272361
        ]
      }
    },
    {
      "type": "Feature",
      "properties": {
        "index": 798,
        "x_svg": 9748.0,
        "y_svg": 1158.0
      },
      "geometry": {
        "type": "Point",
        "coordinates": [
          108.988136,
          34.272361
        ]
      }
    },
    {
      "type": "Feature",
      "properties": {
        "index": 799,
        "x_svg": 9160.5,
        "y_svg": 1452.0
      },
      "geometry": {
        "type": "Point",
        "coordinates": [
          108.981804,
          34.269764
        ]
      }
    },
    {
      "type": "Feature",
      "properties": {
        "index": 800,
        "x_svg": 9160.5,
        "y_svg": 1528.0
      },
      "geometry": {
        "type": "Point",
        "coordinates": [
          108.981804,
          34.269093
        ]
      }
    },
    {
      "type": "Feature",
      "properties": {
        "index": 801,
        "x_svg": 9160.5,
        "y_svg": 864.0
      },
      "geometry": {
        "type": "Point",
        "coordinates": [
          108.981804,
          34.274958
        ]
      }
    },
    {
      "type": "Feature",
      "properties": {
        "index": 802,
        "x_svg": 9160.5,
        "y_svg": 826.0
      },
      "geometry": {
        "type": "Point",
        "coordinates": [
          108.981804,
          34.275294
        ]
      }
    },
    {
      "type": "Feature",
      "properties": {
        "index": 803,
        "x_svg": 6385.0,
        "y_svg": 1981.5
      },
      "geometry": {
        "type": "Point",
        "coordinates": [
          108.951892,
          34.265086
        ]
      }
    },
    {
      "type": "Feature",
      "properties": {
        "index": 804,
        "x_svg": 6318.0,
        "y_svg": 1981.5
      },
      "geometry": {
        "type": "Point",
        "coordinates": [
          108.95117,
          34.265086
        ]
      }
    },
    {
      "type": "Feature",
      "properties": {
        "index": 805,
        "x_svg": 7407.0,
        "y_svg": 1981.5
      },
      "geometry": {
        "type": "Point",
        "coordinates": [
          108.962907,
          34.265086
        ]
      }
    },
    {
      "type": "Feature",
      "properties": {
        "index": 806,
        "x_svg": 7441.0,
        "y_svg": 1981.5
      },
      "geometry": {
        "type": "Point",
        "coordinates": [
          108.963273,
          34.265086
        ]
      }
    },
    {
      "type": "Feature",
      "properties": {
        "index": 807,
        "x_svg": 6896.0,
        "y_svg": 2359.0
      },
      "geometry": {
        "type": "Point",
        "coordinates": [
          108.957399,
          34.261752
        ]
      }
    },
    {
      "type": "Feature",
      "properties": {
        "index": 808,
        "x_svg": 6896.0,
        "y_svg": 2397.0
      },
      "geometry": {
        "type": "Point",
        "coordinates": [
          108.957399,
          34.261416
        ]
      }
    },
    {
      "type": "Feature",
      "properties": {
        "index": 809,
        "x_svg": 6896.0,
        "y_svg": 1604.0
      },
      "geometry": {
        "type": "Point",
        "coordinates": [
          108.957399,
          34.268421
        ]
      }
    },
    {
      "type": "Feature",
      "properties": {
        "index": 810,
        "x_svg": 6896.0,
        "y_svg": 1528.0
      },
      "geometry": {
        "type": "Point",
        "coordinates": [
          108.957399,
          34.269093
        ]
      }
    },
    {
      "type": "Feature",
      "properties": {
        "index": 811,
        "x_svg": 7475.0,
        "y_svg": 1981.5
      },
      "geometry": {
        "type": "Point",
        "coordinates": [
          108.963639,
          34.265086
        ]
      }
    },
    {
      "type": "Feature",
      "properties": {
        "index": 812,
        "x_svg": 8535.0,
        "y_svg": 1981.5
      },
      "geometry": {
        "type": "Point",
        "coordinates": [
          108.975063,
          34.265086
        ]
      }
    },
    {
      "type": "Feature",
      "properties": {
        "index": 813,
        "x_svg": 8569.0,
        "y_svg": 1981.5
      },
      "geometry": {
        "type": "Point",
        "coordinates": [
          108.97543,
          34.265086
        ]
      }
    },
    {
      "type": "Feature",
      "properties": {
        "index": 814,
        "x_svg": 8005.0,
        "y_svg": 2359.0
      },
      "geometry": {
        "type": "Point",
        "coordinates": [
          108.969351,
          34.261752
        ]
      }
    },
    {
      "type": "Feature",
      "properties": {
        "index": 815,
        "x_svg": 8005.0,
        "y_svg": 2397.0
      },
      "geometry": {
        "type": "Point",
        "coordinates": [
          108.969351,
          34.261416
        ]
      }
    },
    {
      "type": "Feature",
      "properties": {
        "index": 816,
        "x_svg": 8005.0,
        "y_svg": 1604.0
      },
      "geometry": {
        "type": "Point",
        "coordinates": [
          108.969351,
          34.268421
        ]
      }
    },
    {
      "type": "Feature",
      "properties": {
        "index": 817,
        "x_svg": 8603.0,
        "y_svg": 1861.5
      },
      "geometry": {
        "type": "Point",
        "coordinates": [
          108.975796,
          34.266146
        ]
      }
    },
    {
      "type": "Feature",
      "properties": {
        "index": 818,
        "x_svg": 8569.0,
        "y_svg": 1861.5
      },
      "geometry": {
        "type": "Point",
        "coordinates": [
          108.97543,
          34.266146
        ]
      }
    },
    {
      "type": "Feature",
      "properties": {
        "index": 819,
        "x_svg": 9718.0,
        "y_svg": 1861.5
      },
      "geometry": {
        "type": "Point",
        "coordinates": [
          108.987813,
          34.266146
        ]
      }
    },
    {
      "type": "Feature",
      "properties": {
        "index": 820,
        "x_svg": 9748.0,
        "y_svg": 1861.5
      },
      "geometry": {
        "type": "Point",
        "coordinates": [
          108.988136,
          34.266146
        ]
      }
    },
    {
      "type": "Feature",
      "properties": {
        "index": 821,
        "x_svg": 9160.5,
        "y_svg": 2119.0
      },
      "geometry": {
        "type": "Point",
        "coordinates": [
          108.981804,
          34.263872
        ]
      }
    },
    {
      "type": "Feature",
      "properties": {
        "index": 822,
        "x_svg": 9160.5,
        "y_svg": 2146.0
      },
      "geometry": {
        "type": "Point",
        "coordinates": [
          108.981804,
          34.263633
        ]
      }
    },
    {
      "type": "Feature",
      "properties": {
        "index": 823,
        "x_svg": 9160.5,
        "y_svg": 1604.0
      },
      "geometry": {
        "type": "Point",
        "coordinates": [
          108.981804,
          34.268421
        ]
      }
    },
    {
      "type": "Feature",
      "properties": {
        "index": 824,
        "x_svg": 6385.0,
        "y_svg": 2854.0
      },
      "geometry": {
        "type": "Point",
        "coordinates": [
          108.951892,
          34.257379
        ]
      }
    },
    {
      "type": "Feature",
      "properties": {
        "index": 825,
        "x_svg": 6318.0,
        "y_svg": 2854.0
      },
      "geometry": {
        "type": "Point",
        "coordinates": [
          108.95117,
          34.257379
        ]
      }
    },
    {
      "type": "Feature",
      "properties": {
        "index": 826,
        "x_svg": 7407.0,
        "y_svg": 2854.0
      },
      "geometry": {
        "type": "Point",
        "coordinates": [
          108.962907,
          34.257379
        ]
      }
    },
    {
      "type": "Feature",
      "properties": {
        "index": 827,
        "x_svg": 7441.0,
        "y_svg": 2854.0
      },
      "geometry": {
        "type": "Point",
        "coordinates": [
          108.963273,
          34.257379
        ]
      }
    },
    {
      "type": "Feature",
      "properties": {
        "index": 828,
        "x_svg": 6896.0,
        "y_svg": 3273.0
      },
      "geometry": {
        "type": "Point",
        "coordinates": [
          108.957399,
          34.253677
        ]
      }
    },
    {
      "type": "Feature",
      "properties": {
        "index": 829,
        "x_svg": 6896.0,
        "y_svg": 2435.0
      },
      "geometry": {
        "type": "Point",
        "coordinates": [
          108.957399,
          34.26108
        ]
      }
    },
    {
      "type": "Feature",
      "properties": {
        "index": 830,
        "x_svg": 7475.0,
        "y_svg": 2854.0
      },
      "geometry": {
        "type": "Point",
        "coordinates": [
          108.963639,
          34.257379
        ]
      }
    },
    {
      "type": "Feature",
      "properties": {
        "index": 831,
        "x_svg": 8487.0,
        "y_svg": 2854.0
      },
      "geometry": {
        "type": "Point",
        "coordinates": [
          108.974546,
          34.257379
        ]
      }
    },
    {
      "type": "Feature",
      "properties": {
        "index": 832,
        "x_svg": 8545.0,
        "y_svg": 2854.0
      },
      "geometry": {
        "type": "Point",
        "coordinates": [
          108.975171,
          34.257379
        ]
      }
    },
    {
      "type": "Feature",
      "properties": {
        "index": 833,
        "x_svg": 7981.0,
        "y_svg": 3273.0
      },
      "geometry": {
        "type": "Point",
        "coordinates": [
          108.969093,
          34.253677
        ]
      }
    },
    {
      "type": "Feature",
      "properties": {
        "index": 834,
        "x_svg": 7981.0,
        "y_svg": 3333.0
      },
      "geometry": {
        "type": "Point",
        "coordinates": [
          108.969093,
          34.253147
        ]
      }
    },
    {
      "type": "Feature",
      "properties": {
        "index": 835,
        "x_svg": 7981.0,
        "y_svg": 2435.0
      },
      "geometry": {
        "type": "Point",
        "coordinates": [
          108.969093,
          34.26108
        ]
      }
    },
    {
      "type": "Feature",
      "properties": {
        "index": 836,
        "x_svg": 7981.0,
        "y_svg": 2397.0
      },
      "geometry": {
        "type": "Point",
        "coordinates": [
          108.969093,
          34.261416
        ]
      }
    },
    {
      "type": "Feature",
      "properties": {
        "index": 837,
        "x_svg": 1193.0,
        "y_svg": 0.0
      },
      "geometry": {
        "type": "Point",
        "coordinates": [
          108.895938,
          34.282591
        ]
      }
    },
    {
      "type": "Feature",
      "properties": {
        "index": 838,
        "x_svg": 2303.5,
        "y_svg": 0.0
      },
      "geometry": {
        "type": "Point",
        "coordinates": [
          108.907906,
          34.282591
        ]
      }
    },
    {
      "type": "Feature",
      "properties": {
        "index": 839,
        "x_svg": 3409.0,
        "y_svg": 0.0
      },
      "geometry": {
        "type": "Point",
        "coordinates": [
          108.91982,
          34.282591
        ]
      }
    },
    {
      "type": "Feature",
      "properties": {
        "index": 840,
        "x_svg": 6318.0,
        "y_svg": 0.0
      },
      "geometry": {
        "type": "Point",
        "coordinates": [
          108.95117,
          34.282591
        ]
      }
    },
    {
      "type": "Feature",
      "properties": {
        "index": 841,
        "x_svg": 7102.5,
        "y_svg": 0.0
      },
      "geometry": {
        "type": "Point",
        "coordinates": [
          108.959625,
          34.282591
        ]
      }
    },
    {
      "type": "Feature",
      "properties": {
        "index": 842,
        "x_svg": 8603.0,
        "y_svg": 2640.0
      },
      "geometry": {
        "type": "Point",
        "coordinates": [
          108.975796,
          34.259269
        ]
      }
    },
    {
      "type": "Feature",
      "properties": {
        "index": 843,
        "x_svg": 8545.0,
        "y_svg": 2640.0
      },
      "geometry": {
        "type": "Point",
        "coordinates": [
          108.975171,
          34.259269
        ]
      }
    },
    {
      "type": "Feature",
      "properties": {
        "index": 844,
        "x_svg": 8603.0,
        "y_svg": 3045.0
      },
      "geometry": {
        "type": "Point",
        "coordinates": [
          108.975796,
          34.255691
        ]
      }
    },
    {
      "type": "Feature",
      "properties": {
        "index": 845,
        "x_svg": 8545.0,
        "y_svg": 3045.0
      },
      "geometry": {
        "type": "Point",
        "coordinates": [
          108.975171,
          34.255691
        ]
      }
    },
    {
      "type": "Feature",
      "properties": {
        "index": 846,
        "x_svg": 4844.5,
        "y_svg": 1452.0
      },
      "geometry": {
        "type": "Point",
        "coordinates": [
          108.93529,
          34.269764
        ]
      }
    },
    {
      "type": "Feature",
      "properties": {
        "index": 847,
        "x_svg": 4844.5,
        "y_svg": 1101.4
      },
      "geometry": {
        "type": "Point",
        "coordinates": [
          108.93529,
          34.272861
        ]
      }
    },
    {
      "type": "Feature",
      "properties": {
        "index": 848,
        "x_svg": 4844.5,
        "y_svg": 763.4
      },
      "geometry": {
        "type": "Point",
        "coordinates": [
          108.93529,
          34.275847
        ]
      }
    },
    {
      "type": "Feature",
      "properties": {
        "index": 849,
        "x_svg": 4844.5,
        "y_svg": 200.0
      },
      "geometry": {
        "type": "Point",
        "coordinates": [
          108.93529,
          34.280824
        ]
      }
    },
    {
      "type": "Feature",
      "properties": {
        "index": 850,
        "x_svg": 4844.5,
        "y_svg": 170.0
      },
      "geometry": {
        "type": "Point",
        "coordinates": [
          108.93529,
          34.281089
        ]
      }
    },
    {
      "type": "Feature",
      "properties": {
        "index": 851,
        "x_svg": 6842.5,
        "y_svg": 0.0
      },
      "geometry": {
        "type": "Point",
        "coordinates": [
          108.956823,
          34.282591
        ]
      }
    },
    {
      "type": "Feature",
      "properties": {
        "index": 852,
        "x_svg": 7362.5,
        "y_svg": 0.0
      },
      "geometry": {
        "type": "Point",
        "coordinates": [
          108.962427,
          34.282591
        ]
      }
    },
    {
      "type": "Feature",
      "properties": {
        "index": 853,
        "x_svg": 7102.5,
        "y_svg": -690.0
      },
      "geometry": {
        "type": "Point",
        "coordinates": [
          108.959625,
          34.288686
        ]
      }
    },
    {
      "type": "Feature",
      "properties": {
        "index": 854,
        "x_svg": 7812.5,
        "y_svg": -410.0
      },
      "geometry": {
        "type": "Point",
        "coordinates": [
          108.967277,
          34.286213
        ]
      }
    },
    {
      "type": "Feature",
      "properties": {
        "index": 855,
        "x_svg": 6392.5,
        "y_svg": -410.0
      },
      "geometry": {
        "type": "Point",
        "coordinates": [
          108.951973,
          34.286213
        ]
      }
    }
  ]
}