{
  "type": "FeatureCollection",
  "features": [
    {
      "type": "Feature",
      "properties": {
        "layer": "道路"
      },
      "geometry": {
        "type": "Polygon",
        "coordinates": [
          [
            [
              108.890019,
              34.282442
            ],
            [
              108.891688,
              34.282442
            ],
            [
              108.891688,
              34.205707
            ],
            [
              108.890019,
              34.205707
            ],
            [
              108.890019,
              34.282442
            ]
          ]
        ]
      }
    },
    {
      "type": "Feature",
      "properties": {
        "layer": "道路"
      },
      "geometry": {
        "type": "Polygon",
        "coordinates": [
          [
            [
              108.87639,
              34.282653
            ],
            [
              108.878337,
              34.282653
            ],
            [
              108.878337,
              34.205179
            ],
            [
              108.87639,
              34.205179
            ],
            [
              108.87639,
              34.282653
            ]
          ]
        ]
      }
    },
    {
      "type": "Feature",
      "properties": {
        "layer": "道路"
      },
      "geometry": {
        "type": "Polygon",
        "coordinates": [
          [
            [
              108.878337,
              34.275677
            ],
            [
              108.915886,
              34.275677
            ],
            [
              108.915886,
              34.274937
            ],
            [
              108.878337,
              34.274937
            ],
            [
              108.878337,
              34.275677
            ]
          ]
        ]
      }
    },
    {
      "type": "Feature",
      "properties": {
        "layer": "道路"
      },
      "geometry": {
        "type": "Polygon",
        "coordinates": [
          [
            [
              108.87639,
              34.282653
            ],
            [
              108.917555,
              34.282653
            ],
            [
              108.917555,
              34.281596
            ],
            [
              108.87639,
              34.281596
            ],
            [
              108.87639,
              34.282653
            ]
          ]
        ]
      }
    },
    {
      "type": "Feature",
      "properties": {
        "layer": "道路"
      },
      "geometry": {
        "type": "Polygon",
        "coordinates": [
          [
            [
              108.87639,
              34.205707
            ],
            [
              108.974852,
              34.205707
            ],
            [
              108.974852,
              34.205179
            ],
            [
              108.87639,
              34.205179
            ],
            [
              108.87639,
              34.205707
            ]
          ]
        ]
      }
    },
    {
      "type": "Feature",
      "properties": {
        "layer": "道路"
      },
      "geometry": {
        "type": "Polygon",
        "coordinates": [
          [
            [
              108.876807,
              34.269758
            ],
            [
              108.917555,
              34.269758
            ],
            [
              108.917555,
              34.268701
            ],
            [
              108.876807,
              34.268701
            ],
            [
              108.876807,
              34.269758
            ]
          ]
        ]
      }
    },
    {
      "type": "Feature",
      "properties": {
        "layer": "道路"
      },
      "geometry": {
        "type": "Polygon",
        "coordinates": [
          [
            [
              108.878337,
              34.260774
            ],
            [
              108.917555,
              34.260774
            ],
            [
              108.917555,
              34.260034
            ],
            [
              108.878337,
              34.260034
            ],
            [
              108.878337,
              34.260774
            ]
          ]
        ]
      }
    },
    {
      "type": "Feature",
      "properties": {
        "layer": "道路"
      },
      "geometry": {
        "type": "Polygon",
        "coordinates": [
          [
            [
              108.876807,
              34.252741
            ],
            [
              108.990984,
              34.252741
            ],
            [
              108.990984,
              34.251684
            ],
            [
              108.876807,
              34.251684
            ],
            [
              108.876807,
              34.252741
            ]
          ]
        ]
      }
    },
    {
      "type": "Feature",
      "properties": {
        "layer": "道路"
      },
      "geometry": {
        "type": "Polygon",
        "coordinates": [
          [
            [
              108.950654,
              34.269758
            ],
            [
              108.990984,
              34.269758
            ],
            [
              108.990984,
              34.268701
            ],
            [
              108.950654,
              34.268701
            ],
            [
              108.950654,
              34.269758
            ]
          ]
        ]
      }
    },
    {
      "type": "Feature",
      "properties": {
        "layer": "道路"
      },
      "geometry": {
        "type": "Polygon",
        "coordinates": [
          [
            [
              108.950654,
              34.260774
            ],
            [
              108.976521,
              34.260774
            ],
            [
              108.976521,
              34.260034
            ],
            [
              108.950654,
              34.260034
            ],
            [
              108.950654,
              34.260774
            ]
          ]
        ]
      }
    },
    {
      "type": "Feature",
      "properties": {
        "layer": "道路"
      },
      "geometry": {
        "type": "Polygon",
        "coordinates": [
          [
            [
              108.950654,
              34.275994
            ],
            [
              108.990428,
              34.275994
            ],
            [
              108.990428,
              34.275254
            ],
            [
              108.950654,
              34.275254
            ],
            [
              108.950654,
              34.275994
            ]
          ]
        ]
      }
    },
    {
      "type": "Feature",
      "properties": {
        "layer": "道路"
      },
      "geometry": {
        "type": "Polygon",
        "coordinates": [
          [
            [
              108.950654,
              34.282653
            ],
            [
              108.991541,
              34.282653
            ],
            [
              108.991541,
              34.281596
            ],
            [
              108.950654,
              34.281596
            ],
            [
              108.950654,
              34.282653
            ]
          ]
        ]
      }
    },
    {
      "type": "Feature",
      "properties": {
        "layer": "道路"
      },
      "geometry": {
        "type": "Polygon",
        "coordinates": [
          [
            [
              108.977773,
              34.2631
            ],
            [
              108.990428,
              34.2631
            ],
            [
              108.990428,
              34.26236
            ],
            [
              108.977773,
              34.26236
            ],
            [
              108.977773,
              34.2631
            ]
          ]
        ]
      }
    },
    {
      "type": "Feature",
      "properties": {
        "layer": "道路"
      },
      "geometry": {
        "type": "Polygon",
        "coordinates": [
          [
            [
              108.977773,
              34.246928
            ],
            [
              108.990428,
              34.246928
            ],
            [
              108.990428,
              34.246188
            ],
            [
              108.977773,
              34.246188
            ],
            [
              108.977773,
              34.246928
            ]
          ]
        ]
      }
    },
    {
      "type": "Feature",
      "properties": {
        "layer": "道路"
      },
      "geometry": {
        "type": "Polygon",
        "coordinates": [
          [
            [
              108.878337,
              34.242066
            ],
            [
              108.990428,
              34.242066
            ],
            [
              108.990428,
              34.241326
            ],
            [
              108.878337,
              34.241326
            ],
            [
              108.878337,
              34.242066
            ]
          ]
        ]
      }
    },
    {
      "type": "Feature",
      "properties": {
        "layer": "道路"
      },
      "geometry": {
        "type": "Polygon",
        "coordinates": [
          [
            [
              108.878337,
              34.23657
            ],
            [
              108.990428,
              34.23657
            ],
            [
              108.990428,
              34.23583
            ],
            [
              108.878337,
              34.23583
            ],
            [
              108.878337,
              34.23657
            ]
          ]
        ]
      }
    },
    {
      "type": "Feature",
      "properties": {
        "layer": "道路"
      },
      "geometry": {
        "type": "Polygon",
        "coordinates": [
          [
            [
              108.876807,
              34.231497
            ],
            [
              108.990845,
              34.231497
            ],
            [
              108.990845,
              34.23044
            ],
            [
              108.876807,
              34.23044
            ],
            [
              108.876807,
              34.231497
            ]
          ]
        ]
      }
    },
    {
      "type": "Feature",
      "properties": {
        "layer": "道路"
      },
      "geometry": {
        "type": "Polygon",
        "coordinates": [
          [
            [
              108.878337,
              34.226001
            ],
            [
              108.990428,
              34.226001
            ],
            [
              108.990428,
              34.225261
            ],
            [
              108.878337,
              34.225261
            ],
            [
              108.878337,
              34.226001
            ]
          ]
        ]
      }
    },
    {
      "type": "Feature",
      "properties": {
        "layer": "道路"
      },
      "geometry": {
        "type": "Polygon",
        "coordinates": [
          [
            [
              108.878337,
              34.22135
            ],
            [
              108.990428,
              34.22135
            ],
            [
              108.990428,
              34.220716
            ],
            [
              108.878337,
              34.220716
            ],
            [
              108.878337,
              34.22135
            ]
          ]
        ]
      }
    },
    {
      "type": "Feature",
      "properties": {
        "layer": "道路"
      },
      "geometry": {
        "type": "Polygon",
        "coordinates": [
          [
            [
              108.878337,
              34.21596
            ],
            [
              108.990428,
              34.21596
            ],
            [
              108.990428,
              34.21522
            ],
            [
              108.878337,
              34.21522
            ],
            [
              108.878337,
              34.21596
            ]
          ]
        ]
      }
    },
    {
      "type": "Feature",
      "properties": {
        "layer": "道路"
      },
      "geometry": {
        "type": "Polygon",
        "coordinates": [
          [
            [
              108.878337,
              34.211309
            ],
            [
              108.990428,
              34.211309
            ],
            [
              108.990428,
              34.210569
            ],
            [
              108.878337,
              34.210569
            ],
            [
              108.878337,
              34.211309
            ]
          ]
        ]
      }
    },
    {
      "type": "Feature",
      "properties": {
        "layer": "道路"
      },
      "geometry": {
        "type": "Polygon",
        "coordinates": [
          [
            [
              108.878337,
              34.246823
            ],
            [
              108.890019,
              34.246823
            ],
            [
              108.890019,
              34.246393
            ],
            [
              108.878337,
              34.246393
            ],
            [
              108.878337,
              34.246823
            ]
          ]
        ]
      }
    },
    {
      "type": "Feature",
      "properties": {
        "layer": "道路"
      },
      "geometry": {
        "type": "Polygon",
        "coordinates": [
          [
            [
              108.904343,
              34.246928
            ],
            [
              108.915886,
              34.246928
            ],
            [
              108.915886,
              34.246392
            ],
            [
              108.904343,
              34.246392
            ],
            [
              108.904343,
              34.246928
            ]
          ]
        ]
      }
    },
    {
      "type": "Feature",
      "properties": {
        "layer": "道路"
      },
      "geometry": {
        "type": "Polygon",
        "coordinates": [
          [
            [
              108.917555,
              34.246928
            ],
            [
              108.963309,
              34.246928
            ],
            [
              108.963309,
              34.246505
            ],
            [
              108.917555,
              34.246505
            ],
            [
              108.917555,
              34.246928
            ]
          ]
        ]
      }
    },
    {
      "type": "Feature",
      "properties": {
        "layer": "道路"
      },
      "geometry": {
        "type": "Polygon",
        "coordinates": [
          [
            [
              108.90337,
              34.282442
            ],
            [
              108.904343,
              34.282442
            ],
            [
              108.904343,
              34.205707
            ],
            [
              108.90337,
              34.205707
            ],
            [
              108.90337,
              34.282442
            ]
          ]
        ]
      }
    },
    {
      "type": "Feature",
      "properties": {
        "layer": "道路"
      },
      "geometry": {
        "type": "Polygon",
        "coordinates": [
          [
            [
              108.915886,
              34.282442
            ],
            [
              108.917555,
              34.282442
            ],
            [
              108.917555,
              34.205495
            ],
            [
              108.915886,
              34.205495
            ],
            [
              108.915886,
              34.282442
            ]
          ]
        ]
      }
    },
    {
      "type": "Feature",
      "properties": {
        "layer": "道路"
      },
      "geometry": {
        "type": "Polygon",
        "coordinates": [
          [
            [
              108.925482,
              34.251685
            ],
            [
              108.926455,
              34.251685
            ],
            [
              108.926455,
              34.205707
            ],
            [
              108.925482,
              34.205707
            ],
            [
              108.925482,
              34.251685
            ]
          ]
        ]
      }
    },
    {
      "type": "Feature",
      "properties": {
        "layer": "道路"
      },
      "geometry": {
        "type": "Polygon",
        "coordinates": [
          [
            [
              108.93327,
              34.251685
            ],
            [
              108.934661,
              34.251685
            ],
            [
              108.934661,
              34.205707
            ],
            [
              108.93327,
              34.205707
            ],
            [
              108.93327,
              34.251685
            ]
          ]
        ]
      }
    },
    {
      "type": "Feature",
      "properties": {
        "layer": "道路"
      },
      "geometry": {
        "type": "Polygon",
        "coordinates": [
          [
            [
              108.941475,
              34.25179
            ],
            [
              108.942449,
              34.25179
            ],
            [
              108.942449,
              34.205707
            ],
            [
              108.941475,
              34.205707
            ],
            [
              108.941475,
              34.25179
            ]
          ]
        ]
      }
    },
    {
      "type": "Feature",
      "properties": {
        "layer": "道路"
      },
      "geometry": {
        "type": "Polygon",
        "coordinates": [
          [
            [
              108.990428,
              34.282653
            ],
            [
              108.991541,
              34.282653
            ],
            [
              108.991541,
              34.200422
            ],
            [
              108.990428,
              34.200422
            ],
            [
              108.990428,
              34.282653
            ]
          ]
        ]
      }
    },
    {
      "type": "Feature",
      "properties": {
        "layer": "道路"
      },
      "geometry": {
        "type": "Polygon",
        "coordinates": [
          [
            [
              108.950654,
              34.281596
            ],
            [
              108.951627,
              34.281596
            ],
            [
              108.951627,
              34.205495
            ],
            [
              108.950654,
              34.205495
            ],
            [
              108.950654,
              34.281596
            ]
          ]
        ]
      }
    },
    {
      "type": "Feature",
      "properties": {
        "layer": "道路"
      },
      "geometry": {
        "type": "Polygon",
        "coordinates": [
          [
            [
              108.963309,
              34.281596
            ],
            [
              108.964839,
              34.281596
            ],
            [
              108.964839,
              34.205707
            ],
            [
              108.963309,
              34.205707
            ],
            [
              108.963309,
              34.281596
            ]
          ]
        ]
      }
    },
    {
      "type": "Feature",
      "properties": {
        "layer": "道路"
      },
      "geometry": {
        "type": "Polygon",
        "coordinates": [
          [
            [
              108.973322,
              34.210569
            ],
            [
              108.974852,
              34.210569
            ],
            [
              108.974852,
              34.205179
            ],
            [
              108.973322,
              34.205179
            ],
            [
              108.973322,
              34.210569
            ]
          ]
        ]
      }
    },
    {
      "type": "Feature",
      "properties": {
        "layer": "道路"
      },
      "geometry": {
        "type": "Polygon",
        "coordinates": [
          [
            [
              108.958859,
              34.281596
            ],
            [
              108.960389,
              34.281596
            ],
            [
              108.960389,
              34.269758
            ],
            [
              108.958859,
              34.269758
            ],
            [
              108.958859,
              34.281596
            ]
          ]
        ]
      }
    },
    {
      "type": "Feature",
      "properties": {
        "layer": "道路"
      },
      "geometry": {
        "type": "Polygon",
        "coordinates": [
          [
            [
              108.925482,
              34.25179
            ],
            [
              108.926455,
              34.25179
            ],
            [
              108.926455,
              34.205707
            ],
            [
              108.925482,
              34.205707
            ],
            [
              108.925482,
              34.25179
            ]
          ]
        ]
      }
    },
    {
      "type": "Feature",
      "properties": {
        "layer": "道路"
      },
      "geometry": {
        "type": "Polygon",
        "coordinates": [
          [
            [
              108.93327,
              34.252741
            ],
            [
              108.934661,
              34.252741
            ],
            [
              108.934661,
              34.205179
            ],
            [
              108.93327,
              34.205179
            ],
            [
              108.93327,
              34.252741
            ]
          ]
        ]
      }
    },
    {
      "type": "Feature",
      "properties": {
        "layer": "道路"
      },
      "geometry": {
        "type": "Polygon",
        "coordinates": [
          [
            [
              108.933414,
              34.239125
            ],
            [
              108.934638,
              34.239125
            ],
            [
              108.934638,
              34.239047
            ],
            [
              108.933414,
              34.239047
            ],
            [
              108.933414,
              34.239125
            ],
            [
              108.933635,
              34.239391
            ],
            [
              108.934531,
              34.239391
            ],
            [
              108.934531,
              34.239313
            ],
            [
              108.933635,
              34.239313
            ],
            [
              108.933635,
              34.239391
            ],
            [
              108.933969,
              34.23957
            ],
            [
              108.934079,
              34.23957
            ],
            [
              108.934079,
              34.238599
            ],
            [
              108.933969,
              34.238599
            ],
            [
              108.933969,
              34.23957
            ],
            [
              108.933684,
              34.239546
            ],
            [
              108.933791,
              34.239528
            ],
            [
              108.933788,
              34.239519
            ],
            [
              108.933784,
              34.239511
            ],
            [
              108.93378,
              34.239502
            ],
            [
              108.933777,
              34.239493
            ],
            [
              108.933773,
              34.239485
            ],
            [
              108.933769,
              34.239477
            ],
            [
              108.933765,
              34.239468
            ],
            [
              108.933761,
              34.23946
            ],
            [
              108.933756,
              34.239451
            ],
            [
              108.933752,
              34.239443
            ],
            [
              108.933748,
              34.239435
            ],
            [
              108.933743,
              34.239426
            ],
            [
              108.933739,
              34.239418
            ],
            [
              108.933734,
              34.23941
            ],
            [
              108.933729,
              34.239402
            ],
            [
              108.933725,
              34.239393
            ],
            [
              108.93372,
              34.239385
            ],
            [
              108.933715,
              34.239377
            ],
            [
              108.93371,
              34.23937
            ],
            [
              108.933705,
              34.239362
            ],
            [
              108.933699,
              34.239354
            ],
            [
              108.933694,
              34.239346
            ],
            [
              108.933689,
              34.239339
            ],
            [
              108.933684,
              34.239331
            ],
            [
              108.933678,
              34.239324
            ],
            [
              108.933673,
              34.239316
            ],
            [
              108.933668,
              34.239309
            ],
            [
              108.933662,
              34.239301
            ],
            [
              108.933657,
              34.239294
            ],
            [
              108.933651,
              34.239287
            ],
            [
              108.933645,
              34.23928
            ],
            [
              108.93364,
              34.239273
            ],
            [
              108.933634,
              34.239266
            ],
            [
              108.933628,
              34.239259
            ],
            [
              108.933623,
              34.239253
            ],
            [
              108.933617,
              34.239246
            ],
            [
              108.933612,
              34.23924
            ],
            [
              108.933606,
              34.239234
            ],
            [
              108.9336,
              34.239227
            ],
            [
              108.933594,
              34.239221
            ],
            [
              108.933589,
              34.239215
            ],
            [
              108.933583,
              34.239209
            ],
            [
              108.933577,
              34.239203
            ],
            [
              108.933571,
              34.239198
            ],
            [
              108.933566,
              34.239192
            ],
            [
              108.93356,
              34.239186
            ],
            [
              108.933554,
              34.239181
            ],
            [
              108.933548,
              34.239176
            ],
            [
              108.933546,
              34.239177
            ],
            [
              108.933545,
              34.239177
            ],
            [
              108.933543,
              34.239178
            ],
            [
              108.933542,
              34.239179
            ],
            [
              108.93354,
              34.23918
            ],
            [
              108.933539,
              34.239181
            ],
            [
              108.933537,
              34.239181
            ],
            [
              108.933535,
              34.239182
            ],
            [
              108.933533,
              34.239183
            ],
            [
              108.933531,
              34.239184
            ],
            [
              108.933529,
              34.239185
            ],
            [
              108.933527,
              34.239186
            ],
            [
              108.933525,
              34.239187
            ],
            [
              108.933523,
              34.239188
            ],
            [
              108.933521,
              34.239189
            ],
            [
              108.933519,
              34.239189
            ],
            [
              108.933516,
              34.23919
            ],
            [
              108.933514,
              34.239191
            ],
            [
              108.933512,
              34.239192
            ],
            [
              108.93351,
              34.239193
            ],
            [
              108.933507,
              34.239194
            ],
            [
              108.933505,
              34.239195
            ],
            [
              108.933503,
              34.239196
            ],
            [
              108.9335,
              34.239197
            ],
            [
              108.933498,
              34.239198
            ],
            [
              108.933496,
              34.239199
            ],
            [
              108.933493,
              34.2392
            ],
            [
              108.933491,
              34.239201
            ],
            [
              108.933488,
              34.239201
            ],
            [
              108.933486,
              34.239202
            ],
            [
              108.933484,
              34.239203
            ],
            [
              108.933481,
              34.239204
            ],
            [
              108.933479,
              34.239205
            ],
            [
              108.933477,
              34.239206
            ],
            [
              108.933474,
              34.239207
            ],
            [
              108.933472,
              34.239208
            ],
            [
              108.93347,
              34.239209
            ],
            [
              108.933468,
              34.239209
            ],
            [
              108.933466,
              34.23921
            ],
            [
              108.933464,
              34.239211
            ],
            [
              108.933462,
              34.239212
            ],
            [
              108.93346,
              34.239212
            ],
            [
              108.933458,
              34.239213
            ],
            [
              108.933456,
              34.239214
            ],
            [
              108.933454,
              34.239214
            ],
            [
              108.933452,
              34.239215
            ],
            [
              108.93345,
              34.239215
            ],
            [
              108.933448,
              34.239216
            ],
            [
              108.933454,
              34.239221
            ],
            [
              108.93346,
              34.239226
            ],
            [
              108.933467,
              34.239231
            ],
            [
              108.933473,
              34.239237
            ],
            [
              108.933479,
              34.239242
            ],
            [
              108.933485,
              34.239248
            ],
            [
              108.933491,
              34.239253
            ],
            [
              108.933497,
              34.239259
            ],
            [
              108.933503,
              34.239265
            ],
            [
              108.933509,
              34.239271
            ],
            [
              108.933515,
              34.239277
            ],
            [
              108.933521,
              34.239283
            ],
            [
              108.933527,
              34.239289
            ],
            [
              108.933532,
              34.239295
            ],
            [
              108.933538,
              34.239301
            ],
            [
              108.933544,
              34.239308
            ],
            [
              108.933549,
              34.239314
            ],
            [
              108.933555,
              34.239321
            ],
            [
              108.93356,
              34.239328
            ],
            [
              108.933565,
              34.239335
            ],
            [
              108.933571,
              34.239342
            ],
            [
              108.933576,
              34.239349
            ],
            [
              108.933581,
              34.239355
            ],
            [
              108.933586,
              34.239363
            ],
            [
              108.933591,
              34.23937
            ],
            [
              108.933596,
              34.239377
            ],
            [
              108.9336,
              34.239384
            ],
            [
              108.933605,
              34.239391
            ],
            [
              108.93361,
              34.239399
            ],
            [
              108.933614,
              34.239406
            ],
            [
              108.933619,
              34.239413
            ],
            [
              108.933623,
              34.239421
            ],
            [
              108.933627,
              34.239429
            ],
            [
              108.933632,
              34.239436
            ],
            [
              108.933636,
              34.239444
            ],
            [
              108.93364,
              34.239452
            ],
            [
              108.933644,
              34.239459
            ],
            [
              108.933649,
              34.239467
            ],
            [
              108.933652,
              34.239475
            ],
            [
              108.933656,
              34.239483
            ],
            [
              108.93366,
              34.239491
            ],
            [
              108.933664,
              34.239498
            ],
            [
              108.933667,
              34.239506
            ],
            [
              108.933671,
              34.239514
            ],
            [
              108.933674,
              34.239522
            ],
            [
              108.933678,
              34.23953
            ],
            [
              108.933681,
              34.239538
            ],
            [
              108.933684,
              34.239546
            ],
            [
              108.933941,
              34.239096
            ],
            [
              108.934028,
              34.239069
            ],
            [
              108.934022,
              34.239061
            ],
            [
              108.934015,
              34.239053
            ],
            [
              108.934009,
              34.239046
            ],
            [
              108.934002,
              34.239038
            ],
            [
              108.933996,
              34.23903
            ],
            [
              108.933989,
              34.239022
            ],
            [
              108.933982,
              34.239015
            ],
            [
              108.933975,
              34.239007
            ],
            [
              108.933968,
              34.238999
            ],
            [
              108.93396,
              34.238992
            ],
            [
              108.933953,
              34.238984
            ],
            [
              108.933945,
              34.238977
            ],
            [
              108.933938,
              34.238969
            ],
            [
              108.93393,
              34.238961
            ],
            [
              108.933922,
              34.238954
            ],
            [
              108.933914,
              34.238946
            ],
            [
              108.933905,
              34.238939
            ],
            [
              108.933897,
              34.238931
            ],
            [
              108.933889,
              34.238924
            ],
            [
              108.93388,
              34.238917
            ],
            [
              108.933872,
              34.238909
            ],
            [
              108.933863,
              34.238902
            ],
            [
              108.933854,
              34.238895
            ],
            [
              108.933846,
              34.238888
            ],
            [
              108.933837,
              34.238881
            ],
            [
              108.933828,
              34.238874
            ],
            [
              108.933819,
              34.238867
            ],
            [
              108.933809,
              34.23886
            ],
            [
              108.9338,
              34.238853
            ],
            [
              108.933791,
              34.238847
            ],
            [
              108.933781,
              34.23884
            ],
            [
              108.933772,
              34.238833
            ],
            [
              108.933762,
              34.238827
            ],
            [
              108.933753,
              34.23882
            ],
            [
              108.933743,
              34.238814
            ],
            [
              108.933734,
              34.238807
            ],
            [
              108.933724,
              34.238801
            ],
            [
              108.933715,
              34.238795
            ],
            [
              108.933705,
              34.238789
            ],
            [
              108.933695,
              34.238783
            ],
            [
              108.933686,
              34.238776
            ],
            [
              108.933676,
              34.238771
            ],
            [
              108.933666,
              34.238765
            ],
            [
              108.933656,
              34.238759
            ],
            [
              108.933646,
              34.238753
            ],
            [
              108.933636,
              34.238747
            ],
            [
              108.933626,
              34.238742
            ],
            [
              108.933616,
              34.238736
            ],
            [
              108.933606,
              34.238731
            ],
            [
              108.933596,
              34.238725
            ],
            [
              108.933586,
              34.23872
            ],
            [
              108.933576,
              34.238715
            ],
            [
              108.933566,
              34.23871
            ],
            [
              108.933556,
              34.238705
            ],
            [
              108.933546,
              34.2387
            ],
            [
              108.933536,
              34.238696
            ],
            [
              108.933526,
              34.238691
            ],
            [
              108.933516,
              34.238686
            ],
            [
              108.933506,
              34.238682
            ],
            [
              108.933496,
              34.238678
            ],
            [
              108.933486,
              34.238673
            ],
            [
              108.933476,
              34.238669
            ],
            [
              108.933466,
              34.238665
            ],
            [
              108.933456,
              34.238661
            ],
            [
              108.933455,
              34.238662
            ],
            [
              108.933454,
              34.238664
            ],
            [
              108.933453,
              34.238665
            ],
            [
              108.933452,
              34.238666
            ],
            [
              108.93345,
              34.238668
            ],
            [
              108.933449,
              34.238669
            ],
            [
              108.933448,
              34.238671
            ],
            [
              108.933446,
              34.238672
            ],
            [
              108.933445,
              34.238674
            ],
            [
              108.933443,
              34.238675
            ],
            [
              108.933442,
              34.238676
            ],
            [
              108.93344,
              34.238678
            ],
            [
              108.933439,
              34.23868
            ],
            [
              108.933437,
              34.238681
            ],
            [
              108.933436,
              34.238683
            ],
            [
              108.933434,
              34.238684
            ],
            [
              108.933432,
              34.238686
            ],
            [
              108.933431,
              34.238687
            ],
            [
              108.933429,
              34.238689
            ],
            [
              108.933427,
              34.23869
            ],
            [
              108.933426,
              34.238692
            ],
            [
              108.933424,
              34.238694
            ],
            [
              108.933422,
              34.238695
            ],
            [
              108.933421,
              34.238697
            ],
            [
              108.933419,
              34.238698
            ],
            [
              108.933417,
              34.2387
            ],
            [
              108.933415,
              34.238701
            ],
            [
              108.933413,
              34.238703
            ],
            [
              108.933412,
              34.238704
            ],
            [
              108.93341,
              34.238706
            ],
            [
              108.933408,
              34.238707
            ],
            [
              108.933406,
              34.238709
            ],
            [
              108.933404,
              34.23871
            ],
            [
              108.933403,
              34.238712
            ],
            [
              108.933401,
              34.238713
            ],
            [
              108.933399,
              34.238715
            ],
            [
              108.933397,
              34.238716
            ],
            [
              108.933396,
              34.238717
            ],
            [
              108.933394,
              34.238719
            ],
            [
              108.933393,
              34.23872
            ],
            [
              108.933391,
              34.238721
            ],
            [
              108.933389,
              34.238723
            ],
            [
              108.933388,
              34.238724
            ],
            [
              108.933386,
              34.238725
            ],
            [
              108.933384,
              34.238726
            ],
            [
              108.933383,
              34.238728
            ],
            [
              108.933381,
              34.238729
            ],
            [
              108.93338,
              34.23873
            ],
            [
              108.93339,
              34.238733
            ],
            [
              108.933399,
              34.238736
            ],
            [
              108.933409,
              34.23874
            ],
            [
              108.933419,
              34.238744
            ],
            [
              108.933429,
              34.238747
            ],
            [
              108.933439,
              34.238751
            ],
            [
              108.933449,
              34.238755
            ],
            [
              108.933459,
              34.238759
            ],
            [
              108.933469,
              34.238763
            ],
            [
              108.933479,
              34.238768
            ],
            [
              108.933489,
              34.238772
            ],
            [
              108.933499,
              34.238776
            ],
            [
              108.933509,
              34.238781
            ],
            [
              108.933519,
              34.238786
            ],
            [
              108.933529,
              34.23879
            ],
            [
              108.93354,
              34.238795
            ],
            [
              108.93355,
              34.2388
            ],
            [
              108.93356,
              34.238805
            ],
            [
              108.93357,
              34.238811
            ],
            [
              108.93358,
              34.238816
            ],
            [
              108.933589,
              34.238821
            ],
            [
              108.933599,
              34.238826
            ],
            [
              108.933609,
              34.238832
            ],
            [
              108.933619,
              34.238837
            ],
            [
              108.933629,
              34.238843
            ],
            [
              108.933638,
              34.238848
            ],
            [
              108.933648,
              34.238854
            ],
            [
              108.933657,
              34.23886
            ],
            [
              108.933667,
              34.238865
            ],
            [
              108.933676,
              34.238871
            ],
            [
              108.933686,
              34.238877
            ],
            [
              108.933695,
              34.238883
            ],
            [
              108.933705,
              34.238889
            ],
            [
              108.933714,
              34.238895
            ],
            [
              108.933723,
              34.238901
            ],
            [
              108.933732,
              34.238908
            ],
            [
              108.933741,
              34.238914
            ],
            [
              108.93375,
              34.23892
            ],
            [
              108.933759,
              34.238926
            ],
            [
              108.933767,
              34.238933
            ],
            [
              108.933776,
              34.238939
            ],
            [
              108.933784,
              34.238946
            ],
            [
              108.933793,
              34.238952
            ],
            [
              108.933801,
              34.238959
            ],
            [
              108.933809,
              34.238965
            ],
            [
              108.933817,
              34.238972
            ],
            [
              108.933825,
              34.238979
            ],
            [
              108.933833,
              34.238985
            ],
            [
              108.933841,
              34.238992
            ],
            [
              108.933849,
              34.238999
            ],
            [
              108.933856,
              34.239006
            ],
            [
              108.933864,
              34.239013
            ],
            [
              108.933871,
              34.23902
            ],
            [
              108.933878,
              34.239027
            ],
            [
              108.933885,
              34.239034
            ],
            [
              108.933892,
              34.239041
            ],
            [
              108.933899,
              34.239048
            ],
            [
              108.933905,
              34.239055
            ],
            [
              108.933912,
              34.239061
            ],
            [
              108.933918,
              34.239068
            ],
            [
              108.933924,
              34.239075
            ],
            [
              108.93393,
              34.239082
            ],
            [
              108.933936,
              34.239089
            ],
            [
              108.933941,
              34.239096
            ],
            [
              108.934106,
              34.239097
            ],
            [
              108.934111,
              34.239091
            ],
            [
              108.934117,
              34.239084
            ],
            [
              108.934123,
              34.239077
            ],
            [
              108.93413,
              34.239071
            ],
            [
              108.934136,
              34.239064
            ],
            [
              108.934143,
              34.239057
            ],
            [
              108.934149,
              34.239051
            ],
            [
              108.934156,
              34.239044
            ],
            [
              108.934163,
              34.239037
            ],
            [
              108.93417,
              34.239031
            ],
            [
              108.934177,
              34.239024
            ],
            [
              108.934185,
              34.239017
            ],
            [
              108.934192,
              34.239011
            ],
            [
              108.9342,
              34.239004
            ],
            [
              108.934208,
              34.238997
            ],
            [
              108.934215,
              34.238991
            ],
            [
              108.934224,
              34.238984
            ],
            [
              108.934232,
              34.238978
            ],
            [
              108.93424,
              34.238971
            ],
            [
              108.934249,
              34.238965
            ],
            [
              108.934257,
              34.238958
            ],
            [
              108.934266,
              34.238952
            ],
            [
              108.934275,
              34.238945
            ],
            [
              108.934284,
              34.238939
            ],
            [
              108.934292,
              34.238933
            ],
            [
              108.934301,
              34.238926
            ],
            [
              108.934311,
              34.23892
            ],
            [
              108.93432,
              34.238914
            ],
            [
              108.934329,
              34.238908
            ],
            [
              108.934338,
              34.238901
            ],
            [
              108.934348,
              34.238895
            ],
            [
              108.934357,
              34.238889
            ],
            [
              108.934367,
              34.238883
            ],
            [
              108.934377,
              34.238878
            ],
            [
              108.934387,
              34.238872
            ],
            [
              108.934396,
              34.238866
            ],
            [
              108.934406,
              34.23886
            ],
            [
              108.934416,
              34.238855
            ],
            [
              108.934426,
              34.238849
            ],
            [
              108.934436,
              34.238844
            ],
            [
              108.934446,
              34.238838
            ],
            [
              108.934456,
              34.238833
            ],
            [
              108.934466,
              34.238828
            ],
            [
              108.934476,
              34.238823
            ],
            [
              108.934487,
              34.238818
            ],
            [
              108.934497,
              34.238812
            ],
            [
              108.934507,
              34.238807
            ],
            [
              108.934517,
              34.238803
            ],
            [
              108.934527,
              34.238798
            ],
            [
              108.934538,
              34.238793
            ],
            [
              108.934548,
              34.238789
            ],
            [
              108.934558,
              34.238784
            ],
            [
              108.934568,
              34.23878
            ],
            [
              108.934579,
              34.238776
            ],
            [
              108.934589,
              34.238772
            ],
            [
              108.934599,
              34.238768
            ],
            [
              108.934609,
              34.238764
            ],
            [
              108.93462,
              34.23876
            ],
            [
              108.93463,
              34.238756
            ],
            [
              108.93464,
              34.238753
            ],
            [
              108.93465,
              34.238749
            ],
            [
              108.934661,
              34.238746
            ],
            [
              108.934671,
              34.238742
            ],
            [
              108.934681,
              34.238739
            ],
            [
              108.93468,
              34.238738
            ],
            [
              108.934678,
              34.238737
            ],
            [
              108.934676,
              34.238736
            ],
            [
              108.934675,
              34.238735
            ],
            [
              108.934673,
              34.238734
            ],
            [
              108.934672,
              34.238733
            ],
            [
              108.93467,
              34.238732
            ],
            [
              108.934668,
              34.23873
            ],
            [
              108.934666,
              34.238729
            ],
            [
              108.934665,
              34.238728
            ],
            [
              108.934663,
              34.238727
            ],
            [
              108.934661,
              34.238725
            ],
            [
              108.934659,
              34.238724
            ],
            [
              108.934657,
              34.238722
            ],
            [
              108.934655,
              34.238721
            ],
            [
              108.934654,
              34.238719
            ],
            [
              108.934652,
              34.238718
            ],
            [
              108.93465,
              34.238716
            ],
            [
              108.934648,
              34.238714
            ],
            [
              108.934647,
              34.238713
            ],
            [
              108.934645,
              34.238711
            ],
            [
              108.934643,
              34.238709
            ],
            [
              108.934641,
              34.238708
            ],
            [
              108.93464,
              34.238706
            ],
            [
              108.934638,
              34.238704
            ],
            [
              108.934636,
              34.238703
            ],
            [
              108.934634,
              34.238701
            ],
            [
              108.934633,
              34.238699
            ],
            [
              108.934631,
              34.238698
            ],
            [
              108.934629,
              34.238696
            ],
            [
              108.934627,
              34.238694
            ],
            [
              108.934626,
              34.238693
            ],
            [
              108.934624,
              34.238691
            ],
            [
              108.934623,
              34.23869
            ],
            [
              108.934621,
              34.238688
            ],
            [
              108.93462,
              34.238686
            ],
            [
              108.934618,
              34.238685
            ],
            [
              108.934617,
              34.238683
            ],
            [
              108.934615,
              34.238682
            ],
            [
              108.934614,
              34.238681
            ],
            [
              108.934612,
              34.238679
            ],
            [
              108.934611,
              34.238678
            ],
            [
              108.93461,
              34.238676
            ],
            [
              108.934608,
              34.238675
            ],
            [
              108.934607,
              34.238673
            ],
            [
              108.934606,
              34.238672
            ],
            [
              108.934605,
              34.238671
            ],
            [
              108.934603,
              34.238669
            ],
            [
              108.934593,
              34.238673
            ],
            [
              108.934583,
              34.238677
            ],
            [
              108.934573,
              34.238681
            ],
            [
              108.934562,
              34.238685
            ],
            [
              108.934552,
              34.238689
            ],
            [
              108.934542,
              34.238694
            ],
            [
              108.934532,
              34.238698
            ],
            [
              108.934521,
              34.238702
            ],
            [
              108.934511,
              34.238707
            ],
            [
              108.934501,
              34.238712
            ],
            [
              108.934491,
              34.238717
            ],
            [
              108.93448,
              34.238722
            ],
            [
              108.93447,
              34.238727
            ],
            [
              108.93446,
              34.238732
            ],
            [
              108.93445,
              34.238737
            ],
            [
              108.934439,
              34.238742
            ],
            [
              108.934429,
              34.238748
            ],
            [
              108.934419,
              34.238753
            ],
            [
              108.934409,
              34.238759
            ],
            [
              108.934399,
              34.238765
            ],
            [
              108.934388,
              34.23877
            ],
            [
              108.934378,
              34.238776
            ],
            [
              108.934368,
              34.238782
            ],
            [
              108.934358,
              34.238788
            ],
            [
              108.934348,
              34.238794
            ],
            [
              108.934338,
              34.2388
            ],
            [
              108.934329,
              34.238806
            ],
            [
              108.934319,
              34.238812
            ],
            [
              108.934309,
              34.238818
            ],
            [
              108.934299,
              34.238825
            ],
            [
              108.934289,
              34.238831
            ],
            [
              108.934279,
              34.238837
            ],
            [
              108.93427,
              34.238844
            ],
            [
              108.93426,
              34.238851
            ],
            [
              108.934251,
              34.238857
            ],
            [
              108.934241,
              34.238864
            ],
            [
              108.934232,
              34.238871
            ],
            [
              108.934222,
              34.238878
            ],
            [
              108.934213,
              34.238885
            ],
            [
              108.934204,
              34.238892
            ],
            [
              108.934195,
              34.238899
            ],
            [
              108.934186,
              34.238906
            ],
            [
              108.934177,
              34.238913
            ],
            [
              108.934168,
              34.23892
            ],
            [
              108.934159,
              34.238927
            ],
            [
              108.934151,
              34.238934
            ],
            [
              108.934142,
              34.238941
            ],
            [
              108.934133,
              34.238948
            ],
            [
              108.934125,
              34.238956
            ],
            [
              108.934117,
              34.238963
            ],
            [
              108.934109,
              34.238971
            ],
            [
              108.934101,
              34.238978
            ],
            [
              108.934093,
              34.238986
            ],
            [
              108.934085,
              34.238993
            ],
            [
              108.934078,
              34.239
            ],
            [
              108.93407,
              34.239008
            ],
            [
              108.934063,
              34.239015
            ],
            [
              108.934056,
              34.239023
            ],
            [
              108.934049,
              34.23903
            ],
            [
              108.934042,
              34.239038
            ],
            [
              108.934035,
              34.239045
            ],
            [
              108.934028,
              34.239053
            ],
            [
              108.934022,
              34.23906
            ],
            [
              108.934015,
              34.239068
            ],
            [
              108.934106,
              34.239097
            ],
            [
              108.933971,
              34.234494
            ],
            [
              108.934075,
              34.234494
            ],
            [
              108.934075,
              34.234259
            ],
            [
              108.934075,
              34.234255
            ],
            [
              108.934075,
              34.234251
            ],
            [
              108.934075,
              34.234247
            ],
            [
              108.934074,
              34.234244
            ],
            [
              108.934074,
              34.23424
            ],
            [
              108.934073,
              34.234237
            ],
            [
              108.934072,
              34.234233
            ],
            [
              108.934071,
              34.23423
            ],
            [
              108.934071,
              34.234227
            ],
            [
              108.93407,
              34.234224
            ],
            [
              108.934068,
              34.234222
            ],
            [
              108.934067,
              34.234219
            ],
            [
              108.934066,
              34.234216
            ],
            [
              108.934064,
              34.234214
            ],
            [
              108.934063,
              34.234212
            ],
            [
              108.934061,
              34.234209
            ],
            [
              108.934059,
              34.234207
            ],
            [
              108.934058,
              34.234205
            ],
            [
              108.934056,
              34.234203
            ],
            [
              108.934053,
              34.234201
            ],
            [
              108.934051,
              34.2342
            ],
            [
              108.934048,
              34.234198
            ],
            [
              108.934045,
              34.234196
            ],
            [
              108.934042,
              34.234195
            ],
            [
              108.934039,
              34.234193
            ],
            [
              108.934036,
              34.234192
            ],
            [
              108.934032,
              34.23419
            ],
            [
              108.934028,
              34.234189
            ],
            [
              108.934024,
              34.234188
            ],
            [
              108.93402,
              34.234186
            ],
            [
              108.934016,
              34.234185
            ],
            [
              108.934011,
              34.234184
            ],
            [
              108.934006,
              34.234183
            ],
            [
              108.934002,
              34.234182
            ],
            [
              108.933997,
              34.234181
            ],
            [
              108.933991,
              34.234181
            ],
            [
              108.933986,
              34.23418
            ],
            [
              108.93398,
              34.234179
            ],
            [
              108.933975,
              34.234179
            ],
            [
              108.933969,
              34.234178
            ],
            [
              108.933962,
              34.234178
            ],
            [
              108.933956,
              34.234177
            ],
            [
              108.933949,
              34.234177
            ],
            [
              108.933943,
              34.234177
            ],
            [
              108.933936,
              34.234176
            ],
            [
              108.933929,
              34.234176
            ],
            [
              108.933921,
              34.234176
            ],
            [
              108.933914,
              34.234176
            ],
            [
              108.933906,
              34.234175
            ],
            [
              108.933898,
              34.234175
            ],
            [
              108.93389,
              34.234175
            ],
            [
              108.933882,
              34.234175
            ],
            [
              108.933873,
              34.234175
            ],
            [
              108.933864,
              34.234175
            ],
            [
              108.933855,
              34.234175
            ],
            [
              108.933846,
              34.234175
            ],
            [
              108.933837,
              34.234175
            ],
            [
              108.933827,
              34.234175
            ],
            [
              108.933817,
              34.234175
            ],
            [
              108.933807,
              34.234175
            ],
            [
              108.933796,
              34.234175
            ],
            [
              108.933786,
              34.234175
            ],
            [
              108.933775,
              34.234175
            ],
            [
              108.933763,
              34.234175
            ],
            [
              108.933763,
              34.234177
            ],
            [
              108.933762,
              34.234179
            ],
            [
              108.933762,
              34.234181
            ],
            [
              108.933761,
              34.234183
            ],
            [
              108.93376,
              34.234185
            ],
            [
              108.933759,
              34.234187
            ],
            [
              108.933758,
              34.234189
            ],
            [
              108.933758,
              34.234191
            ],
            [
              108.933757,
              34.234193
            ],
            [
              108.933756,
              34.234195
            ],
            [
              108.933754,
              34.234197
            ],
            [
              108.933753,
              34.2342
            ],
            [
              108.933752,
              34.234202
            ],
            [
              108.933751,
              34.234204
            ],
            [
              108.93375,
              34.234206
            ],
            [
              108.933748,
              34.234208
            ],
            [
              108.933747,
              34.234211
            ],
            [
              108.933746,
              34.234213
            ],
            [
              108.933745,
              34.234215
            ],
            [
              108.933743,
              34.234218
            ],
            [
              108.933742,
              34.23422
            ],
            [
              108.933741,
              34.234222
            ],
            [
              108.93374,
              34.234224
            ],
            [
              108.933738,
              34.234226
            ],
            [
              108.933737,
              34.234228
            ],
            [
              108.933736,
              34.23423
            ],
            [
              108.933735,
              34.234233
            ],
            [
              108.933734,
              34.234235
            ],
            [
              108.933732,
              34.234236
            ],
            [
              108.933731,
              34.234238
            ],
            [
              108.93373,
              34.23424
            ],
            [
              108.933729,
              34.234242
            ],
            [
              108.933735,
              34.234242
            ],
            [
              108.933741,
              34.234242
            ],
            [
              108.933747,
              34.234242
            ],
            [
              108.933753,
              34.234242
            ],
            [
              108.933759,
              34.234242
            ],
            [
              108.933765,
              34.234241
            ],
            [
              108.933771,
              34.234241
            ],
            [
              108.933777,
              34.234241
            ],
            [
              108.933782,
              34.234241
            ],
            [
              108.933788,
              34.234241
            ],
            [
              108.933794,
              34.234241
            ],
            [
              108.933799,
              34.234241
            ],
            [
              108.933804,
              34.23424
            ],
            [
              108.93381,
              34.23424
            ],
            [
              108.933815,
              34.23424
            ],
            [
              108.93382,
              34.23424
            ],
            [
              108.933826,
              34.23424
            ],
            [
              108.933831,
              34.23424
            ],
            [
              108.933836,
              34.23424
            ],
            [
              108.933841,
              34.23424
            ],
            [
              108.933846,
              34.23424
            ],
            [
              108.933851,
              34.23424
            ],
            [
              108.933856,
              34.23424
            ],
            [
              108.93386,
              34.23424
            ],
            [
              108.933865,
              34.23424
            ],
            [
              108.933869,
              34.23424
            ],
            [
              108.933874,
              34.23424
            ],
            [
              108.933878,
              34.23424
            ],
            [
              108.933882,
              34.23424
            ],
            [
              108.933886,
              34.23424
            ],
            [
              108.93389,
              34.23424
            ],
            [
              108.933894,
              34.23424
            ],
            [
              108.933898,
              34.23424
            ],
            [
              108.933902,
              34.23424
            ],
            [
              108.933906,
              34.23424
            ],
            [
              108.933909,
              34.234241
            ],
            [
              108.933912,
              34.234241
            ],
            [
              108.933916,
              34.234241
            ],
            [
              108.933919,
              34.234241
            ],
            [
              108.933922,
              34.234241
            ],
            [
              108.933924,
              34.234241
            ],
            [
              108.933927,
              34.234241
            ],
            [
              108.93393,
              34.234241
            ],
            [
              108.933932,
              34.234241
            ],
            [
              108.933934,
              34.234241
            ],
            [
              108.933936,
              34.234241
            ],
            [
              108.933938,
              34.234241
            ],
            [
              108.93394,
              34.234241
            ],
            [
              108.933942,
              34.234241
            ],
            [
              108.933945,
              34.234241
            ],
            [
              108.933947,
              34.234242
            ],
            [
              108.933949,
              34.234242
            ],
            [
              108.933951,
              34.234242
            ],
            [
              108.933953,
              34.234242
            ],
            [
              108.933954,
              34.234243
            ],
            [
              108.933956,
              34.234243
            ],
            [
              108.933958,
              34.234243
            ],
            [
              108.933959,
              34.234244
            ],
            [
              108.93396,
              34.234244
            ],
            [
              108.933961,
              34.234245
            ],
            [
              108.933963,
              34.234245
            ],
            [
              108.933963,
              34.234245
            ],
            [
              108.933964,
              34.234246
            ],
            [
              108.933965,
              34.234246
            ],
            [
              108.933966,
              34.234247
            ],
            [
              108.933966,
              34.234248
            ],
            [
              108.933967,
              34.234248
            ],
            [
              108.933968,
              34.234249
            ],
            [
              108.933968,
              34.23425
            ],
            [
              108.933968,
              34.23425
            ],
            [
              108.933969,
              34.234251
            ],
            [
              108.933969,
              34.234252
            ],
            [
              108.93397,
              34.234253
            ],
            [
              108.93397,
              34.234254
            ],
            [
              108.93397,
              34.234255
            ],
            [
              108.93397,
              34.234256
            ],
            [
              108.93397,
              34.234258
            ],
            [
              108.933971,
              34.234259
            ],
            [
              108.933971,
              34.23426
            ],
            [
              108.933971,
              34.234261
            ],
            [
              108.933971,
              34.234494
            ],
            [
              108.934291,
              34.234344
            ],
            [
              108.934381,
              34.234308
            ],
            [
              108.934371,
              34.234299
            ],
            [
              108.934361,
              34.234291
            ],
            [
              108.934351,
              34.234283
            ],
            [
              108.93434,
              34.234275
            ],
            [
              108.93433,
              34.234267
            ],
            [
              108.934319,
              34.234259
            ],
            [
              108.934307,
              34.234251
            ],
            [
              108.934296,
              34.234243
            ],
            [
              108.934284,
              34.234236
            ],
            [
              108.934273,
              34.234228
            ],
            [
              108.934261,
              34.234221
            ],
            [
              108.934248,
              34.234213
            ],
            [
              108.934236,
              34.234206
            ],
            [
              108.934223,
              34.234199
            ],
            [
              108.93421,
              34.234192
            ],
            [
              108.934197,
              34.234185
            ],
            [
              108.934184,
              34.234178
            ],
            [
              108.934171,
              34.234172
            ],
            [
              108.934157,
              34.234165
            ],
            [
              108.934143,
              34.234158
            ],
            [
              108.93413,
              34.234152
            ],
            [
              108.934116,
              34.234145
            ],
            [
              108.934101,
              34.234139
            ],
            [
              108.934087,
              34.234133
            ],
            [
              108.934073,
              34.234127
            ],
            [
              108.934058,
              34.234121
            ],
            [
              108.934043,
              34.234115
            ],
            [
              108.934029,
              34.234109
            ],
            [
              108.934014,
              34.234103
            ],
            [
              108.933999,
              34.234097
            ],
            [
              108.933983,
              34.234091
            ],
            [
              108.933968,
              34.234086
            ],
            [
              108.933952,
              34.23408
            ],
            [
              108.933937,
              34.234075
            ],
            [
              108.933922,
              34.23407
            ],
            [
              108.933906,
              34.234065
            ],
            [
              108.93389,
              34.23406
            ],
            [
              108.933875,
              34.234055
            ],
            [
              108.933859,
              34.23405
            ],
            [
              108.933843,
              34.234045
            ],
            [
              108.933827,
              34.23404
            ],
            [
              108.933811,
              34.234035
            ],
            [
              108.933794,
              34.234031
            ],
            [
              108.933778,
              34.234026
            ],
            [
              108.933762,
              34.234022
            ],
            [
              108.933745,
              34.234017
            ],
            [
              108.933729,
              34.234013
            ],
            [
              108.933712,
              34.234009
            ],
            [
              108.933695,
              34.234004
            ],
            [
              108.933679,
              34.234
            ],
            [
              108.933662,
              34.233996
            ],
            [
              108.933646,
              34.233992
            ],
            [
              108.933629,
              34.233988
            ],
            [
              108.933613,
              34.233984
            ],
            [
              108.933596,
              34.233981
            ],
            [
              108.93358,
              34.233977
            ],
            [
              108.933563,
              34.233973
            ],
            [
              108.933546,
              34.23397
            ],
            [
              108.93353,
              34.233966
            ],
            [
              108.933513,
              34.233963
            ],
            [
              108.933496,
              34.233959
            ],
            [
              108.93348,
              34.233956
            ],
            [
              108.933463,
              34.233953
            ],
            [
              108.933446,
              34.233949
            ],
            [
              108.933445,
              34.233951
            ],
            [
              108.933445,
              34.233952
            ],
            [
              108.933444,
              34.233953
            ],
            [
              108.933443,
              34.233954
            ],
            [
              108.933442,
              34.233956
            ],
            [
              108.933441,
              34.233957
            ],
            [
              108.933439,
              34.233958
            ],
            [
              108.933438,
              34.23396
            ],
            [
              108.933437,
              34.233961
            ],
            [
              108.933436,
              34.233963
            ],
            [
              108.933435,
              34.233964
            ],
            [
              108.933434,
              34.233966
            ],
            [
              108.933432,
              34.233967
            ],
            [
              108.933431,
              34.233969
            ],
            [
              108.93343,
              34.23397
            ],
            [
              108.933428,
              34.233972
            ],
            [
              108.933427,
              34.233973
            ],
            [
              108.933426,
              34.233975
            ],
            [
              108.933425,
              34.233976
            ],
            [
              108.933423,
              34.233978
            ],
            [
              108.933422,
              34.23398
            ],
            [
              108.933421,
              34.233981
            ],
            [
              108.933419,
              34.233983
            ],
            [
              108.933418,
              34.233984
            ],
            [
              108.933416,
              34.233986
            ],
            [
              108.933415,
              34.233987
            ],
            [
              108.933414,
              34.233989
            ],
            [
              108.933412,
              34.233991
            ],
            [
              108.933411,
              34.233992
            ],
            [
              108.933409,
              34.233994
            ],
            [
              108.933408,
              34.233995
            ],
            [
              108.933406,
              34.233997
            ],
            [
              108.933404,
              34.233999
            ],
            [
              108.933403,
              34.234
            ],
            [
              108.933401,
              34.234002
            ],
            [
              108.9334,
              34.234003
            ],
            [
              108.933398,
              34.234005
            ],
            [
              108.933397,
              34.234006
            ],
            [
              108.933395,
              34.234008
            ],
            [
              108.933394,
              34.234009
            ],
            [
              108.933392,
              34.23401
            ],
            [
              108.933391,
              34.234012
            ],
            [
              108.933389,
              34.234013
            ],
            [
              108.933388,
              34.234014
            ],
            [
              108.933387,
              34.234015
            ],
            [
              108.933385,
              34.234016
            ],
            [
              108.933384,
              34.234017
            ],
            [
              108.933382,
              34.234018
            ],
            [
              108.933405,
              34.234022
            ],
            [
              108.933427,
              34.234025
            ],
            [
              108.933449,
              34.234029
            ],
            [
              108.933472,
              34.234033
            ],
            [
              108.933494,
              34.234037
            ],
            [
              108.933516,
              34.234041
            ],
            [
              108.933538,
              34.234045
            ],
            [
              108.93356,
              34.23405
            ],
            [
              108.933582,
              34.234054
            ],
            [
              108.933604,
              34.234059
            ],
            [
              108.933626,
              34.234064
            ],
            [
              108.933648,
              34.234069
            ],
            [
              108.933669,
              34.234074
            ],
            [
              108.933691,
              34.234079
            ],
            [
              108.933713,
              34.234085
            ],
            [
              108.933734,
              34.23409
            ],
            [
              108.933756,
              34.234096
            ],
            [
              108.933777,
              34.234102
            ],
            [
              108.933798,
              34.234108
            ],
            [
              108.933819,
              34.234114
            ],
            [
              108.93384,
              34.23412
            ],
            [
              108.93386,
              34.234127
            ],
            [
              108.93388,
              34.234133
            ],
            [
              108.9339,
              34.23414
            ],
            [
              108.93392,
              34.234147
            ],
            [
              108.93394,
              34.234154
            ],
            [
              108.933959,
              34.234161
            ],
            [
              108.933978,
              34.234168
            ],
            [
              108.933997,
              34.234176
            ],
            [
              108.934015,
              34.234183
            ],
            [
              108.934033,
              34.234191
            ],
            [
              108.934051,
              34.234199
            ],
            [
              108.934069,
              34.234207
            ],
            [
              108.934087,
              34.234215
            ],
            [
              108.934104,
              34.234223
            ],
            [
              108.934121,
              34.234232
            ],
            [
              108.934137,
              34.23424
            ],
            [
              108.934153,
              34.234249
            ],
            [
              108.934168,
              34.234258
            ],
            [
              108.934183,
              34.234267
            ],
            [
              108.934198,
              34.234276
            ],
            [
              108.934213,
              34.234285
            ],
            [
              108.934227,
              34.234295
            ],
            [
              108.93424,
              34.234304
            ],
            [
              108.934253,
              34.234314
            ],
            [
              108.934266,
              34.234324
            ],
            [
              108.934279,
              34.234334
            ],
            [
              108.934291,
              34.234344
            ],
            [
              108.933699,
              34.234448
            ],
            [
              108.933801,
              34.234425
            ],
            [
              108.933796,
              34.234419
            ],
            [
              108.933791,
              34.234413
            ],
            [
              108.933786,
              34.234408
            ],
            [
              108.933781,
              34.234402
            ],
            [
              108.933775,
              34.234396
            ],
            [
              108.93377,
              34.234391
            ],
            [
              108.933764,
              34.234385
            ],
            [
              108.933759,
              34.234379
            ],
            [
              108.933753,
              34.234374
            ],
            [
              108.933747,
              34.234368
            ],
            [
              108.933741,
              34.234363
            ],
            [
              108.933735,
              34.234357
            ],
            [
              108.933729,
              34.234352
            ],
            [
              108.933722,
              34.234346
            ],
            [
              108.933716,
              34.234341
            ],
            [
              108.933709,
              34.234335
            ],
            [
              108.933703,
              34.23433
            ],
            [
              108.933696,
              34.234324
            ],
            [
              108.93369,
              34.234319
            ],
            [
              108.933683,
              34.234314
            ],
            [
              108.933676,
              34.234309
            ],
            [
              108.93367,
              34.234303
            ],
            [
              108.933663,
              34.234298
            ],
            [
              108.933656,
              34.234293
            ],
            [
              108.93365,
              34.234288
            ],
            [
              108.933643,
              34.234283
            ],
            [
              108.933636,
              34.234278
            ],
            [
              108.933629,
              34.234273
            ],
            [
              108.933622,
              34.234268
            ],
            [
              108.933615,
              34.234263
            ],
            [
              108.933608,
              34.234259
            ],
            [
              108.933601,
              34.234254
            ],
            [
              108.933594,
              34.234249
            ],
            [
              108.933586,
              34.234244
            ],
            [
              108.933579,
              34.23424
            ],
            [
              108.933572,
              34.234235
            ],
            [
              108.933565,
              34.234231
            ],
            [
              108.933558,
              34.234227
            ],
            [
              108.933551,
              34.234222
            ],
            [
              108.933544,
              34.234218
            ],
            [
              108.933537,
              34.234214
            ],
            [
              108.93353,
              34.23421
            ],
            [
              108.933523,
              34.234206
            ],
            [
              108.933516,
              34.234202
            ],
            [
              108.933509,
              34.234198
            ],
            [
              108.933502,
              34.234195
            ],
            [
              108.933495,
              34.234191
            ],
            [
              108.933488,
              34.234187
            ],
            [
              108.933487,
              34.234188
            ],
            [
              108.933486,
              34.234189
            ],
            [
              108.933485,
              34.23419
            ],
            [
              108.933483,
              34.234191
            ],
            [
              108.933482,
              34.234192
            ],
            [
              108.933481,
              34.234193
            ],
            [
              108.933479,
              34.234194
            ],
            [
              108.933478,
              34.234195
            ],
            [
              108.933476,
              34.234196
            ],
            [
              108.933474,
              34.234197
            ],
            [
              108.933473,
              34.234198
            ],
            [
              108.933471,
              34.2342
            ],
            [
              108.933469,
              34.234201
            ],
            [
              108.933467,
              34.234202
            ],
            [
              108.933465,
              34.234203
            ],
            [
              108.933463,
              34.234204
            ],
            [
              108.933461,
              34.234205
            ],
            [
              108.933459,
              34.234207
            ],
            [
              108.933457,
              34.234208
            ],
            [
              108.933455,
              34.234209
            ],
            [
              108.933453,
              34.23421
            ],
            [
              108.933451,
              34.234211
            ],
            [
              108.933449,
              34.234212
            ],
            [
              108.933447,
              34.234214
            ],
            [
              108.933445,
              34.234215
            ],
            [
              108.933443,
              34.234216
            ],
            [
              108.933441,
              34.234217
            ],
            [
              108.933439,
              34.234218
            ],
            [
              108.933437,
              34.23422
            ],
            [
              108.933435,
              34.234221
            ],
            [
              108.933433,
              34.234222
            ],
            [
              108.933431,
              34.234223
            ],
            [
              108.933429,
              34.234224
            ],
            [
              108.933427,
              34.234225
            ],
            [
              108.933425,
              34.234227
            ],
            [
              108.933423,
              34.234228
            ],
            [
              108.933421,
              34.234229
            ],
            [
              108.933419,
              34.23423
            ],
            [
              108.933417,
              34.234231
            ],
            [
              108.933415,
              34.234232
            ],
            [
              108.933414,
              34.234233
            ],
            [
              108.933412,
              34.234233
            ],
            [
              108.93341,
              34.234234
            ],
            [
              108.933408,
              34.234235
            ],
            [
              108.933407,
              34.234236
            ],
            [
              108.933405,
              34.234237
            ],
            [
              108.933403,
              34.234237
            ],
            [
              108.933402,
              34.234238
            ],
            [
              108.933412,
              34.234243
            ],
            [
              108.933423,
              34.234248
            ],
            [
              108.933433,
              34.234253
            ],
            [
              108.933444,
              34.234258
            ],
            [
              108.933454,
              34.234263
            ],
            [
              108.933465,
              34.234269
            ],
            [
              108.933475,
              34.234275
            ],
            [
              108.933486,
              34.23428
            ],
            [
              108.933496,
              34.234286
            ],
            [
              108.933506,
              34.234293
            ],
            [
              108.933517,
              34.234299
            ],
            [
              108.933527,
              34.234305
            ],
            [
              108.933537,
              34.234312
            ],
            [
              108.933547,
              34.234318
            ],
            [
              108.933557,
              34.234325
            ],
            [
              108.933567,
              34.234332
            ],
            [
              108.933577,
              34.234339
            ],
            [
              108.933587,
              34.234346
            ],
            [
              108.933597,
              34.234353
            ],
            [
              108.933606,
              34.23436
            ],
            [
              108.933615,
              34.234367
            ],
            [
              108.933624,
              34.234375
            ],
            [
              108.933632,
              34.234382
            ],
            [
              108.933641,
              34.234389
            ],
            [
              108.933649,
              34.234396
            ],
            [
              108.933657,
              34.234404
            ],
            [
              108.933664,
              34.234411
            ],
            [
              108.933672,
              34.234418
            ],
            [
              108.933679,
              34.234426
            ],
            [
              108.933686,
              34.234433
            ],
            [
              108.933693,
              34.234441
            ],
            [
              108.933699,
              34.234448
            ],
            [
              108.934272,
              34.234414
            ],
            [
              108.934356,
              34.234451
            ],
            [
              108.934362,
              34.234448
            ],
            [
              108.934369,
              34.234444
            ],
            [
              108.934375,
              34.23444
            ],
            [
              108.934382,
              34.234436
            ],
            [
              108.934388,
              34.234432
            ],
            [
              108.934395,
              34.234428
            ],
            [
              108.934402,
              34.234423
            ],
            [
              108.934408,
              34.234419
            ],
            [
              108.934415,
              34.234415
            ],
            [
              108.934422,
              34.234411
            ],
            [
              108.934429,
              34.234406
            ],
            [
              108.934435,
              34.234402
            ],
            [
              108.934442,
              34.234398
            ],
            [
              108.934449,
              34.234393
            ],
            [
              108.934456,
              34.234388
            ],
            [
              108.934463,
              34.234384
            ],
            [
              108.93447,
              34.234379
            ],
            [
              108.934477,
              34.234375
            ],
            [
              108.934484,
              34.23437
            ],
            [
              108.93449,
              34.234366
            ],
            [
              108.934497,
              34.234361
            ],
            [
              108.934504,
              34.234357
            ],
            [
              108.93451,
              34.234352
            ],
            [
              108.934517,
              34.234348
            ],
            [
              108.934523,
              34.234343
            ],
            [
              108.93453,
              34.234338
            ],
            [
              108.934536,
              34.234334
            ],
            [
              108.934543,
              34.234329
            ],
            [
              108.934549,
              34.234325
            ],
            [
              108.934555,
              34.23432
            ],
            [
              108.934561,
              34.234315
            ],
            [
              108.934567,
              34.234311
            ],
            [
              108.934573,
              34.234306
            ],
            [
              108.934579,
              34.234302
            ],
            [
              108.934585,
              34.234297
            ],
            [
              108.934591,
              34.234293
            ],
            [
              108.934597,
              34.234288
            ],
            [
              108.934602,
              34.234284
            ],
            [
              108.934607,
              34.23428
            ],
            [
              108.934612,
              34.234276
            ],
            [
              108.934617,
              34.234272
            ],
            [
              108.934622,
              34.234268
            ],
            [
              108.934627,
              34.234264
            ],
            [
              108.934631,
              34.23426
            ],
            [
              108.934636,
              34.234256
            ],
            [
              108.93464,
              34.234252
            ],
            [
              108.934644,
              34.234248
            ],
            [
              108.934648,
              34.234244
            ],
            [
              108.934559,
              34.234201
            ],
            [
              108.934555,
              34.234205
            ],
            [
              108.934551,
              34.234208
            ],
            [
              108.934547,
              34.234212
            ],
            [
              108.934543,
              34.234216
            ],
            [
              108.934539,
              34.23422
            ],
            [
              108.934534,
              34.234224
            ],
            [
              108.93453,
              34.234228
            ],
            [
              108.934525,
              34.234232
            ],
            [
              108.93452,
              34.234237
            ],
            [
              108.934515,
              34.234241
            ],
            [
              108.93451,
              34.234245
            ],
            [
              108.934504,
              34.234249
            ],
            [
              108.934499,
              34.234254
            ],
            [
              108.934493,
              34.234258
            ],
            [
              108.934487,
              34.234263
            ],
            [
              108.934481,
              34.234268
            ],
            [
              108.934475,
              34.234272
            ],
            [
              108.934469,
              34.234277
            ],
            [
              108.934463,
              34.234281
            ],
            [
              108.934457,
              34.234286
            ],
            [
              108.934451,
              34.234291
            ],
            [
              108.934444,
              34.234296
            ],
            [
              108.934438,
              34.2343
            ],
            [
              108.934432,
              34.234305
            ],
            [
              108.934425,
              34.23431
            ],
            [
              108.934419,
              34.234315
            ],
            [
              108.934412,
              34.234319
            ],
            [
              108.934405,
              34.234324
            ],
            [
              108.934399,
              34.234329
            ],
            [
              108.934392,
              34.234334
            ],
            [
              108.934385,
              34.234339
            ],
            [
              108.934378,
              34.234344
            ],
            [
              108.934371,
              34.234349
            ],
            [
              108.934365,
              34.234353
            ],
            [
              108.934358,
              34.234358
            ],
            [
              108.934351,
              34.234363
            ],
            [
              108.934344,
              34.234367
            ],
            [
              108.934338,
              34.234372
            ],
            [
              108.934331,
              34.234376
            ],
            [
              108.934325,
              34.234381
            ],
            [
              108.934318,
              34.234385
            ],
            [
              108.934311,
              34.23439
            ],
            [
              108.934305,
              34.234394
            ],
            [
              108.934298,
              34.234398
            ],
            [
              108.934292,
              34.234402
            ],
            [
              108.934285,
              34.234406
            ],
            [
              108.934279,
              34.23441
            ],
            [
              108.934272,
              34.234414
            ],
            [
              108.933662,
              34.234057
            ],
            [
              108.934602,
              34.234057
            ],
            [
              108.934602,
              34.233993
            ],
            [
              108.933766,
              34.233993
            ],
            [
              108.933766,
              34.233522
            ],
            [
              108.933662,
              34.233522
            ],
            [
              108.933662,
              34.234057
            ],
            [
              108.934079,
              34.234024
            ],
            [
              108.934181,
              34.234024
            ],
            [
              108.934181,
              34.233596
            ],
            [
              108.934079,
              34.233596
            ],
            [
              108.934079,
              34.234024
            ],
            [
              108.934217,
              34.234153
            ],
            [
              108.934331,
              34.234136
            ],
            [
              108.934328,
              34.234132
            ],
            [
              108.934324,
              34.234128
            ],
            [
              108.934321,
              34.234123
            ],
            [
              108.934317,
              34.234119
            ],
            [
              108.934314,
              34.234115
            ],
            [
              108.934311,
              34.23411
            ],
            [
              108.934307,
              34.234106
            ],
            [
              108.934304,
              34.234102
            ],
            [
              108.9343,
              34.234098
            ],
            [
              108.934297,
              34.234093
            ],
            [
              108.934293,
              34.234089
            ],
            [
              108.93429,
              34.234085
            ],
            [
              108.934286,
              34.234081
            ],
            [
              108.934283,
              34.234076
            ],
            [
              108.934279,
              34.234072
            ],
            [
              108.934275,
              34.234068
            ],
            [
              108.934272,
              34.234064
            ],
            [
              108.934268,
              34.23406
            ],
            [
              108.934264,
              34.234056
            ],
            [
              108.934261,
              34.234052
            ],
            [
              108.934257,
              34.234048
            ],
            [
              108.934254,
              34.234045
            ],
            [
              108.934251,
              34.234041
            ],
            [
              108.934247,
              34.234037
            ],
            [
              108.934244,
              34.234034
            ],
            [
              108.93424,
              34.234031
            ],
            [
              108.934237,
              34.234027
            ],
            [
              108.934234,
              34.234024
            ],
            [
              108.934231,
              34.234021
            ],
            [
              108.934227,
              34.234018
            ],
            [
              108.934224,
              34.234015
            ],
            [
              108.934221,
              34.234012
            ],
            [
              108.934126,
              34.234029
            ],
            [
              108.934129,
              34.234032
            ],
            [
              108.934132,
              34.234035
            ],
            [
              108.934135,
              34.234039
            ],
            [
              108.934138,
              34.234042
            ],
            [
              108.934141,
              34.234046
            ],
            [
              108.934144,
              34.23405
            ],
            [
              108.934147,
              34.234053
            ],
            [
              108.93415,
              34.234057
            ],
            [
              108.934153,
              34.234061
            ],
            [
              108.934156,
              34.234065
            ],
            [
              108.93416,
              34.234069
            ],
            [
              108.934163,
              34.234073
            ],
            [
              108.934166,
              34.234077
            ],
            [
              108.934169,
              34.234081
            ],
            [
              108.934172,
              34.234086
            ],
            [
              108.934175,
              34.23409
            ],
            [
              108.934178,
              34.234094
            ],
            [
              108.934182,
              34.234099
            ],
            [
              108.934185,
              34.234103
            ],
            [
              108.934188,
              34.234107
            ],
            [
              108.934191,
              34.234112
            ],
            [
              108.934193,
              34.234116
            ],
            [
              108.934196,
              34.23412
            ],
            [
              108.934199,
              34.234124
            ],
            [
              108.934201,
              34.234128
            ],
            [
              108.934204,
              34.234132
            ],
            [
              108.934206,
              34.234135
            ],
            [
              108.934208,
              34.234139
            ],
            [
              108.934211,
              34.234143
            ],
            [
              108.934213,
              34.234146
            ],
            [
              108.934215,
              34.23415
            ],
            [
              108.934217,
              34.234153
            ],
            [
              108.933709,
              34.233906
            ],
            [
              108.934541,
              34.233906
            ],
            [
              108.934541,
              34.23385
            ],
            [
              108.933709,
              34.23385
            ],
            [
              108.933709,
              34.233906
            ],
            [
              108.933708,
              34.233767
            ],
            [
              108.934541,
              34.233767
            ],
            [
              108.934541,
              34.233711
            ],
            [
              108.933708,
              34.233711
            ],
            [
              108.933708,
              34.233767
            ],
            [
              108.933702,
              34.233624
            ],
            [
              108.934647,
              34.233624
            ],
            [
              108.934647,
              34.233561
            ],
            [
              108.933702,
              34.233561
            ],
            [
              108.933702,
              34.233624
            ],
            [
              108.933416,
              34.229113
            ],
            [
              108.93464,
              34.229113
            ],
            [
              108.93464,
              34.229032
            ],
            [
              108.933416,
              34.229032
            ],
            [
              108.933416,
              34.229113
            ],
            [
              108.934093,
              34.22908
            ],
            [
              108.934099,
              34.229064
            ],
            [
              108.934105,
              34.229049
            ],
            [
              108.934112,
              34.229033
            ],
            [
              108.934119,
              34.229017
            ],
            [
              108.934125,
              34.229002
            ],
            [
              108.934133,
              34.228987
            ],
            [
              108.93414,
              34.228972
            ],
            [
              108.934148,
              34.228957
            ],
            [
              108.934156,
              34.228942
            ],
            [
              108.934164,
              34.228927
            ],
            [
              108.934172,
              34.228912
            ],
            [
              108.93418,
              34.228898
            ],
            [
              108.934189,
              34.228884
            ],
            [
              108.934198,
              34.22887
            ],
            [
              108.934207,
              34.228855
            ],
            [
              108.934217,
              34.228842
            ],
            [
              108.934227,
              34.228828
            ],
            [
              108.934237,
              34.228814
            ],
            [
              108.934247,
              34.228801
            ],
            [
              108.934258,
              34.228788
            ],
            [
              108.934269,
              34.228775
            ],
            [
              108.93428,
              34.228763
            ],
            [
              108.934291,
              34.228751
            ],
            [
              108.934303,
              34.228738
            ],
            [
              108.934315,
              34.228727
            ],
            [
              108.934327,
              34.228715
            ],
            [
              108.93434,
              34.228703
            ],
            [
              108.934352,
              34.228692
            ],
            [
              108.934365,
              34.228681
            ],
            [
              108.934379,
              34.22867
            ],
            [
              108.934392,
              34.22866
            ],
            [
              108.934406,
              34.228649
            ],
            [
              108.93442,
              34.228639
            ],
            [
              108.934435,
              34.228629
            ],
            [
              108.934449,
              34.228619
            ],
            [
              108.934464,
              34.22861
            ],
            [
              108.934479,
              34.228601
            ],
            [
              108.934495,
              34.228592
            ],
            [
              108.93451,
              34.228584
            ],
            [
              108.934526,
              34.228576
            ],
            [
              108.934542,
              34.228568
            ],
            [
              108.934559,
              34.22856
            ],
            [
              108.934575,
              34.228553
            ],
            [
              108.934592,
              34.228546
            ],
            [
              108.934609,
              34.228539
            ],
            [
              108.934627,
              34.228532
            ],
            [
              108.934644,
              34.228526
            ],
            [
              108.934662,
              34.22852
            ],
            [
              108.93466,
              34.228519
            ],
            [
              108.934659,
              34.228518
            ],
            [
              108.934657,
              34.228517
            ],
            [
              108.934655,
              34.228516
            ],
            [
              108.934654,
              34.228514
            ],
            [
              108.934652,
              34.228513
            ],
            [
              108.93465,
              34.228512
            ],
            [
              108.934649,
              34.228511
            ],
            [
              108.934647,
              34.228509
            ],
            [
              108.934645,
              34.228508
            ],
            [
              108.934643,
              34.228507
            ],
            [
              108.934642,
              34.228505
            ],
            [
              108.93464,
              34.228504
            ],
            [
              108.934638,
              34.228502
            ],
            [
              108.934636,
              34.228501
            ],
            [
              108.934634,
              34.228499
            ],
            [
              108.934632,
              34.228497
            ],
            [
              108.934631,
              34.228496
            ],
            [
              108.934629,
              34.228494
            ],
            [
              108.934627,
              34.228492
            ],
            [
              108.934625,
              34.22849
            ],
            [
              108.934624,
              34.228489
            ],
            [
              108.934622,
              34.228487
            ],
            [
              108.93462,
              34.228485
            ],
            [
              108.934618,
              34.228484
            ],
            [
              108.934617,
              34.228482
            ],
            [
              108.934615,
              34.22848
            ],
            [
              108.934613,
              34.228478
            ],
            [
              108.934611,
              34.228477
            ],
            [
              108.93461,
              34.228475
            ],
            [
              108.934608,
              34.228473
            ],
            [
              108.934606,
              34.228472
            ],
            [
              108.934605,
              34.22847
            ],
            [
              108.934603,
              34.228468
            ],
            [
              108.934601,
              34.228467
            ],
            [
              108.9346,
              34.228465
            ],
            [
              108.934598,
              34.228463
            ],
            [
              108.934597,
              34.228462
            ],
            [
              108.934595,
              34.22846
            ],
            [
              108.934594,
              34.228458
            ],
            [
              108.934592,
              34.228457
            ],
            [
              108.934591,
              34.228455
            ],
            [
              108.93459,
              34.228454
            ],
            [
              108.934588,
              34.228452
            ],
            [
              108.934587,
              34.228451
            ],
            [
              108.934586,
              34.228449
            ],
            [
              108.934585,
              34.228448
            ],
            [
              108.934584,
              34.228446
            ],
            [
              108.934565,
              34.228453
            ],
            [
              108.934547,
              34.22846
            ],
            [
              108.934529,
              34.228468
            ],
            [
              108.934511,
              34.228476
            ],
            [
              108.934493,
              34.228484
            ],
            [
              108.934476,
              34.228492
            ],
            [
              108.934459,
              34.228501
            ],
            [
              108.934442,
              34.22851
            ],
            [
              108.934426,
              34.228519
            ],
            [
              108.93441,
              34.228529
            ],
            [
              108.934394,
              34.228538
            ],
            [
              108.934378,
              34.228548
            ],
            [
              108.934363,
              34.228559
            ],
            [
              108.934348,
              34.228569
            ],
            [
              108.934333,
              34.22858
            ],
            [
              108.934318,
              34.228591
            ],
            [
              108.934304,
              34.228602
            ],
            [
              108.93429,
              34.228614
            ],
            [
              108.934277,
              34.228626
            ],
            [
              108.934263,
              34.228638
            ],
            [
              108.93425,
              34.22865
            ],
            [
              108.934237,
              34.228663
            ],
            [
              108.934225,
              34.228675
            ],
            [
              108.934213,
              34.228688
            ],
            [
              108.934201,
              34.228701
            ],
            [
              108.934189,
              34.228715
            ],
            [
              108.934177,
              34.228729
            ],
            [
              108.934166,
              34.228742
            ],
            [
              108.934155,
              34.228757
            ],
            [
              108.934144,
              34.228771
            ],
            [
              108.934134,
              34.228785
            ],
            [
              108.934124,
              34.2288
            ],
            [
              108.934114,
              34.228815
            ],
            [
              108.934104,
              34.22883
            ],
            [
              108.934094,
              34.228846
            ],
            [
              108.934085,
              34.228861
            ],
            [
              108.934076,
              34.228877
            ],
            [
              108.934067,
              34.228893
            ],
            [
              108.934058,
              34.228909
            ],
            [
              108.93405,
              34.228925
            ],
            [
              108.934042,
              34.228942
            ],
            [
              108.934034,
              34.228958
            ],
            [
              108.934026,
              34.228975
            ],
            [
              108.934018,
              34.228992
            ],
            [
              108.934011,
              34.229009
            ],
            [
              108.934004,
              34.229026
            ],
            [
              108.933997,
              34.229044
            ],
            [
              108.93399,
              34.229061
            ],
            [
              108.934093,
              34.22908
            ],
            [
              108.933971,
              34.229415
            ],
            [
              108.934083,
              34.229415
            ],
            [
              108.934083,
              34.229407
            ],
            [
              108.934083,
              34.229398
            ],
            [
              108.934083,
              34.229389
            ],
            [
              108.934083,
              34.22938
            ],
            [
              108.934083,
              34.229371
            ],
            [
              108.934083,
              34.229362
            ],
            [
              108.934082,
              34.229352
            ],
            [
              108.934082,
              34.229343
            ],
            [
              108.934082,
              34.229333
            ],
            [
              108.934081,
              34.229323
            ],
            [
              108.934081,
              34.229313
            ],
            [
              108.93408,
              34.229303
            ],
            [
              108.93408,
              34.229293
            ],
            [
              108.934079,
              34.229283
            ],
            [
              108.934078,
              34.229273
            ],
            [
              108.934078,
              34.229262
            ],
            [
              108.934077,
              34.229252
            ],
            [
              108.934077,
              34.229241
            ],
            [
              108.934076,
              34.229231
            ],
            [
              108.934075,
              34.22922
            ],
            [
              108.934074,
              34.229209
            ],
            [
              108.934073,
              34.229199
            ],
            [
              108.934072,
              34.229188
            ],
            [
              108.93407,
              34.229177
            ],
            [
              108.934069,
              34.229166
            ],
            [
              108.934068,
              34.229155
            ],
            [
              108.934066,
              34.229144
            ],
            [
              108.934064,
              34.229133
            ],
            [
              108.934063,
              34.229122
            ],
            [
              108.934061,
              34.22911
            ],
            [
              108.934059,
              34.229099
            ],
            [
              108.934057,
              34.229088
            ],
            [
              108.934055,
              34.229077
            ],
            [
              108.934052,
              34.229065
            ],
            [
              108.93405,
              34.229054
            ],
            [
              108.934047,
              34.229043
            ],
            [
              108.934044,
              34.229031
            ],
            [
              108.934041,
              34.22902
            ],
            [
              108.934038,
              34.229009
            ],
            [
              108.934035,
              34.228997
            ],
            [
              108.934031,
              34.228986
            ],
            [
              108.934027,
              34.228975
            ],
            [
              108.934023,
              34.228963
            ],
            [
              108.934019,
              34.228952
            ],
            [
              108.934015,
              34.22894
            ],
            [
              108.934011,
              34.228929
            ],
            [
              108.934006,
              34.228918
            ],
            [
              108.934001,
              34.228906
            ],
            [
              108.933996,
              34.228895
            ],
            [
              108.933991,
              34.228883
            ],
            [
              108.933986,
              34.228872
            ],
            [
              108.933981,
              34.228861
            ],
            [
              108.933975,
              34.22885
            ],
            [
              108.933969,
              34.228839
            ],
            [
              108.933963,
              34.228827
            ],
            [
              108.933956,
              34.228816
            ],
            [
              108.933949,
              34.228805
            ],
            [
              108.933942,
              34.228794
            ],
            [
              108.933935,
              34.228783
            ],
            [
              108.933928,
              34.228773
            ],
            [
              108.93392,
              34.228762
            ],
            [
              108.933912,
              34.228751
            ],
            [
              108.933904,
              34.22874
            ],
            [
              108.933896,
              34.228729
            ],
            [
              108.933887,
              34.228719
            ],
            [
              108.933878,
              34.228709
            ],
            [
              108.933869,
              34.228698
            ],
            [
              108.93386,
              34.228688
            ],
            [
              108.93385,
              34.228678
            ],
            [
              108.93384,
              34.228668
            ],
            [
              108.93383,
              34.228658
            ],
            [
              108.933819,
              34.228648
            ],
            [
              108.933809,
              34.228638
            ],
            [
              108.933797,
              34.228628
            ],
            [
              108.933786,
              34.228619
            ],
            [
              108.933774,
              34.228609
            ],
            [
              108.933762,
              34.2286
            ],
            [
              108.93375,
              34.22859
            ],
            [
              108.933737,
              34.228581
            ],
            [
              108.933725,
              34.228572
            ],
            [
              108.933711,
              34.228563
            ],
            [
              108.933698,
              34.228554
            ],
            [
              108.933684,
              34.228545
            ],
            [
              108.933669,
              34.228537
            ],
            [
              108.933655,
              34.228528
            ],
            [
              108.93364,
              34.22852
            ],
            [
              108.933624,
              34.228512
            ],
            [
              108.933608,
              34.228504
            ],
            [
              108.933592,
              34.228496
            ],
            [
              108.933576,
              34.228489
            ],
            [
              108.933559,
              34.228481
            ],
            [
              108.933541,
              34.228474
            ],
            [
              108.933524,
              34.228467
            ],
            [
              108.933506,
              34.22846
            ],
            [
              108.933487,
              34.228453
            ],
            [
              108.933469,
              34.228446
            ],
            [
              108.933467,
              34.228448
            ],
            [
              108.933465,
              34.22845
            ],
            [
              108.933464,
              34.228452
            ],
            [
              108.933462,
              34.228454
            ],
            [
              108.93346,
              34.228456
            ],
            [
              108.933458,
              34.228459
            ],
            [
              108.933456,
              34.228461
            ],
            [
              108.933453,
              34.228463
            ],
            [
              108.933451,
              34.228465
            ],
            [
              108.933449,
              34.228467
            ],
            [
              108.933446,
              34.22847
            ],
            [
              108.933444,
              34.228472
            ],
            [
              108.933441,
              34.228474
            ],
            [
              108.933438,
              34.228476
            ],
            [
              108.933435,
              34.228479
            ],
            [
              108.933432,
              34.228481
            ],
            [
              108.93343,
              34.228483
            ],
            [
              108.933427,
              34.228486
            ],
            [
              108.933424,
              34.228488
            ],
            [
              108.933421,
              34.22849
            ],
            [
              108.933419,
              34.228492
            ],
            [
              108.933416,
              34.228494
            ],
            [
              108.933413,
              34.228496
            ],
            [
              108.933411,
              34.228498
            ],
            [
              108.933408,
              34.2285
            ],
            [
              108.933405,
              34.228501
            ],
            [
              108.933403,
              34.228503
            ],
            [
              108.9334,
              34.228505
            ],
            [
              108.933397,
              34.228507
            ],
            [
              108.933395,
              34.228508
            ],
            [
              108.933392,
              34.22851
            ],
            [
              108.933389,
              34.228512
            ],
            [
              108.933408,
              34.228518
            ],
            [
              108.933426,
              34.228524
            ],
            [
              108.933443,
              34.228531
            ],
            [
              108.93346,
              34.228537
            ],
            [
              108.933477,
              34.228544
            ],
            [
              108.933493,
              34.228551
            ],
            [
              108.933509,
              34.228558
            ],
            [
              108.933525,
              34.228565
            ],
            [
              108.93354,
              34.228572
            ],
            [
              108.933555,
              34.22858
            ],
            [
              108.93357,
              34.228588
            ],
            [
              108.933584,
              34.228595
            ],
            [
              108.933598,
              34.228603
            ],
            [
              108.933611,
              34.228611
            ],
            [
              108.933624,
              34.22862
            ],
            [
              108.933637,
              34.228628
            ],
            [
              108.933649,
              34.228637
            ],
            [
              108.933662,
              34.228645
            ],
            [
              108.933674,
              34.228654
            ],
            [
              108.933685,
              34.228663
            ],
            [
              108.933697,
              34.228672
            ],
            [
              108.933708,
              34.228681
            ],
            [
              108.933719,
              34.22869
            ],
            [
              108.933729,
              34.228699
            ],
            [
              108.933739,
              34.228708
            ],
            [
              108.933749,
              34.228717
            ],
            [
              108.933759,
              34.228727
            ],
            [
              108.933768,
              34.228737
            ],
            [
              108.933777,
              34.228746
            ],
            [
              108.933786,
              34.228756
            ],
            [
              108.933794,
              34.228766
            ],
            [
              108.933802,
              34.228776
            ],
            [
              108.93381,
              34.228786
            ],
            [
              108.933818,
              34.228796
            ],
            [
              108.933825,
              34.228806
            ],
            [
              108.933833,
              34.228816
            ],
            [
              108.93384,
              34.228827
            ],
            [
              108.933846,
              34.228837
            ],
            [
              108.933853,
              34.228847
            ],
            [
              108.933859,
              34.228858
            ],
            [
              108.933865,
              34.228868
            ],
            [
              108.933871,
              34.228878
            ],
            [
              108.933877,
              34.228889
            ],
            [
              108.933882,
              34.228899
            ],
            [
              108.933887,
              34.22891
            ],
            [
              108.933892,
              34.228921
            ],
            [
              108.933897,
              34.228931
            ],
            [
              108.933901,
              34.228942
            ],
            [
              108.933905,
              34.228953
            ],
            [
              108.93391,
              34.228963
            ],
            [
              108.933913,
              34.228974
            ],
            [
              108.933917,
              34.228985
            ],
            [
              108.933921,
              34.228995
            ],
            [
              108.933924,
              34.229006
            ],
            [
              108.933928,
              34.229017
            ],
            [
              108.933931,
              34.229027
            ],
            [
              108.933934,
              34.229038
            ],
            [
              108.933936,
              34.229049
            ],
            [
              108.933939,
              34.229059
            ],
            [
              108.933942,
              34.22907
            ],
            [
              108.933944,
              34.22908
            ],
            [
              108.933946,
              34.229091
            ],
            [
              108.933948,
              34.229102
            ],
            [
              108.93395,
              34.229112
            ],
            [
              108.933951,
              34.229123
            ],
            [
              108.933953,
              34.229133
            ],
            [
              108.933955,
              34.229144
            ],
            [
              108.933956,
              34.229154
            ],
            [
              108.933957,
              34.229165
            ],
            [
              108.933959,
              34.229175
            ],
            [
              108.93396,
              34.229185
            ],
            [
              108.933961,
              34.229196
            ],
            [
              108.933962,
              34.229206
            ],
            [
              108.933963,
              34.229216
            ],
            [
              108.933964,
              34.229226
            ],
            [
              108.933964,
              34.229236
            ],
            [
              108.933965,
              34.229246
            ],
            [
              108.933966,
              34.229255
            ],
            [
              108.933966,
              34.229265
            ],
            [
              108.933966,
              34.229275
            ],
            [
              108.933967,
              34.229284
            ],
            [
              108.933967,
              34.229294
            ],
            [
              108.933968,
              34.229303
            ],
            [
              108.933968,
              34.229313
            ],
            [
              108.933969,
              34.229322
            ],
            [
              108.933969,
              34.229331
            ],
            [
              108.933969,
              34.22934
            ],
            [
              108.93397,
              34.229349
            ],
            [
              108.93397,
              34.229357
            ],
            [
              108.93397,
              34.229366
            ],
            [
              108.93397,
              34.229374
            ],
            [
              108.93397,
              34.229383
            ],
            [
              108.93397,
              34.229391
            ],
            [
              108.933971,
              34.229399
            ],
            [
              108.933971,
              34.229407
            ],
            [
              108.933971,
              34.229415
            ],
            [
              108.933761,
              34.224206
            ],
            [
              108.934232,
              34.224206
            ],
            [
              108.934232,
              34.224137
            ],
            [
              108.933761,
              34.224137
            ],
            [
              108.933761,
              34.224206
            ],
            [
              108.934295,
              34.224277
            ],
            [
              108.934645,
              34.224277
            ],
            [
              108.934645,
              34.224206
            ],
            [
              108.934295,
              34.224206
            ],
            [
              108.934295,
              34.224277
            ],
            [
              108.934282,
              34.223994
            ],
            [
              108.934665,
              34.223994
            ],
            [
              108.934665,
              34.223922
            ],
            [
              108.934282,
              34.223922
            ],
            [
              108.934282,
              34.223994
            ],
            [
              108.933733,
              34.223996
            ],
            [
              108.934257,
              34.223996
            ],
            [
              108.934257,
              34.223925
            ],
            [
              108.933733,
              34.223925
            ],
            [
              108.933733,
              34.223996
            ],
            [
              108.933946,
              34.224339
            ],
            [
              108.934044,
              34.224339
            ],
            [
              108.934044,
              34.223955
            ],
            [
              108.933946,
              34.223955
            ],
            [
              108.933946,
              34.224339
            ],
            [
              108.933741,
              34.223773
            ],
            [
              108.934247,
              34.223773
            ],
            [
              108.934247,
              34.223703
            ],
            [
              108.933741,
              34.223703
            ],
            [
              108.933741,
              34.223773
            ],
            [
              108.933944,
              34.223903
            ],
            [
              108.934044,
              34.223903
            ],
            [
              108.934044,
              34.223515
            ],
            [
              108.933944,
              34.2235
            ],
            [
              108.933944,
              34.223903
            ],
            [
              108.933702,
              34.223517
            ],
            [
              108.933712,
              34.223518
            ],
            [
              108.933721,
              34.223519
            ],
            [
              108.933731,
              34.223519
            ],
            [
              108.93374,
              34.22352
            ],
            [
              108.93375,
              34.223521
            ],
            [
              108.93376,
              34.223522
            ],
            [
              108.933771,
              34.223523
            ],
            [
              108.933781,
              34.223524
            ],
            [
              108.933792,
              34.223524
            ],
            [
              108.933803,
              34.223525
            ],
            [
              108.933813,
              34.223526
            ],
            [
              108.933825,
              34.223527
            ],
            [
              108.933836,
              34.223528
            ],
            [
              108.933847,
              34.223529
            ],
            [
              108.933859,
              34.22353
            ],
            [
              108.933871,
              34.223531
            ],
            [
              108.933882,
              34.223532
            ],
            [
              108.933894,
              34.223533
            ],
            [
              108.933906,
              34.223534
            ],
            [
              108.933919,
              34.223535
            ],
            [
              108.933931,
              34.223536
            ],
            [
              108.933943,
              34.223537
            ],
            [
              108.933955,
              34.223538
            ],
            [
              108.933968,
              34.223539
            ],
            [
              108.93398,
              34.223541
            ],
            [
              108.933993,
              34.223542
            ],
            [
              108.934006,
              34.223543
            ],
            [
              108.934019,
              34.223544
            ],
            [
              108.934032,
              34.223545
            ],
            [
              108.934045,
              34.223546
            ],
            [
              108.934058,
              34.223547
            ],
            [
              108.934071,
              34.223549
            ],
            [
              108.934084,
              34.22355
            ],
            [
              108.934097,
              34.223551
            ],
            [
              108.93411,
              34.223553
            ],
            [
              108.934124,
              34.223554
            ],
            [
              108.934137,
              34.223555
            ],
            [
              108.93415,
              34.223556
            ],
            [
              108.934163,
              34.223558
            ],
            [
              108.934176,
              34.223559
            ],
            [
              108.93419,
              34.22356
            ],
            [
              108.934203,
              34.223561
            ],
            [
              108.934216,
              34.223563
            ],
            [
              108.934229,
              34.223564
            ],
            [
              108.934243,
              34.223565
            ],
            [
              108.934256,
              34.223566
            ],
            [
              108.934269,
              34.223567
            ],
            [
              108.934282,
              34.223569
            ],
            [
              108.934285,
              34.223499
            ],
            [
              108.934266,
              34.223497
            ],
            [
              108.934247,
              34.223495
            ],
            [
              108.934228,
              34.223493
            ],
            [
              108.934209,
              34.223492
            ],
            [
              108.93419,
              34.22349
            ],
            [
              108.93417,
              34.223488
            ],
            [
              108.934151,
              34.223486
            ],
            [
              108.934132,
              34.223484
            ],
            [
              108.934113,
              34.223482
            ],
            [
              108.934094,
              34.22348
            ],
            [
              108.934075,
              34.223479
            ],
            [
              108.934056,
              34.223477
            ],
            [
              108.934037,
              34.223475
            ],
            [
              108.934018,
              34.223473
            ],
            [
              108.933999,
              34.223471
            ],
            [
              108.93398,
              34.223469
            ],
            [
              108.933962,
              34.223468
            ],
            [
              108.933943,
              34.223466
            ],
            [
              108.933925,
              34.223464
            ],
            [
              108.933907,
              34.223462
            ],
            [
              108.93389,
              34.22346
            ],
            [
              108.933873,
              34.223459
            ],
            [
              108.933856,
              34.223457
            ],
            [
              108.933839,
              34.223455
            ],
            [
              108.933822,
              34.223454
            ],
            [
              108.933806,
              34.223452
            ],
            [
              108.93379,
              34.223451
            ],
            [
              108.933775,
              34.223449
            ],
            [
              108.933759,
              34.223447
            ],
            [
              108.933744,
              34.223446
            ],
            [
              108.933729,
              34.223444
            ],
            [
              108.933715,
              34.223443
            ],
            [
              108.933702,
              34.223517
            ],
            [
              108.934431,
              34.223964
            ],
            [
              108.934534,
              34.223964
            ],
            [
              108.934534,
              34.223464
            ],
            [
              108.934534,
              34.22346
            ],
            [
              108.934534,
              34.223456
            ],
            [
              108.934533,
              34.223452
            ],
            [
              108.934533,
              34.223448
            ],
            [
              108.934533,
              34.223444
            ],
            [
              108.934532,
              34.22344
            ],
            [
              108.934532,
              34.223437
            ],
            [
              108.934531,
              34.223433
            ],
            [
              108.93453,
              34.22343
            ],
            [
              108.93453,
              34.223427
            ],
            [
              108.934529,
              34.223424
            ],
            [
              108.934528,
              34.223421
            ],
            [
              108.934527,
              34.223418
            ],
            [
              108.934525,
              34.223415
            ],
            [
              108.934524,
              34.223413
            ],
            [
              108.934523,
              34.22341
            ],
            [
              108.934521,
              34.223408
            ],
            [
              108.93452,
              34.223406
            ],
            [
              108.934518,
              34.223403
            ],
            [
              108.934517,
              34.223401
            ],
            [
              108.934515,
              34.223399
            ],
            [
              108.934512,
              34.223397
            ],
            [
              108.93451,
              34.223395
            ],
            [
              108.934508,
              34.223394
            ],
            [
              108.934505,
              34.223392
            ],
            [
              108.934502,
              34.22339
            ],
            [
              108.934499,
              34.223389
            ],
            [
              108.934496,
              34.223387
            ],
            [
              108.934492,
              34.223386
            ],
            [
              108.934489,
              34.223384
            ],
            [
              108.934485,
              34.223383
            ],
            [
              108.934481,
              34.223382
            ],
            [
              108.934477,
              34.223381
            ],
            [
              108.934473,
              34.223379
            ],
            [
              108.934469,
              34.223378
            ],
            [
              108.934464,
              34.223377
            ],
            [
              108.93446,
              34.223376
            ],
            [
              108.934455,
              34.223376
            ],
            [
              108.93445,
              34.223375
            ],
            [
              108.934445,
              34.223374
            ],
            [
              108.93444,
              34.223373
            ],
            [
              108.934435,
              34.223373
            ],
            [
              108.934429,
              34.223372
            ],
            [
              108.934423,
              34.223372
            ],
            [
              108.934418,
              34.223371
            ],
            [
              108.934412,
              34.223371
            ],
            [
              108.934405,
              34.22337
            ],
            [
              108.934399,
              34.22337
            ],
            [
              108.934392,
              34.22337
            ],
            [
              108.934386,
              34.223369
            ],
            [
              108.934379,
              34.223369
            ],
            [
              108.934372,
              34.223369
            ],
            [
              108.934364,
              34.223368
            ],
            [
              108.934357,
              34.223368
            ],
            [
              108.934349,
              34.223368
            ],
            [
              108.934342,
              34.223368
            ],
            [
              108.934334,
              34.223367
            ],
            [
              108.934325,
              34.223367
            ],
            [
              108.934317,
              34.223367
            ],
            [
              108.934309,
              34.223367
            ],
            [
              108.9343,
              34.223367
            ],
            [
              108.934291,
              34.223367
            ],
            [
              108.934282,
              34.223367
            ],
            [
              108.934272,
              34.223367
            ],
            [
              108.934272,
              34.223369
            ],
            [
              108.934272,
              34.223371
            ],
            [
              108.934271,
              34.223373
            ],
            [
              108.934271,
              34.223376
            ],
            [
              108.93427,
              34.223378
            ],
            [
              108.934269,
              34.22338
            ],
            [
              108.934269,
              34.223383
            ],
            [
              108.934268,
              34.223385
            ],
            [
              108.934267,
              34.223388
            ],
            [
              108.934266,
              34.22339
            ],
            [
              108.934265,
              34.223393
            ],
            [
              108.934264,
              34.223396
            ],
            [
              108.934263,
              34.223399
            ],
            [
              108.934262,
              34.223401
            ],
            [
              108.934261,
              34.223404
            ],
            [
              108.93426,
              34.223407
            ],
            [
              108.934259,
              34.22341
            ],
            [
              108.934258,
              34.223412
            ],
            [
              108.934257,
              34.223415
            ],
            [
              108.934256,
              34.223418
            ],
            [
              108.934254,
              34.22342
            ],
            [
              108.934253,
              34.223423
            ],
            [
              108.934252,
              34.223425
            ],
            [
              108.934251,
              34.223428
            ],
            [
              108.93425,
              34.22343
            ],
            [
              108.934248,
              34.223433
            ],
            [
              108.934247,
              34.223435
            ],
            [
              108.934246,
              34.223437
            ],
            [
              108.934245,
              34.22344
            ],
            [
              108.934243,
              34.223442
            ],
            [
              108.934242,
              34.223444
            ],
            [
              108.93424,
              34.223446
            ],
            [
              108.934248,
              34.223446
            ],
            [
              108.934255,
              34.223446
            ],
            [
              108.934262,
              34.223446
            ],
            [
              108.934269,
              34.223446
            ],
            [
              108.934276,
              34.223446
            ],
            [
              108.934282,
              34.223445
            ],
            [
              108.934289,
              34.223445
            ],
            [
              108.934295,
              34.223445
            ],
            [
              108.934302,
              34.223445
            ],
            [
              108.934308,
              34.223445
            ],
            [
              108.934314,
              34.223445
            ],
            [
              108.93432,
              34.223445
            ],
            [
              108.934326,
              34.223445
            ],
            [
              108.934332,
              34.223445
            ],
            [
              108.934338,
              34.223445
            ],
            [
              108.934343,
              34.223445
            ],
            [
              108.934349,
              34.223445
            ],
            [
              108.934354,
              34.223445
            ],
            [
              108.934359,
              34.223445
            ],
            [
              108.934364,
              34.223445
            ],
            [
              108.934369,
              34.223445
            ],
            [
              108.934373,
              34.223445
            ],
            [
              108.934378,
              34.223445
            ],
            [
              108.934382,
              34.223445
            ],
            [
              108.934385,
              34.223445
            ],
            [
              108.934389,
              34.223445
            ],
            [
              108.934392,
              34.223445
            ],
            [
              108.934395,
              34.223445
            ],
            [
              108.934398,
              34.223445
            ],
            [
              108.9344,
              34.223445
            ],
            [
              108.934403,
              34.223445
            ],
            [
              108.934405,
              34.223445
            ],
            [
              108.934407,
              34.223445
            ],
            [
              108.934409,
              34.223445
            ],
            [
              108.93441,
              34.223446
            ],
            [
              108.934412,
              34.223446
            ],
            [
              108.934414,
              34.223446
            ],
            [
              108.934415,
              34.223446
            ],
            [
              108.934417,
              34.223447
            ],
            [
              108.934418,
              34.223447
            ],
            [
              108.934419,
              34.223447
            ],
            [
              108.934421,
              34.223448
            ],
            [
              108.934422,
              34.223448
            ],
            [
              108.934423,
              34.223448
            ],
            [
              108.934423,
              34.223449
            ],
            [
              108.934424,
              34.223449
            ],
            [
              108.934425,
              34.22345
            ],
            [
              108.934425,
              34.22345
            ],
            [
              108.934426,
              34.223451
            ],
            [
              108.934427,
              34.223451
            ],
            [
              108.934427,
              34.223452
            ],
            [
              108.934428,
              34.223453
            ],
            [
              108.934428,
              34.223453
            ],
            [
              108.934429,
              34.223454
            ],
            [
              108.934429,
              34.223455
            ],
            [
              108.93443,
              34.223456
            ],
            [
              108.93443,
              34.223457
            ],
            [
              108.93443,
              34.223458
            ],
            [
              108.93443,
              34.223459
            ],
            [
              108.934431,
              34.22346
            ],
            [
              108.934431,
              34.223461
            ],
            [
              108.934431,
              34.223462
            ],
            [
              108.934431,
              34.223463
            ],
            [
              108.934431,
              34.223464
            ],
            [
              108.934431,
              34.223964
            ],
            [
              108.93362,
              34.224339
            ],
            [
              108.933716,
              34.224313
            ],
            [
              108.933712,
              34.224307
            ],
            [
              108.933708,
              34.224302
            ],
            [
              108.933703,
              34.224296
            ],
            [
              108.933699,
              34.224291
            ],
            [
              108.933694,
              34.224286
            ],
            [
              108.933689,
              34.22428
            ],
            [
              108.933684,
              34.224274
            ],
            [
              108.933679,
              34.224269
            ],
            [
              108.933674,
              34.224263
            ],
            [
              108.933669,
              34.224258
            ],
            [
              108.933664,
              34.224252
            ],
            [
              108.933658,
              34.224247
            ],
            [
              108.933653,
              34.224241
            ],
            [
              108.933647,
              34.224235
            ],
            [
              108.933641,
              34.22423
            ],
            [
              108.933635,
              34.224224
            ],
            [
              108.93363,
              34.224219
            ],
            [
              108.933624,
              34.224213
            ],
            [
              108.933618,
              34.224208
            ],
            [
              108.933612,
              34.224202
            ],
            [
              108.933605,
              34.224197
            ],
            [
              108.933599,
              34.224191
            ],
            [
              108.933593,
              34.224186
            ],
            [
              108.933587,
              34.224181
            ],
            [
              108.933581,
              34.224175
            ],
            [
              108.933574,
              34.22417
            ],
            [
              108.933568,
              34.224165
            ],
            [
              108.933561,
              34.22416
            ],
            [
              108.933555,
              34.224155
            ],
            [
              108.933549,
              34.22415
            ],
            [
              108.933542,
              34.224144
            ],
            [
              108.933535,
              34.224139
            ],
            [
              108.933529,
              34.224134
            ],
            [
              108.933522,
              34.22413
            ],
            [
              108.933516,
              34.224125
            ],
            [
              108.933509,
              34.22412
            ],
            [
              108.933503,
              34.224115
            ],
            [
              108.933496,
              34.224111
            ],
            [
              108.93349,
              34.224106
            ],
            [
              108.933483,
              34.224101
            ],
            [
              108.933477,
              34.224097
            ],
            [
              108.93347,
              34.224093
            ],
            [
              108.933463,
              34.224088
            ],
            [
              108.933457,
              34.224084
            ],
            [
              108.93345,
              34.22408
            ],
            [
              108.933443,
              34.224076
            ],
            [
              108.933436,
              34.224072
            ],
            [
              108.93343,
              34.224068
            ],
            [
              108.933429,
              34.224069
            ],
            [
              108.933428,
              34.224069
            ],
            [
              108.933427,
              34.22407
            ],
            [
              108.933427,
              34.224071
            ],
            [
              108.933426,
              34.224073
            ],
            [
              108.933425,
              34.224074
            ],
            [
              108.933424,
              34.224075
            ],
            [
              108.933423,
              34.224076
            ],
            [
              108.933422,
              34.224077
            ],
            [
              108.933421,
              34.224078
            ],
            [
              108.933419,
              34.224079
            ],
            [
              108.933418,
              34.22408
            ],
            [
              108.933417,
              34.224082
            ],
            [
              108.933416,
              34.224083
            ],
            [
              108.933414,
              34.224084
            ],
            [
              108.933413,
              34.224086
            ],
            [
              108.933412,
              34.224087
            ],
            [
              108.933411,
              34.224088
            ],
            [
              108.933409,
              34.22409
            ],
            [
              108.933408,
              34.224091
            ],
            [
              108.933407,
              34.224093
            ],
            [
              108.933406,
              34.224094
            ],
            [
              108.933404,
              34.224096
            ],
            [
              108.933403,
              34.224097
            ],
            [
              108.933402,
              34.224098
            ],
            [
              108.9334,
              34.2241
            ],
            [
              108.933399,
              34.224101
            ],
            [
              108.933398,
              34.224102
            ],
            [
              108.933396,
              34.224104
            ],
            [
              108.933395,
              34.224105
            ],
            [
              108.933394,
              34.224106
            ],
            [
              108.933392,
              34.224108
            ],
            [
              108.933391,
              34.224109
            ],
            [
              108.933389,
              34.224111
            ],
            [
              108.933388,
              34.224112
            ],
            [
              108.933387,
              34.224113
            ],
            [
              108.933385,
              34.224115
            ],
            [
              108.933384,
              34.224116
            ],
            [
              108.933383,
              34.224117
            ],
            [
              108.933382,
              34.224118
            ],
            [
              108.933381,
              34.22412
            ],
            [
              108.933379,
              34.224121
            ],
            [
              108.933378,
              34.224122
            ],
            [
              108.933377,
              34.224123
            ],
            [
              108.933376,
              34.224124
            ],
            [
              108.933375,
              34.224125
            ],
            [
              108.933374,
              34.224126
            ],
            [
              108.933373,
              34.224127
            ],
            [
              108.933379,
              34.22413
            ],
            [
              108.933385,
              34.224134
            ],
            [
              108.93339,
              34.224137
            ],
            [
              108.933396,
              34.224141
            ],
            [
              108.933402,
              34.224145
            ],
            [
              108.933408,
              34.224148
            ],
            [
              108.933414,
              34.224152
            ],
            [
              108.93342,
              34.224156
            ],
            [
              108.933426,
              34.22416
            ],
            [
              108.933432,
              34.224164
            ],
            [
              108.933438,
              34.224168
            ],
            [
              108.933444,
              34.224172
            ],
            [
              108.93345,
              34.224176
            ],
            [
              108.933455,
              34.224181
            ],
            [
              108.933461,
              34.224185
            ],
            [
              108.933467,
              34.224189
            ],
            [
              108.933473,
              34.224194
            ],
            [
              108.933479,
              34.224198
            ],
            [
              108.933485,
              34.224203
            ],
            [
              108.933491,
              34.224207
            ],
            [
              108.933497,
              34.224212
            ],
            [
              108.933503,
              34.224217
            ],
            [
              108.933508,
              34.224221
            ],
            [
              108.933514,
              34.224226
            ],
            [
              108.933519,
              34.224231
            ],
            [
              108.933525,
              34.224235
            ],
            [
              108.93353,
              34.22424
            ],
            [
              108.933536,
              34.224245
            ],
            [
              108.933541,
              34.22425
            ],
            [
              108.933546,
              34.224254
            ],
            [
              108.933551,
              34.224259
            ],
            [
              108.933556,
              34.224264
            ],
            [
              108.933561,
              34.224269
            ],
            [
              108.933566,
              34.224274
            ],
            [
              108.933571,
              34.224279
            ],
            [
              108.933575,
              34.224284
            ],
            [
              108.93358,
              34.224288
            ],
            [
              108.933584,
              34.224293
            ],
            [
              108.933588,
              34.224298
            ],
            [
              108.933592,
              34.224302
            ],
            [
              108.933596,
              34.224307
            ],
            [
              108.9336,
              34.224312
            ],
            [
              108.933604,
              34.224316
            ],
            [
              108.933607,
              34.224321
            ],
            [
              108.933611,
              34.224326
            ],
            [
              108.933614,
              34.22433
            ],
            [
              108.933617,
              34.224335
            ],
            [
              108.93362,
              34.224339
            ],
            [
              108.933538,
              34.223918
            ],
            [
              108.933622,
              34.223982
            ],
            [
              108.933634,
              34.223979
            ],
            [
              108.933634,
              34.223366
            ],
            [
              108.933538,
              34.223366
            ],
            [
              108.933538,
              34.223918
            ],
            [
              108.933662,
              34.224127
            ],
            [
              108.933755,
              34.224103
            ],
            [
              108.93375,
              34.224094
            ],
            [
              108.933745,
              34.224086
            ],
            [
              108.933739,
              34.224078
            ],
            [
              108.933734,
              34.22407
            ],
            [
              108.933728,
              34.224062
            ],
            [
              108.933723,
              34.224054
            ],
            [
              108.933717,
              34.224045
            ],
            [
              108.933711,
              34.224037
            ],
            [
              108.933705,
              34.224029
            ],
            [
              108.933699,
              34.224021
            ],
            [
              108.933692,
              34.224013
            ],
            [
              108.933686,
              34.224005
            ],
            [
              108.933679,
              34.223997
            ],
            [
              108.933673,
              34.223989
            ],
            [
              108.933666,
              34.22398
            ],
            [
              108.933659,
              34.223972
            ],
            [
              108.933652,
              34.223965
            ],
            [
              108.933645,
              34.223957
            ],
            [
              108.933638,
              34.223949
            ],
            [
              108.933631,
              34.223941
            ],
            [
              108.933624,
              34.223934
            ],
            [
              108.933616,
              34.223926
            ],
            [
              108.933609,
              34.223918
            ],
            [
              108.933602,
              34.223911
            ],
            [
              108.933594,
              34.223903
            ],
            [
              108.933587,
              34.223896
            ],
            [
              108.933579,
              34.223889
            ],
            [
              108.933572,
              34.223881
            ],
            [
              108.933564,
              34.223874
            ],
            [
              108.933556,
              34.223867
            ],
            [
              108.933549,
              34.22386
            ],
            [
              108.933541,
              34.223853
            ],
            [
              108.933533,
              34.223846
            ],
            [
              108.933525,
              34.223839
            ],
            [
              108.933517,
              34.223832
            ],
            [
              108.93351,
              34.223826
            ],
            [
              108.933502,
              34.223819
            ],
            [
              108.933494,
              34.223813
            ],
            [
              108.933486,
              34.223806
            ],
            [
              108.933478,
              34.2238
            ],
            [
              108.93347,
              34.223794
            ],
            [
              108.933462,
              34.223788
            ],
            [
              108.933454,
              34.223782
            ],
            [
              108.933446,
              34.223776
            ],
            [
              108.933438,
              34.22377
            ],
            [
              108.93343,
              34.223765
            ],
            [
              108.933422,
              34.223759
            ],
            [
              108.933414,
              34.223754
            ],
            [
              108.933414,
              34.223755
            ],
            [
              108.933413,
              34.223756
            ],
            [
              108.933412,
              34.223757
            ],
            [
              108.933411,
              34.223758
            ],
            [
              108.93341,
              34.223759
            ],
            [
              108.933409,
              34.223761
            ],
            [
              108.933408,
              34.223762
            ],
            [
              108.933407,
              34.223763
            ],
            [
              108.933406,
              34.223765
            ],
            [
              108.933405,
              34.223766
            ],
            [
              108.933404,
              34.223767
            ],
            [
              108.933403,
              34.223769
            ],
            [
              108.933402,
              34.22377
            ],
            [
              108.9334,
              34.223772
            ],
            [
              108.933399,
              34.223773
            ],
            [
              108.933398,
              34.223775
            ],
            [
              108.933396,
              34.223777
            ],
            [
              108.933395,
              34.223778
            ],
            [
              108.933393,
              34.22378
            ],
            [
              108.933392,
              34.223782
            ],
            [
              108.933391,
              34.223783
            ],
            [
              108.933389,
              34.223785
            ],
            [
              108.933388,
              34.223787
            ],
            [
              108.933386,
              34.223788
            ],
            [
              108.933385,
              34.22379
            ],
            [
              108.933383,
              34.223792
            ],
            [
              108.933382,
              34.223793
            ],
            [
              108.93338,
              34.223795
            ],
            [
              108.933379,
              34.223796
            ],
            [
              108.933377,
              34.223798
            ],
            [
              108.933376,
              34.2238
            ],
            [
              108.933374,
              34.223801
            ],
            [
              108.933373,
              34.223803
            ],
            [
              108.933371,
              34.223805
            ],
            [
              108.933369,
              34.223806
            ],
            [
              108.933368,
              34.223808
            ],
            [
              108.933367,
              34.223809
            ],
            [
              108.933365,
              34.223811
            ],
            [
              108.933364,
              34.223812
            ],
            [
              108.933362,
              34.223813
            ],
            [
              108.933361,
              34.223815
            ],
            [
              108.933359,
              34.223816
            ],
            [
              108.933358,
              34.223817
            ],
            [
              108.933357,
              34.223818
            ],
            [
              108.933356,
              34.223819
            ],
            [
              108.933354,
              34.22382
            ],
            [
              108.933353,
              34.223821
            ],
            [
              108.933352,
              34.223822
            ],
            [
              108.933363,
              34.22383
            ],
            [
              108.933374,
              34.223837
            ],
            [
              108.933385,
              34.223844
            ],
            [
              108.933397,
              34.223852
            ],
            [
              108.933408,
              34.22386
            ],
            [
              108.933419,
              34.223868
            ],
            [
              108.93343,
              34.223876
            ],
            [
              108.93344,
              34.223884
            ],
            [
              108.933451,
              34.223893
            ],
            [
              108.933462,
              34.223902
            ],
            [
              108.933473,
              34.223911
            ],
            [
              108.933483,
              34.22392
            ],
            [
              108.933494,
              34.223929
            ],
            [
              108.933505,
              34.223939
            ],
            [
              108.933515,
              34.223949
            ],
            [
              108.933526,
              34.223959
            ],
            [
              108.933536,
              34.223969
            ],
            [
              108.933546,
              34.223979
            ],
            [
              108.933556,
              34.223989
            ],
            [
              108.933565,
              34.223999
            ],
            [
              108.933575,
              34.22401
            ],
            [
              108.933584,
              34.22402
            ],
            [
              108.933593,
              34.22403
            ],
            [
              108.933601,
              34.224041
            ],
            [
              108.93361,
              34.224051
            ],
            [
              108.933618,
              34.224062
            ],
            [
              108.933626,
              34.224073
            ],
            [
              108.933634,
              34.224083
            ],
            [
              108.933641,
              34.224094
            ],
            [
              108.933648,
              34.224105
            ],
            [
              108.933655,
              34.224116
            ],
            [
              108.933662,
              34.224127
            ],
            [
              108.933414,
              34.239125
            ]
          ]
        ]
      }
    },
    {
      "type": "Feature",
      "properties": {
        "layer": "道路"
      },
      "geometry": {
        "type": "Polygon",
        "coordinates": [
          [
            [
              108.976521,
              34.281596
            ],
            [
              108.977773,
              34.281596
            ],
            [
              108.977773,
              34.210569
            ],
            [
              108.976521,
              34.210569
            ],
            [
              108.976521,
              34.281596
            ]
          ]
        ]
      }
    }
  ]
}